[  838499ms] [LOG] [Fast Refresh] rebuilding @ http://localhost:3000/_next/static/chunks/node_modules_next_dist_1ybzpk2._.js:2477
[  839433ms] [LOG] [Fast Refresh] done in 1037ms @ http://localhost:3000/_next/static/chunks/node_modules_next_dist_1ybzpk2._.js:2477
[ 1016965ms] [LOG] [Fast Refresh] rebuilding @ http://localhost:3000/_next/static/chunks/node_modules_next_dist_1ybzpk2._.js:2477
[ 1018012ms] [LOG] [Fast Refresh] done in 1156ms @ http://localhost:3000/_next/static/chunks/node_modules_next_dist_1ybzpk2._.js:2477
[ 1205762ms] [LOG] [Fast Refresh] rebuilding @ http://localhost:3000/_next/static/chunks/node_modules_next_dist_1ybzpk2._.js:2477
[ 1208002ms] [LOG] [Fast Refresh] done in 2343ms @ http://localhost:3000/_next/static/chunks/node_modules_next_dist_1ybzpk2._.js:2477
[ 1208201ms] [LOG] [Fast Refresh] rebuilding @ http://localhost:3000/_next/static/chunks/node_modules_next_dist_1ybzpk2._.js:2477
[ 1208417ms] [LOG] [Fast Refresh] done in 319ms @ http://localhost:3000/_next/static/chunks/node_modules_next_dist_1ybzpk2._.js:2477
[ 1211791ms] [LOG] [Fast Refresh] rebuilding @ http://localhost:3000/_next/static/chunks/node_modules_next_dist_1ybzpk2._.js:2477
[ 1211818ms] [LOG] [Fast Refresh] done in 140ms @ http://localhost:3000/_next/static/chunks/node_modules_next_dist_1ybzpk2._.js:2477
[ 1217759ms] [LOG] [Fast Refresh] rebuilding @ http://localhost:3000/_next/static/chunks/node_modules_next_dist_1ybzpk2._.js:2477
[ 1221063ms] [LOG] [Fast Refresh] done in 3404ms @ http://localhost:3000/_next/static/chunks/node_modules_next_dist_1ybzpk2._.js:2477
[ 1221282ms] [LOG] [Fast Refresh] rebuilding @ http://localhost:3000/_next/static/chunks/node_modules_next_dist_1ybzpk2._.js:2477
[ 1221812ms] [LOG] [Fast Refresh] done in 632ms @ http://localhost:3000/_next/static/chunks/node_modules_next_dist_1ybzpk2._.js:2477
[ 1223350ms] [LOG] [Fast Refresh] rebuilding @ http://localhost:3000/_next/static/chunks/node_modules_next_dist_1ybzpk2._.js:2477
[ 1223352ms] [LOG] [Fast Refresh] done in 104ms @ http://localhost:3000/_next/static/chunks/node_modules_next_dist_1ybzpk2._.js:2477
[ 1223740ms] [LOG] [Fast Refresh] rebuilding @ http://localhost:3000/_next/static/chunks/node_modules_next_dist_1ybzpk2._.js:2477
[ 1224075ms] [LOG] [Fast Refresh] done in 437ms @ http://localhost:3000/_next/static/chunks/node_modules_next_dist_1ybzpk2._.js:2477
[ 1229557ms] [LOG] [Fast Refresh] rebuilding @ http://localhost:3000/_next/static/chunks/node_modules_next_dist_1ybzpk2._.js:2477
[ 1231262ms] [LOG] [Fast Refresh] done in 1805ms @ http://localhost:3000/_next/static/chunks/node_modules_next_dist_1ybzpk2._.js:2477
[ 1231362ms] [LOG] [Fast Refresh] rebuilding @ http://localhost:3000/_next/static/chunks/node_modules_next_dist_1ybzpk2._.js:2477
[ 1234254ms] [LOG] [Fast Refresh] done in 2981ms @ http://localhost:3000/_next/static/chunks/node_modules_next_dist_1ybzpk2._.js:2477
[ 1234357ms] [LOG] [Fast Refresh] rebuilding @ http://localhost:3000/_next/static/chunks/node_modules_next_dist_1ybzpk2._.js:2477
[ 1234516ms] [LOG] [Fast Refresh] done in 260ms @ http://localhost:3000/_next/static/chunks/node_modules_next_dist_1ybzpk2._.js:2477
[ 1234749ms] [LOG] [Fast Refresh] rebuilding @ http://localhost:3000/_next/static/chunks/node_modules_next_dist_1ybzpk2._.js:2477
[ 1235655ms] [LOG] [Fast Refresh] done in 1011ms @ http://localhost:3000/_next/static/chunks/node_modules_next_dist_1ybzpk2._.js:2477
[ 1236014ms] [LOG] [Fast Refresh] rebuilding @ http://localhost:3000/_next/static/chunks/node_modules_next_dist_1ybzpk2._.js:2477
[ 1236070ms] [LOG] [Fast Refresh] done in 158ms @ http://localhost:3000/_next/static/chunks/node_modules_next_dist_1ybzpk2._.js:2477
[ 1481088ms] [ERROR] Framing 'http://localhost:3000/' violates the following Content Security Policy directive: "frame-ancestors 'none'". The request has been blocked.
 @ :0
[ 1982122ms] [LOG] [Fast Refresh] rebuilding @ http://localhost:3000/_next/static/chunks/node_modules_next_dist_1ybzpk2._.js:2477
[ 1982147ms] [LOG] [Fast Refresh] done in 128ms @ http://localhost:3000/_next/static/chunks/node_modules_next_dist_1ybzpk2._.js:2477
[ 1982335ms] [LOG] [Fast Refresh] rebuilding @ http://localhost:3000/_next/static/chunks/node_modules_next_dist_1ybzpk2._.js:2477
[ 1982424ms] [LOG] [Fast Refresh] done in 191ms @ http://localhost:3000/_next/static/chunks/node_modules_next_dist_1ybzpk2._.js:2477
[ 2013421ms] [LOG] [Fast Refresh] rebuilding @ http://localhost:3000/_next/static/chunks/node_modules_next_dist_1ybzpk2._.js:2477
[ 2013438ms] [LOG] [Fast Refresh] done in 118ms @ http://localhost:3000/_next/static/chunks/node_modules_next_dist_1ybzpk2._.js:2477
[ 2030761ms] [LOG] [Fast Refresh] rebuilding @ http://localhost:3000/_next/static/chunks/node_modules_next_dist_1ybzpk2._.js:2477
[ 2030798ms] [LOG] [Fast Refresh] done in 140ms @ http://localhost:3000/_next/static/chunks/node_modules_next_dist_1ybzpk2._.js:2477
[ 2073408ms] [LOG] [Fast Refresh] rebuilding @ http://localhost:3000/_next/static/chunks/node_modules_next_dist_1ybzpk2._.js:2477
[ 2073541ms] [LOG] [Fast Refresh] done in 237ms @ http://localhost:3000/_next/static/chunks/node_modules_next_dist_1ybzpk2._.js:2477
[ 2230551ms] [LOG] [Fast Refresh] rebuilding @ http://localhost:3000/_next/static/chunks/node_modules_next_dist_1ybzpk2._.js:2477
[ 2235583ms] [LOG] [Fast Refresh] done in 4962ms @ http://localhost:3000/_next/static/chunks/node_modules_next_dist_1ybzpk2._.js:2477
[ 2235734ms] [LOG] [Fast Refresh] rebuilding @ http://localhost:3000/_next/static/chunks/node_modules_next_dist_1ybzpk2._.js:2477
[ 2243138ms] [LOG] [Fast Refresh] done in 7492ms @ http://localhost:3000/_next/static/chunks/node_modules_next_dist_1ybzpk2._.js:2477
[ 2246208ms] [LOG] [Fast Refresh] rebuilding @ http://localhost:3000/_next/static/chunks/node_modules_next_dist_1ybzpk2._.js:2477
[ 2247213ms] [LOG] [Fast Refresh] done in 1108ms @ http://localhost:3000/_next/static/chunks/node_modules_next_dist_1ybzpk2._.js:2477
[ 2247892ms] [LOG] [Fast Refresh] rebuilding @ http://localhost:3000/_next/static/chunks/node_modules_next_dist_1ybzpk2._.js:2477
[ 2248297ms] [LOG] [Fast Refresh] done in 506ms @ http://localhost:3000/_next/static/chunks/node_modules_next_dist_1ybzpk2._.js:2477
[ 2248488ms] [LOG] [Fast Refresh] rebuilding @ http://localhost:3000/_next/static/chunks/node_modules_next_dist_1ybzpk2._.js:2477
[ 2248504ms] [LOG] [Fast Refresh] done in 119ms @ http://localhost:3000/_next/static/chunks/node_modules_next_dist_1ybzpk2._.js:2477
[ 2248638ms] [LOG] [Fast Refresh] rebuilding @ http://localhost:3000/_next/static/chunks/node_modules_next_dist_1ybzpk2._.js:2477
[ 2248659ms] [LOG] [Fast Refresh] done in 122ms @ http://localhost:3000/_next/static/chunks/node_modules_next_dist_1ybzpk2._.js:2477
[ 2248696ms] [ERROR] Framing 'blob:http://localhost:3000/a92189c6-7ee4-4ad7-98be-5f1e12d33cb4' violates the following Content Security Policy directive: "frame-src 'self' https://*.firebaseapp.com https://accounts.google.com https://www.google.com https://www.youtube.com https://*.digitaloceanspaces.com https://*.cdn.digitaloceanspaces.com". The request has been blocked.
 @ http://localhost:3000/_next/static/chunks/node_modules_next_dist_compiled_react-dom_096_9a-._.js:7474
[ 2249376ms] [LOG] [Fast Refresh] rebuilding @ http://localhost:3000/_next/static/chunks/node_modules_next_dist_1ybzpk2._.js:2477
[ 2249502ms] [LOG] [Fast Refresh] done in 227ms @ http://localhost:3000/_next/static/chunks/node_modules_next_dist_1ybzpk2._.js:2477
[ 2249660ms] [LOG] [Fast Refresh] rebuilding @ http://localhost:3000/_next/static/chunks/node_modules_next_dist_1ybzpk2._.js:2477
[ 2249858ms] [LOG] [Fast Refresh] done in 300ms @ http://localhost:3000/_next/static/chunks/node_modules_next_dist_1ybzpk2._.js:2477
[ 2250131ms] [LOG] [Fast Refresh] rebuilding @ http://localhost:3000/_next/static/chunks/node_modules_next_dist_1ybzpk2._.js:2477
[ 2250274ms] [LOG] [Fast Refresh] done in 243ms @ http://localhost:3000/_next/static/chunks/node_modules_next_dist_1ybzpk2._.js:2477
[ 2250572ms] [LOG] [Fast Refresh] rebuilding @ http://localhost:3000/_next/static/chunks/node_modules_next_dist_1ybzpk2._.js:2477
[ 2250764ms] [LOG] [Fast Refresh] done in 292ms @ http://localhost:3000/_next/static/chunks/node_modules_next_dist_1ybzpk2._.js:2477
[ 2251195ms] [LOG] [Fast Refresh] rebuilding @ http://localhost:3000/_next/static/chunks/node_modules_next_dist_1ybzpk2._.js:2477
[ 2251385ms] [LOG] [Fast Refresh] done in 291ms @ http://localhost:3000/_next/static/chunks/node_modules_next_dist_1ybzpk2._.js:2477
[ 2251763ms] [LOG] [Fast Refresh] rebuilding @ http://localhost:3000/_next/static/chunks/node_modules_next_dist_1ybzpk2._.js:2477
[ 2251773ms] [LOG] [Fast Refresh] done in 110ms @ http://localhost:3000/_next/static/chunks/node_modules_next_dist_1ybzpk2._.js:2477
[ 2251904ms] [LOG] [Fast Refresh] rebuilding @ http://localhost:3000/_next/static/chunks/node_modules_next_dist_1ybzpk2._.js:2477
[ 2251909ms] [LOG] [Fast Refresh] done in 107ms @ http://localhost:3000/_next/static/chunks/node_modules_next_dist_1ybzpk2._.js:2477
[ 2252473ms] [LOG] [Fast Refresh] rebuilding @ http://localhost:3000/_next/static/chunks/node_modules_next_dist_1ybzpk2._.js:2477
[ 2252569ms] [LOG] [Fast Refresh] done in 198ms @ http://localhost:3000/_next/static/chunks/node_modules_next_dist_1ybzpk2._.js:2477
[ 2252734ms] [LOG] [Fast Refresh] rebuilding @ http://localhost:3000/_next/static/chunks/node_modules_next_dist_1ybzpk2._.js:2477
[ 2252926ms] [LOG] [Fast Refresh] done in 292ms @ http://localhost:3000/_next/static/chunks/node_modules_next_dist_1ybzpk2._.js:2477
[ 2253194ms] [LOG] [Fast Refresh] rebuilding @ http://localhost:3000/_next/static/chunks/node_modules_next_dist_1ybzpk2._.js:2477
[ 2253296ms] [LOG] [Fast Refresh] done in 203ms @ http://localhost:3000/_next/static/chunks/node_modules_next_dist_1ybzpk2._.js:2477
[ 2253561ms] [LOG] [Fast Refresh] rebuilding @ http://localhost:3000/_next/static/chunks/node_modules_next_dist_1ybzpk2._.js:2477
[ 2253566ms] [LOG] [Fast Refresh] done in 106ms @ http://localhost:3000/_next/static/chunks/node_modules_next_dist_1ybzpk2._.js:2477
[ 2253673ms] [LOG] [Fast Refresh] rebuilding @ http://localhost:3000/_next/static/chunks/node_modules_next_dist_1ybzpk2._.js:2477
[ 2253772ms] [LOG] [Fast Refresh] done in 202ms @ http://localhost:3000/_next/static/chunks/node_modules_next_dist_1ybzpk2._.js:2477
[ 2254135ms] [LOG] [Fast Refresh] rebuilding @ http://localhost:3000/_next/static/chunks/node_modules_next_dist_1ybzpk2._.js:2477
[ 2254204ms] [LOG] [Fast Refresh] done in 170ms @ http://localhost:3000/_next/static/chunks/node_modules_next_dist_1ybzpk2._.js:2477
[ 2254409ms] [LOG] [Fast Refresh] rebuilding @ http://localhost:3000/_next/static/chunks/node_modules_next_dist_1ybzpk2._.js:2477
[ 2254468ms] [LOG] [Fast Refresh] done in 163ms @ http://localhost:3000/_next/static/chunks/node_modules_next_dist_1ybzpk2._.js:2477
[ 2254698ms] [LOG] [Fast Refresh] rebuilding @ http://localhost:3000/_next/static/chunks/node_modules_next_dist_1ybzpk2._.js:2477
[ 2254720ms] [LOG] [Fast Refresh] done in 123ms @ http://localhost:3000/_next/static/chunks/node_modules_next_dist_1ybzpk2._.js:2477
[ 2255323ms] [LOG] [Fast Refresh] rebuilding @ http://localhost:3000/_next/static/chunks/node_modules_next_dist_1ybzpk2._.js:2477
[ 2255463ms] [LOG] [Fast Refresh] done in 243ms @ http://localhost:3000/_next/static/chunks/node_modules_next_dist_1ybzpk2._.js:2477
[ 2255630ms] [LOG] [Fast Refresh] rebuilding @ http://localhost:3000/_next/static/chunks/node_modules_next_dist_1ybzpk2._.js:2477
[ 2255637ms] [LOG] [Fast Refresh] done in 111ms @ http://localhost:3000/_next/static/chunks/node_modules_next_dist_1ybzpk2._.js:2477
[ 2255744ms] [LOG] [Fast Refresh] rebuilding @ http://localhost:3000/_next/static/chunks/node_modules_next_dist_1ybzpk2._.js:2477
[ 2255870ms] [LOG] [Fast Refresh] done in 229ms @ http://localhost:3000/_next/static/chunks/node_modules_next_dist_1ybzpk2._.js:2477
[ 2256129ms] [LOG] [Fast Refresh] rebuilding @ http://localhost:3000/_next/static/chunks/node_modules_next_dist_1ybzpk2._.js:2477
[ 2256200ms] [LOG] [Fast Refresh] done in 176ms @ http://localhost:3000/_next/static/chunks/node_modules_next_dist_1ybzpk2._.js:2477
[ 2256304ms] [LOG] [Fast Refresh] rebuilding @ http://localhost:3000/_next/static/chunks/node_modules_next_dist_1ybzpk2._.js:2477
[ 2256415ms] [LOG] [Fast Refresh] done in 214ms @ http://localhost:3000/_next/static/chunks/node_modules_next_dist_1ybzpk2._.js:2477
[ 2256713ms] [LOG] [Fast Refresh] rebuilding @ http://localhost:3000/_next/static/chunks/node_modules_next_dist_1ybzpk2._.js:2477
[ 2256761ms] [LOG] [Fast Refresh] done in 149ms @ http://localhost:3000/_next/static/chunks/node_modules_next_dist_1ybzpk2._.js:2477
[ 2256866ms] [LOG] [Fast Refresh] rebuilding @ http://localhost:3000/_next/static/chunks/node_modules_next_dist_1ybzpk2._.js:2477
[ 2257054ms] [LOG] [Fast Refresh] done in 291ms @ http://localhost:3000/_next/static/chunks/node_modules_next_dist_1ybzpk2._.js:2477
[ 2272641ms] [LOG] [Fast Refresh] rebuilding @ http://localhost:3000/_next/static/chunks/node_modules_next_dist_1ybzpk2._.js:2477
[ 2272684ms] [LOG] [Fast Refresh] done in 145ms @ http://localhost:3000/_next/static/chunks/node_modules_next_dist_1ybzpk2._.js:2477
[ 2274833ms] [LOG] [Fast Refresh] rebuilding @ http://localhost:3000/_next/static/chunks/node_modules_next_dist_1ybzpk2._.js:2477
[ 2275180ms] [LOG] [Fast Refresh] done in 450ms @ http://localhost:3000/_next/static/chunks/node_modules_next_dist_1ybzpk2._.js:2477
[ 2276860ms] [LOG] [Fast Refresh] rebuilding @ http://localhost:3000/_next/static/chunks/node_modules_next_dist_1ybzpk2._.js:2477
[ 2276940ms] [LOG] [Fast Refresh] done in 181ms @ http://localhost:3000/_next/static/chunks/node_modules_next_dist_1ybzpk2._.js:2477
[ 2278368ms] [LOG] [Fast Refresh] rebuilding @ http://localhost:3000/_next/static/chunks/node_modules_next_dist_1ybzpk2._.js:2477
[ 2278486ms] [LOG] [Fast Refresh] done in 218ms @ http://localhost:3000/_next/static/chunks/node_modules_next_dist_1ybzpk2._.js:2477
[ 2297798ms] [LOG] [HMR] connected @ http://localhost:3000/_next/static/chunks/node_modules_next_dist_1ybzpk2._.js:2477
[ 2317008ms] [INFO] %cDownload the React DevTools for a better development experience: https://react.dev/link/react-devtools font-weight:bold @ http://localhost:3000/_next/static/chunks/node_modules_next_dist_1ybzpk2._.js:2477
[ 2317138ms] [LOG] [HMR] connected @ http://localhost:3000/_next/static/chunks/node_modules_next_dist_1ybzpk2._.js:2477
[ 2317167ms] [LOG] %c%s%c [DB] Indexes ensured ✅ background: #e6e6e6;background: light-dark(rgba(0,0,0,0.1), rgba(255,255,255,0.25));color: #000000;color: light-dark(#000000, #ffffff);border-radius: 2px  Server   @ http://localhost:3000/_next/static/chunks/node_modules_next_dist_1ybzpk2._.js:2477
[ 2333823ms] [LOG] [Fast Refresh] rebuilding @ http://localhost:3000/_next/static/chunks/node_modules_next_dist_1ybzpk2._.js:2477
[ 2334021ms] [LOG] [Fast Refresh] done in 301ms @ http://localhost:3000/_next/static/chunks/node_modules_next_dist_1ybzpk2._.js:2477
[ 2344640ms] [LOG] [Fast Refresh] rebuilding @ http://localhost:3000/_next/static/chunks/node_modules_next_dist_1ybzpk2._.js:2477
[ 2345348ms] [LOG] [Fast Refresh] done in 815ms @ http://localhost:3000/_next/static/chunks/node_modules_next_dist_1ybzpk2._.js:2477
[ 2464754ms] [LOG] [Fast Refresh] rebuilding @ http://localhost:3000/_next/static/chunks/node_modules_next_dist_1ybzpk2._.js:2477
[ 2467412ms] [LOG] [Fast Refresh] done in 2743ms @ http://localhost:3000/_next/static/chunks/node_modules_next_dist_1ybzpk2._.js:2477
[ 2467735ms] [LOG] [Fast Refresh] rebuilding @ http://localhost:3000/_next/static/chunks/node_modules_next_dist_1ybzpk2._.js:2477
[ 2468686ms] [LOG] [Fast Refresh] done in 1053ms @ http://localhost:3000/_next/static/chunks/node_modules_next_dist_1ybzpk2._.js:2477
[ 2473678ms] [LOG] [Fast Refresh] rebuilding @ http://localhost:3000/_next/static/chunks/node_modules_next_dist_1ybzpk2._.js:2477
[ 2473769ms] [LOG] [Fast Refresh] done in 206ms @ http://localhost:3000/_next/static/chunks/node_modules_next_dist_1ybzpk2._.js:2477
[ 2503303ms] [LOG] [Fast Refresh] rebuilding @ http://localhost:3000/_next/static/chunks/node_modules_next_dist_1ybzpk2._.js:2477
[ 2504325ms] [LOG] [Fast Refresh] done in 1112ms @ http://localhost:3000/_next/static/chunks/node_modules_next_dist_1ybzpk2._.js:2477
[ 2504518ms] [LOG] [Fast Refresh] rebuilding @ http://localhost:3000/_next/static/chunks/node_modules_next_dist_1ybzpk2._.js:2477
[ 2504619ms] [LOG] [Fast Refresh] done in 205ms @ http://localhost:3000/_next/static/chunks/node_modules_next_dist_1ybzpk2._.js:2477
[ 2504753ms] [LOG] [Fast Refresh] rebuilding @ http://localhost:3000/_next/static/chunks/node_modules_next_dist_1ybzpk2._.js:2477
[ 2505155ms] [LOG] [Fast Refresh] done in 503ms @ http://localhost:3000/_next/static/chunks/node_modules_next_dist_1ybzpk2._.js:2477
[ 2512311ms] [LOG] [Fast Refresh] rebuilding @ http://localhost:3000/_next/static/chunks/node_modules_next_dist_1ybzpk2._.js:2477
[ 2512652ms] [LOG] [Fast Refresh] done in 443ms @ http://localhost:3000/_next/static/chunks/node_modules_next_dist_1ybzpk2._.js:2477
[ 2514258ms] [LOG] [Fast Refresh] rebuilding @ http://localhost:3000/_next/static/chunks/node_modules_next_dist_1ybzpk2._.js:2477
[ 2514384ms] [LOG] [Fast Refresh] done in 230ms @ http://localhost:3000/_next/static/chunks/node_modules_next_dist_1ybzpk2._.js:2477
[ 2559338ms] [LOG] [Fast Refresh] rebuilding @ http://localhost:3000/_next/static/chunks/node_modules_next_dist_1ybzpk2._.js:2477
[ 2560370ms] [LOG] [Fast Refresh] done in 898ms @ http://localhost:3000/_next/static/chunks/node_modules_next_dist_1ybzpk2._.js:2477
[ 2560471ms] [LOG] [Fast Refresh] rebuilding @ http://localhost:3000/_next/static/chunks/node_modules_next_dist_1ybzpk2._.js:2477
[ 2560753ms] [LOG] [Fast Refresh] done in 383ms @ http://localhost:3000/_next/static/chunks/node_modules_next_dist_1ybzpk2._.js:2477
[ 2561041ms] [LOG] [Fast Refresh] rebuilding @ http://localhost:3000/_next/static/chunks/node_modules_next_dist_1ybzpk2._.js:2477
[ 2561090ms] [LOG] [Fast Refresh] done in 154ms @ http://localhost:3000/_next/static/chunks/node_modules_next_dist_1ybzpk2._.js:2477
[ 2565669ms] [LOG] [Fast Refresh] rebuilding @ http://localhost:3000/_next/static/chunks/node_modules_next_dist_1ybzpk2._.js:2477
[ 2565799ms] [LOG] [Fast Refresh] done in 230ms @ http://localhost:3000/_next/static/chunks/node_modules_next_dist_1ybzpk2._.js:2477
[ 2577885ms] [LOG] [Fast Refresh] rebuilding @ http://localhost:3000/_next/static/chunks/node_modules_next_dist_1ybzpk2._.js:2477
[ 2578849ms] [LOG] [Fast Refresh] done in 833ms @ http://localhost:3000/_next/static/chunks/node_modules_next_dist_1ybzpk2._.js:2477
[ 2578950ms] [LOG] [Fast Refresh] rebuilding @ http://localhost:3000/_next/static/chunks/node_modules_next_dist_1ybzpk2._.js:2477
[ 2579232ms] [LOG] [Fast Refresh] done in 382ms @ http://localhost:3000/_next/static/chunks/node_modules_next_dist_1ybzpk2._.js:2477
[ 2596319ms] [LOG] [Fast Refresh] rebuilding @ http://localhost:3000/_next/static/chunks/node_modules_next_dist_1ybzpk2._.js:2477
[ 2596362ms] [LOG] [Fast Refresh] done in 148ms @ http://localhost:3000/_next/static/chunks/node_modules_next_dist_1ybzpk2._.js:2477
[ 2651639ms] [LOG] [Fast Refresh] rebuilding @ http://localhost:3000/_next/static/chunks/node_modules_next_dist_1ybzpk2._.js:2477
[ 2653752ms] [LOG] [Fast Refresh] done in 1984ms @ http://localhost:3000/_next/static/chunks/node_modules_next_dist_1ybzpk2._.js:2477
[ 2653867ms] [LOG] [Fast Refresh] rebuilding @ http://localhost:3000/_next/static/chunks/node_modules_next_dist_1ybzpk2._.js:2477
[ 2654195ms] [LOG] [Fast Refresh] done in 432ms @ http://localhost:3000/_next/static/chunks/node_modules_next_dist_1ybzpk2._.js:2477
[ 2657084ms] [LOG] [Fast Refresh] rebuilding @ http://localhost:3000/_next/static/chunks/node_modules_next_dist_1ybzpk2._.js:2477
[ 2657202ms] [LOG] [Fast Refresh] done in 220ms @ http://localhost:3000/_next/static/chunks/node_modules_next_dist_1ybzpk2._.js:2477
[ 2658159ms] [LOG] [Fast Refresh] rebuilding @ http://localhost:3000/_next/static/chunks/node_modules_next_dist_1ybzpk2._.js:2477
[ 2660792ms] [LOG] [Fast Refresh] done in 2505ms @ http://localhost:3000/_next/static/chunks/node_modules_next_dist_1ybzpk2._.js:2477
[ 2660897ms] [LOG] [Fast Refresh] rebuilding @ http://localhost:3000/_next/static/chunks/node_modules_next_dist_1ybzpk2._.js:2477
[ 2661219ms] [LOG] [Fast Refresh] done in 424ms @ http://localhost:3000/_next/static/chunks/node_modules_next_dist_1ybzpk2._.js:2477
[ 2670155ms] [LOG] [Fast Refresh] rebuilding @ http://localhost:3000/_next/static/chunks/node_modules_next_dist_1ybzpk2._.js:2477
[ 2671141ms] [LOG] [Fast Refresh] done in 899ms @ http://localhost:3000/_next/static/chunks/node_modules_next_dist_1ybzpk2._.js:2477
[ 2671246ms] [LOG] [Fast Refresh] rebuilding @ http://localhost:3000/_next/static/chunks/node_modules_next_dist_1ybzpk2._.js:2477
[ 2671437ms] [LOG] [Fast Refresh] done in 292ms @ http://localhost:3000/_next/static/chunks/node_modules_next_dist_1ybzpk2._.js:2477
[ 2676426ms] [LOG] [Fast Refresh] rebuilding @ http://localhost:3000/_next/static/chunks/node_modules_next_dist_1ybzpk2._.js:2477
[ 2677371ms] [LOG] [Fast Refresh] done in 870ms @ http://localhost:3000/_next/static/chunks/node_modules_next_dist_1ybzpk2._.js:2477
[ 2677479ms] [LOG] [Fast Refresh] rebuilding @ http://localhost:3000/_next/static/chunks/node_modules_next_dist_1ybzpk2._.js:2477
[ 2677724ms] [LOG] [Fast Refresh] done in 352ms @ http://localhost:3000/_next/static/chunks/node_modules_next_dist_1ybzpk2._.js:2477
[ 2686284ms] [LOG] [Fast Refresh] rebuilding @ http://localhost:3000/_next/static/chunks/node_modules_next_dist_1ybzpk2._.js:2477
[ 2686400ms] [LOG] [Fast Refresh] done in 220ms @ http://localhost:3000/_next/static/chunks/node_modules_next_dist_1ybzpk2._.js:2477
[ 2695615ms] [LOG] [Fast Refresh] rebuilding @ http://localhost:3000/_next/static/chunks/node_modules_next_dist_1ybzpk2._.js:2477
[ 2696720ms] [LOG] [Fast Refresh] done in 995ms @ http://localhost:3000/_next/static/chunks/node_modules_next_dist_1ybzpk2._.js:2477
[ 2696825ms] [LOG] [Fast Refresh] rebuilding @ http://localhost:3000/_next/static/chunks/node_modules_next_dist_1ybzpk2._.js:2477
[ 2697175ms] [LOG] [Fast Refresh] done in 453ms @ http://localhost:3000/_next/static/chunks/node_modules_next_dist_1ybzpk2._.js:2477
[ 2718000ms] [LOG] [Fast Refresh] rebuilding @ http://localhost:3000/_next/static/chunks/node_modules_next_dist_1ybzpk2._.js:2477
[ 2718035ms] [LOG] [Fast Refresh] done in 139ms @ http://localhost:3000/_next/static/chunks/node_modules_next_dist_1ybzpk2._.js:2477
[ 2774111ms] [LOG] [Fast Refresh] rebuilding @ http://localhost:3000/_next/static/chunks/node_modules_next_dist_1ybzpk2._.js:2477
[ 2776509ms] [LOG] [Fast Refresh] done in 2289ms @ http://localhost:3000/_next/static/chunks/node_modules_next_dist_1ybzpk2._.js:2477
[ 2776611ms] [LOG] [Fast Refresh] rebuilding @ http://localhost:3000/_next/static/chunks/node_modules_next_dist_1ybzpk2._.js:2477
[ 2777494ms] [LOG] [Fast Refresh] done in 984ms @ http://localhost:3000/_next/static/chunks/node_modules_next_dist_1ybzpk2._.js:2477
[ 2778803ms] [LOG] [Fast Refresh] rebuilding @ http://localhost:3000/_next/static/chunks/node_modules_next_dist_1ybzpk2._.js:2477
[ 2778887ms] [LOG] [Fast Refresh] done in 184ms @ http://localhost:3000/_next/static/chunks/node_modules_next_dist_1ybzpk2._.js:2477
[ 2789186ms] [LOG] [Fast Refresh] rebuilding @ http://localhost:3000/_next/static/chunks/node_modules_next_dist_1ybzpk2._.js:2477
[ 2790328ms] [LOG] [Fast Refresh] done in 1063ms @ http://localhost:3000/_next/static/chunks/node_modules_next_dist_1ybzpk2._.js:2477
[ 2790432ms] [LOG] [Fast Refresh] rebuilding @ http://localhost:3000/_next/static/chunks/node_modules_next_dist_1ybzpk2._.js:2477
[ 2790860ms] [LOG] [Fast Refresh] done in 530ms @ http://localhost:3000/_next/static/chunks/node_modules_next_dist_1ybzpk2._.js:2477
[ 2794290ms] [LOG] [Fast Refresh] rebuilding @ http://localhost:3000/_next/static/chunks/node_modules_next_dist_1ybzpk2._.js:2477
[ 2794579ms] [LOG] [Fast Refresh] done in 390ms @ http://localhost:3000/_next/static/chunks/node_modules_next_dist_1ybzpk2._.js:2477
[ 2802974ms] [LOG] [Fast Refresh] rebuilding @ http://localhost:3000/_next/static/chunks/node_modules_next_dist_1ybzpk2._.js:2477
[ 2804848ms] [LOG] [Fast Refresh] done in 1748ms @ http://localhost:3000/_next/static/chunks/node_modules_next_dist_1ybzpk2._.js:2477
[ 2804961ms] [LOG] [Fast Refresh] rebuilding @ http://localhost:3000/_next/static/chunks/node_modules_next_dist_1ybzpk2._.js:2477
[ 2805217ms] [LOG] [Fast Refresh] done in 359ms @ http://localhost:3000/_next/static/chunks/node_modules_next_dist_1ybzpk2._.js:2477
[ 2807007ms] [LOG] [Fast Refresh] rebuilding @ http://localhost:3000/_next/static/chunks/node_modules_next_dist_1ybzpk2._.js:2477
[ 2807274ms] [LOG] [Fast Refresh] done in 371ms @ http://localhost:3000/_next/static/chunks/node_modules_next_dist_1ybzpk2._.js:2477
[ 2819273ms] [LOG] [Fast Refresh] rebuilding @ http://localhost:3000/_next/static/chunks/node_modules_next_dist_1ybzpk2._.js:2477
[ 2819370ms] [LOG] [Fast Refresh] done in 199ms @ http://localhost:3000/_next/static/chunks/node_modules_next_dist_1ybzpk2._.js:2477
[ 4354812ms] [LOG] [Fast Refresh] rebuilding @ http://localhost:3000/_next/static/chunks/node_modules_next_dist_1ybzpk2._.js:2477
[ 4354939ms] [LOG] [Fast Refresh] done in 228ms @ http://localhost:3000/_next/static/chunks/node_modules_next_dist_1ybzpk2._.js:2477
[ 4384748ms] [LOG] [Fast Refresh] rebuilding @ http://localhost:3000/_next/static/chunks/node_modules_next_dist_1ybzpk2._.js:2477
[ 4387363ms] [LOG] [Fast Refresh] done in 1246ms @ http://localhost:3000/_next/static/chunks/node_modules_next_dist_1ybzpk2._.js:2477
[ 4449648ms] [LOG] [Fast Refresh] rebuilding @ http://localhost:3000/_next/static/chunks/node_modules_next_dist_1ybzpk2._.js:2477
[ 4449653ms] [LOG] [Fast Refresh] done in 109ms @ http://localhost:3000/_next/static/chunks/node_modules_next_dist_1ybzpk2._.js:2477
[ 4449756ms] [LOG] [Fast Refresh] rebuilding @ http://localhost:3000/_next/static/chunks/node_modules_next_dist_1ybzpk2._.js:2477
[ 4450056ms] [LOG] [Fast Refresh] done in 403ms @ http://localhost:3000/_next/static/chunks/node_modules_next_dist_1ybzpk2._.js:2477
[ 4584029ms] [LOG] [Fast Refresh] rebuilding @ http://localhost:3000/_next/static/chunks/node_modules_next_dist_1ybzpk2._.js:2477
[ 4586078ms] [LOG] [Fast Refresh] done in 997ms @ http://localhost:3000/_next/static/chunks/node_modules_next_dist_1ybzpk2._.js:2477
[ 4592585ms] [LOG] [Fast Refresh] rebuilding @ http://localhost:3000/_next/static/chunks/node_modules_next_dist_1ybzpk2._.js:2477
[ 4592709ms] [LOG] [Fast Refresh] done in 226ms @ http://localhost:3000/_next/static/chunks/node_modules_next_dist_1ybzpk2._.js:2477
[ 4652093ms] [LOG] [Fast Refresh] rebuilding @ http://localhost:3000/_next/static/chunks/node_modules_next_dist_1ybzpk2._.js:2477
[ 4654018ms] [LOG] [Fast Refresh] done in 1886ms @ http://localhost:3000/_next/static/chunks/node_modules_next_dist_1ybzpk2._.js:2477
[ 4654164ms] [LOG] [Fast Refresh] rebuilding @ http://localhost:3000/_next/static/chunks/node_modules_next_dist_1ybzpk2._.js:2477
[ 4654865ms] [LOG] [Fast Refresh] done in 802ms @ http://localhost:3000/_next/static/chunks/node_modules_next_dist_1ybzpk2._.js:2477
[ 4656003ms] [LOG] [Fast Refresh] rebuilding @ http://localhost:3000/_next/static/chunks/node_modules_next_dist_1ybzpk2._.js:2477
[ 4656156ms] [LOG] [Fast Refresh] done in 254ms @ http://localhost:3000/_next/static/chunks/node_modules_next_dist_1ybzpk2._.js:2477
[ 4742401ms] [LOG] [Fast Refresh] rebuilding @ http://localhost:3000/_next/static/chunks/node_modules_next_dist_1ybzpk2._.js:2477
[ 4750727ms] [LOG] [Fast Refresh] done in 8190ms @ http://localhost:3000/_next/static/chunks/node_modules_next_dist_1ybzpk2._.js:2477
[ 4750843ms] [LOG] [Fast Refresh] rebuilding @ http://localhost:3000/_next/static/chunks/node_modules_next_dist_1ybzpk2._.js:2477
[ 4750932ms] [LOG] [Fast Refresh] done in 193ms @ http://localhost:3000/_next/static/chunks/node_modules_next_dist_1ybzpk2._.js:2477
[ 4751043ms] [LOG] [Fast Refresh] rebuilding @ http://localhost:3000/_next/static/chunks/node_modules_next_dist_1ybzpk2._.js:2477
[ 4752016ms] [LOG] [Fast Refresh] done in 1075ms @ http://localhost:3000/_next/static/chunks/node_modules_next_dist_1ybzpk2._.js:2477
[ 4752505ms] [LOG] [Fast Refresh] rebuilding @ http://localhost:3000/_next/static/chunks/node_modules_next_dist_1ybzpk2._.js:2477
[ 4752646ms] [LOG] [Fast Refresh] done in 242ms @ http://localhost:3000/_next/static/chunks/node_modules_next_dist_1ybzpk2._.js:2477
[ 4752748ms] [LOG] [Fast Refresh] rebuilding @ http://localhost:3000/_next/static/chunks/node_modules_next_dist_1ybzpk2._.js:2477
[ 4752816ms] [LOG] [Fast Refresh] done in 168ms @ http://localhost:3000/_next/static/chunks/node_modules_next_dist_1ybzpk2._.js:2477
[ 4753204ms] [LOG] [Fast Refresh] rebuilding @ http://localhost:3000/_next/static/chunks/node_modules_next_dist_1ybzpk2._.js:2477
[ 4753568ms] [LOG] [Fast Refresh] done in 468ms @ http://localhost:3000/_next/static/chunks/node_modules_next_dist_1ybzpk2._.js:2477
[ 4753706ms] [LOG] [Fast Refresh] rebuilding @ http://localhost:3000/_next/static/chunks/node_modules_next_dist_1ybzpk2._.js:2477
[ 4753864ms] [LOG] [Fast Refresh] done in 259ms @ http://localhost:3000/_next/static/chunks/node_modules_next_dist_1ybzpk2._.js:2477
[ 4969289ms] [LOG] [Fast Refresh] rebuilding @ http://localhost:3000/_next/static/chunks/node_modules_next_dist_1ybzpk2._.js:2477
[ 4971363ms] [LOG] [Fast Refresh] done in 1879ms @ http://localhost:3000/_next/static/chunks/node_modules_next_dist_1ybzpk2._.js:2477
[ 4971464ms] [LOG] [Fast Refresh] rebuilding @ http://localhost:3000/_next/static/chunks/node_modules_next_dist_1ybzpk2._.js:2477
[ 4971919ms] [LOG] [Fast Refresh] done in 555ms @ http://localhost:3000/_next/static/chunks/node_modules_next_dist_1ybzpk2._.js:2477
[ 4972124ms] [LOG] [Fast Refresh] rebuilding @ http://localhost:3000/_next/static/chunks/node_modules_next_dist_1ybzpk2._.js:2477
[ 4972245ms] [LOG] [Fast Refresh] done in 223ms @ http://localhost:3000/_next/static/chunks/node_modules_next_dist_1ybzpk2._.js:2477
[ 5150591ms] [LOG] [Fast Refresh] rebuilding @ http://localhost:3000/_next/static/chunks/node_modules_next_dist_1ybzpk2._.js:2477
[ 5150703ms] [LOG] [Fast Refresh] done in 224ms @ http://localhost:3000/_next/static/chunks/node_modules_next_dist_1ybzpk2._.js:2477
[ 5197465ms] [LOG] [Fast Refresh] rebuilding @ http://localhost:3000/_next/static/chunks/node_modules_next_dist_1ybzpk2._.js:2477
[ 5203374ms] [ERROR] IntlError: MISSING_MESSAGE: Could not resolve `employerCandidates.detailEmptyTitle` in messages for locale `en`.
    at getFallbackFromErrorAndNotify (http://localhost:3000/_next/static/chunks/node_modules_1xirvy7._.js:3725:23)
    at translateBaseFn (http://localhost:3000/_next/static/chunks/node_modules_1xirvy7._.js:3755:28)
    at translateFn (http://localhost:3000/_next/static/chunks/node_modules_1xirvy7._.js:3783:24)
    at CandidateDetailPanel (http://localhost:3000/_next/static/chunks/src_1cxvhk6._.js?id=%255Bproject%255D%252Fsrc%252Fcomponents%252Ffeatures%252Femployer%252Fcandidates%252FCandidateDetailPanel.tsx+%255Bapp-client%255D+%2528ecmascript%2529:79:31)
    at Object.react_stack_bottom_frame (http://localhost:3000/_next/static/chunks/node_modules_next_dist_compiled_react-dom_096_9a-._.js:15037:24)
    at renderWithHooks (http://localhost:3000/_next/static/chunks/node_modules_next_dist_compiled_react-dom_096_9a-._.js:4620:24)
    at updateFunctionComponent (http://localhost:3000/_next/static/chunks/node_modules_next_dist_compiled_react-dom_096_9a-._.js:6081:21)
    at beginWork (http://localhost:3000/_next/static/chunks/node_modules_next_dist_compiled_react-dom_096_9a-._.js:6691:24)
    at runWithFiberInDEV (http://localhost:3000/_next/static/chunks/node_modules_next_dist_compiled_react-dom_096_9a-._.js:965:74)
    at performUnitOfWork (http://localhost:3000/_next/static/chunks/node_modules_next_dist_compiled_react-dom_096_9a-._.js:9555:97)
    at workLoopSync (http://localhost:3000/_next/static/chunks/node_modules_next_dist_compiled_react-dom_096_9a-._.js:9449:40)
    at renderRootSync (http://localhost:3000/_next/static/chunks/node_modules_next_dist_compiled_react-dom_096_9a-._.js:9433:13)
    at performWorkOnRoot (http://localhost:3000/_next/static/chunks/node_modules_next_dist_compiled_react-dom_096_9a-._.js:9061:186)
    at performSyncWorkOnRoot (http://localhost:3000/_next/static/chunks/node_modules_next_dist_compiled_react-dom_096_9a-._.js:10263:9)
    at flushSyncWorkAcrossRoots_impl (http://localhost:3000/_next/static/chunks/node_modules_next_dist_compiled_react-dom_096_9a-._.js:10179:316)
    at flushSyncWork$1 (http://localhost:3000/_next/static/chunks/node_modules_next_dist_compiled_react-dom_096_9a-._.js:9230:86)
    at Object.scheduleRefresh (http://localhost:3000/_next/static/chunks/node_modules_next_dist_compiled_react-dom_096_9a-._.js:299:13)
    at http://localhost:3000/_next/static/chunks/node_modules_next_dist_compiled_1amofcm._.js:391:33
    at Set.forEach (<anonymous>)
    at Object.performReactRefresh (http://localhost:3000/_next/static/chunks/node_modules_next_dist_compiled_1amofcm._.js:384:38)
    at applyUpdate (http://localhost:3000/_next/static/chunks/node_modules_next_dist_compiled_1amofcm._.js:878:31)
    at http://localhost:3000/_next/static/chunks/node_modules_next_dist_compiled_1amofcm._.js:886:13 @ http://localhost:3000/_next/static/chunks/node_modules_next_dist_1ybzpk2._.js:3318
[ 5203594ms] [ERROR] IntlError: MISSING_MESSAGE: Could not resolve `employerCandidates.detailEmptyHint` in messages for locale `en`.
    at getFallbackFromErrorAndNotify (http://localhost:3000/_next/static/chunks/node_modules_1xirvy7._.js:3725:23)
    at translateBaseFn (http://localhost:3000/_next/static/chunks/node_modules_1xirvy7._.js:3755:28)
    at translateFn (http://localhost:3000/_next/static/chunks/node_modules_1xirvy7._.js:3783:24)
    at CandidateDetailPanel (http://localhost:3000/_next/static/chunks/src_1cxvhk6._.js?id=%255Bproject%255D%252Fsrc%252Fcomponents%252Ffeatures%252Femployer%252Fcandidates%252FCandidateDetailPanel.tsx+%255Bapp-client%255D+%2528ecmascript%2529:87:31)
    at Object.react_stack_bottom_frame (http://localhost:3000/_next/static/chunks/node_modules_next_dist_compiled_react-dom_096_9a-._.js:15037:24)
    at renderWithHooks (http://localhost:3000/_next/static/chunks/node_modules_next_dist_compiled_react-dom_096_9a-._.js:4620:24)
    at updateFunctionComponent (http://localhost:3000/_next/static/chunks/node_modules_next_dist_compiled_react-dom_096_9a-._.js:6081:21)
    at beginWork (http://localhost:3000/_next/static/chunks/node_modules_next_dist_compiled_react-dom_096_9a-._.js:6691:24)
    at runWithFiberInDEV (http://localhost:3000/_next/static/chunks/node_modules_next_dist_compiled_react-dom_096_9a-._.js:965:74)
    at performUnitOfWork (http://localhost:3000/_next/static/chunks/node_modules_next_dist_compiled_react-dom_096_9a-._.js:9555:97)
    at workLoopSync (http://localhost:3000/_next/static/chunks/node_modules_next_dist_compiled_react-dom_096_9a-._.js:9449:40)
    at renderRootSync (http://localhost:3000/_next/static/chunks/node_modules_next_dist_compiled_react-dom_096_9a-._.js:9433:13)
    at performWorkOnRoot (http://localhost:3000/_next/static/chunks/node_modules_next_dist_compiled_react-dom_096_9a-._.js:9061:186)
    at performSyncWorkOnRoot (http://localhost:3000/_next/static/chunks/node_modules_next_dist_compiled_react-dom_096_9a-._.js:10263:9)
    at flushSyncWorkAcrossRoots_impl (http://localhost:3000/_next/static/chunks/node_modules_next_dist_compiled_react-dom_096_9a-._.js:10179:316)
    at flushSyncWork$1 (http://localhost:3000/_next/static/chunks/node_modules_next_dist_compiled_react-dom_096_9a-._.js:9230:86)
    at Object.scheduleRefresh (http://localhost:3000/_next/static/chunks/node_modules_next_dist_compiled_react-dom_096_9a-._.js:299:13)
    at http://localhost:3000/_next/static/chunks/node_modules_next_dist_compiled_1amofcm._.js:391:33
    at Set.forEach (<anonymous>)
    at Object.performReactRefresh (http://localhost:3000/_next/static/chunks/node_modules_next_dist_compiled_1amofcm._.js:384:38)
    at applyUpdate (http://localhost:3000/_next/static/chunks/node_modules_next_dist_compiled_1amofcm._.js:878:31)
    at http://localhost:3000/_next/static/chunks/node_modules_next_dist_compiled_1amofcm._.js:886:13 @ http://localhost:3000/_next/static/chunks/node_modules_next_dist_1ybzpk2._.js:3318
[ 5203595ms] [ERROR] IntlError: MISSING_MESSAGE: Could not resolve `employerCandidates.detailEmptyTitle` in messages for locale `en`.
    at getFallbackFromErrorAndNotify (http://localhost:3000/_next/static/chunks/node_modules_1xirvy7._.js:3725:23)
    at translateBaseFn (http://localhost:3000/_next/static/chunks/node_modules_1xirvy7._.js:3755:28)
    at translateFn (http://localhost:3000/_next/static/chunks/node_modules_1xirvy7._.js:3783:24)
    at CandidateDetailPanel (http://localhost:3000/_next/static/chunks/src_1cxvhk6._.js?id=%255Bproject%255D%252Fsrc%252Fcomponents%252Ffeatures%252Femployer%252Fcandidates%252FCandidateDetailPanel.tsx+%255Bapp-client%255D+%2528ecmascript%2529:79:31)
    at Object.react_stack_bottom_frame (http://localhost:3000/_next/static/chunks/node_modules_next_dist_compiled_react-dom_096_9a-._.js:15037:24)
    at renderWithHooksAgain (http://localhost:3000/_next/static/chunks/node_modules_next_dist_compiled_react-dom_096_9a-._.js:4675:24)
    at renderWithHooks (http://localhost:3000/_next/static/chunks/node_modules_next_dist_compiled_react-dom_096_9a-._.js:4626:28)
    at updateFunctionComponent (http://localhost:3000/_next/static/chunks/node_modules_next_dist_compiled_react-dom_096_9a-._.js:6081:21)
    at beginWork (http://localhost:3000/_next/static/chunks/node_modules_next_dist_compiled_react-dom_096_9a-._.js:6691:24)
    at runWithFiberInDEV (http://localhost:3000/_next/static/chunks/node_modules_next_dist_compiled_react-dom_096_9a-._.js:965:74)
    at performUnitOfWork (http://localhost:3000/_next/static/chunks/node_modules_next_dist_compiled_react-dom_096_9a-._.js:9555:97)
    at workLoopSync (http://localhost:3000/_next/static/chunks/node_modules_next_dist_compiled_react-dom_096_9a-._.js:9449:40)
    at renderRootSync (http://localhost:3000/_next/static/chunks/node_modules_next_dist_compiled_react-dom_096_9a-._.js:9433:13)
    at performWorkOnRoot (http://localhost:3000/_next/static/chunks/node_modules_next_dist_compiled_react-dom_096_9a-._.js:9061:186)
    at performSyncWorkOnRoot (http://localhost:3000/_next/static/chunks/node_modules_next_dist_compiled_react-dom_096_9a-._.js:10263:9)
    at flushSyncWorkAcrossRoots_impl (http://localhost:3000/_next/static/chunks/node_modules_next_dist_compiled_react-dom_096_9a-._.js:10179:316)
    at flushSyncWork$1 (http://localhost:3000/_next/static/chunks/node_modules_next_dist_compiled_react-dom_096_9a-._.js:9230:86)
    at Object.scheduleRefresh (http://localhost:3000/_next/static/chunks/node_modules_next_dist_compiled_react-dom_096_9a-._.js:299:13)
    at http://localhost:3000/_next/static/chunks/node_modules_next_dist_compiled_1amofcm._.js:391:33
    at Set.forEach (<anonymous>)
    at Object.performReactRefresh (http://localhost:3000/_next/static/chunks/node_modules_next_dist_compiled_1amofcm._.js:384:38)
    at applyUpdate (http://localhost:3000/_next/static/chunks/node_modules_next_dist_compiled_1amofcm._.js:878:31)
    at http://localhost:3000/_next/static/chunks/node_modules_next_dist_compiled_1amofcm._.js:886:13 @ http://localhost:3000/_next/static/chunks/node_modules_next_dist_1ybzpk2._.js:3318
[ 5203595ms] [ERROR] IntlError: MISSING_MESSAGE: Could not resolve `employerCandidates.detailEmptyHint` in messages for locale `en`.
    at getFallbackFromErrorAndNotify (http://localhost:3000/_next/static/chunks/node_modules_1xirvy7._.js:3725:23)
    at translateBaseFn (http://localhost:3000/_next/static/chunks/node_modules_1xirvy7._.js:3755:28)
    at translateFn (http://localhost:3000/_next/static/chunks/node_modules_1xirvy7._.js:3783:24)
    at CandidateDetailPanel (http://localhost:3000/_next/static/chunks/src_1cxvhk6._.js?id=%255Bproject%255D%252Fsrc%252Fcomponents%252Ffeatures%252Femployer%252Fcandidates%252FCandidateDetailPanel.tsx+%255Bapp-client%255D+%2528ecmascript%2529:87:31)
    at Object.react_stack_bottom_frame (http://localhost:3000/_next/static/chunks/node_modules_next_dist_compiled_react-dom_096_9a-._.js:15037:24)
    at renderWithHooksAgain (http://localhost:3000/_next/static/chunks/node_modules_next_dist_compiled_react-dom_096_9a-._.js:4675:24)
    at renderWithHooks (http://localhost:3000/_next/static/chunks/node_modules_next_dist_compiled_react-dom_096_9a-._.js:4626:28)
    at updateFunctionComponent (http://localhost:3000/_next/static/chunks/node_modules_next_dist_compiled_react-dom_096_9a-._.js:6081:21)
    at beginWork (http://localhost:3000/_next/static/chunks/node_modules_next_dist_compiled_react-dom_096_9a-._.js:6691:24)
    at runWithFiberInDEV (http://localhost:3000/_next/static/chunks/node_modules_next_dist_compiled_react-dom_096_9a-._.js:965:74)
    at performUnitOfWork (http://localhost:3000/_next/static/chunks/node_modules_next_dist_compiled_react-dom_096_9a-._.js:9555:97)
    at workLoopSync (http://localhost:3000/_next/static/chunks/node_modules_next_dist_compiled_react-dom_096_9a-._.js:9449:40)
    at renderRootSync (http://localhost:3000/_next/static/chunks/node_modules_next_dist_compiled_react-dom_096_9a-._.js:9433:13)
    at performWorkOnRoot (http://localhost:3000/_next/static/chunks/node_modules_next_dist_compiled_react-dom_096_9a-._.js:9061:186)
    at performSyncWorkOnRoot (http://localhost:3000/_next/static/chunks/node_modules_next_dist_compiled_react-dom_096_9a-._.js:10263:9)
    at flushSyncWorkAcrossRoots_impl (http://localhost:3000/_next/static/chunks/node_modules_next_dist_compiled_react-dom_096_9a-._.js:10179:316)
    at flushSyncWork$1 (http://localhost:3000/_next/static/chunks/node_modules_next_dist_compiled_react-dom_096_9a-._.js:9230:86)
    at Object.scheduleRefresh (http://localhost:3000/_next/static/chunks/node_modules_next_dist_compiled_react-dom_096_9a-._.js:299:13)
    at http://localhost:3000/_next/static/chunks/node_modules_next_dist_compiled_1amofcm._.js:391:33
    at Set.forEach (<anonymous>)
    at Object.performReactRefresh (http://localhost:3000/_next/static/chunks/node_modules_next_dist_compiled_1amofcm._.js:384:38)
    at applyUpdate (http://localhost:3000/_next/static/chunks/node_modules_next_dist_compiled_1amofcm._.js:878:31)
    at http://localhost:3000/_next/static/chunks/node_modules_next_dist_compiled_1amofcm._.js:886:13 @ http://localhost:3000/_next/static/chunks/node_modules_next_dist_1ybzpk2._.js:3318
[ 5203713ms] [LOG] [Fast Refresh] done in 5748ms @ http://localhost:3000/_next/static/chunks/node_modules_next_dist_1ybzpk2._.js:2477
[ 5203818ms] [LOG] [Fast Refresh] rebuilding @ http://localhost:3000/_next/static/chunks/node_modules_next_dist_1ybzpk2._.js:2477
[ 5203849ms] [LOG] [Fast Refresh] done in 134ms @ http://localhost:3000/_next/static/chunks/node_modules_next_dist_1ybzpk2._.js:2477
[ 5204007ms] [LOG] [Fast Refresh] rebuilding @ http://localhost:3000/_next/static/chunks/node_modules_next_dist_1ybzpk2._.js:2477
[ 5204119ms] [LOG] [Fast Refresh] done in 213ms @ http://localhost:3000/_next/static/chunks/node_modules_next_dist_1ybzpk2._.js:2477
[ 5204257ms] [LOG] [Fast Refresh] rebuilding @ http://localhost:3000/_next/static/chunks/node_modules_next_dist_1ybzpk2._.js:2477
[ 5204512ms] [LOG] [Fast Refresh] done in 357ms @ http://localhost:3000/_next/static/chunks/node_modules_next_dist_1ybzpk2._.js:2477
[ 5204977ms] [ERROR] IntlError: MISSING_MESSAGE: Could not resolve `employerCandidates.detailEmptyTitle` in messages for locale `en`.
    at getFallbackFromErrorAndNotify (http://localhost:3000/_next/static/chunks/node_modules_1xirvy7._.js:3725:23)
    at translateBaseFn (http://localhost:3000/_next/static/chunks/node_modules_1xirvy7._.js:3755:28)
    at translateFn (http://localhost:3000/_next/static/chunks/node_modules_1xirvy7._.js:3783:24)
    at CandidateDetailPanel (http://localhost:3000/_next/static/chunks/src_1cxvhk6._.js?id=%255Bproject%255D%252Fsrc%252Fcomponents%252Ffeatures%252Femployer%252Fcandidates%252FCandidateDetailPanel.tsx+%255Bapp-client%255D+%2528ecmascript%2529:79:31)
    at Object.react_stack_bottom_frame (http://localhost:3000/_next/static/chunks/node_modules_next_dist_compiled_react-dom_096_9a-._.js:15037:24)
    at renderWithHooks (http://localhost:3000/_next/static/chunks/node_modules_next_dist_compiled_react-dom_096_9a-._.js:4620:24)
    at updateFunctionComponent (http://localhost:3000/_next/static/chunks/node_modules_next_dist_compiled_react-dom_096_9a-._.js:6081:21)
    at beginWork (http://localhost:3000/_next/static/chunks/node_modules_next_dist_compiled_react-dom_096_9a-._.js:6691:24)
    at runWithFiberInDEV (http://localhost:3000/_next/static/chunks/node_modules_next_dist_compiled_react-dom_096_9a-._.js:965:74)
    at performUnitOfWork (http://localhost:3000/_next/static/chunks/node_modules_next_dist_compiled_react-dom_096_9a-._.js:9555:97)
    at workLoopConcurrentByScheduler (http://localhost:3000/_next/static/chunks/node_modules_next_dist_compiled_react-dom_096_9a-._.js:9551:58)
    at renderRootConcurrent (http://localhost:3000/_next/static/chunks/node_modules_next_dist_compiled_react-dom_096_9a-._.js:9534:71)
    at performWorkOnRoot (http://localhost:3000/_next/static/chunks/node_modules_next_dist_compiled_react-dom_096_9a-._.js:9061:150)
    at performWorkOnRootViaSchedulerTask (http://localhost:3000/_next/static/chunks/node_modules_next_dist_compiled_react-dom_096_9a-._.js:10255:9)
    at MessagePort.performWorkUntilDeadline (http://localhost:3000/_next/static/chunks/node_modules_next_dist_compiled_1amofcm._.js:2647:64) @ http://localhost:3000/_next/static/chunks/node_modules_next_dist_1ybzpk2._.js:3318
[ 5204977ms] [ERROR] IntlError: MISSING_MESSAGE: Could not resolve `employerCandidates.detailEmptyHint` in messages for locale `en`.
    at getFallbackFromErrorAndNotify (http://localhost:3000/_next/static/chunks/node_modules_1xirvy7._.js:3725:23)
    at translateBaseFn (http://localhost:3000/_next/static/chunks/node_modules_1xirvy7._.js:3755:28)
    at translateFn (http://localhost:3000/_next/static/chunks/node_modules_1xirvy7._.js:3783:24)
    at CandidateDetailPanel (http://localhost:3000/_next/static/chunks/src_1cxvhk6._.js?id=%255Bproject%255D%252Fsrc%252Fcomponents%252Ffeatures%252Femployer%252Fcandidates%252FCandidateDetailPanel.tsx+%255Bapp-client%255D+%2528ecmascript%2529:87:31)
    at Object.react_stack_bottom_frame (http://localhost:3000/_next/static/chunks/node_modules_next_dist_compiled_react-dom_096_9a-._.js:15037:24)
    at renderWithHooks (http://localhost:3000/_next/static/chunks/node_modules_next_dist_compiled_react-dom_096_9a-._.js:4620:24)
    at updateFunctionComponent (http://localhost:3000/_next/static/chunks/node_modules_next_dist_compiled_react-dom_096_9a-._.js:6081:21)
    at beginWork (http://localhost:3000/_next/static/chunks/node_modules_next_dist_compiled_react-dom_096_9a-._.js:6691:24)
    at runWithFiberInDEV (http://localhost:3000/_next/static/chunks/node_modules_next_dist_compiled_react-dom_096_9a-._.js:965:74)
    at performUnitOfWork (http://localhost:3000/_next/static/chunks/node_modules_next_dist_compiled_react-dom_096_9a-._.js:9555:97)
    at workLoopConcurrentByScheduler (http://localhost:3000/_next/static/chunks/node_modules_next_dist_compiled_react-dom_096_9a-._.js:9551:58)
    at renderRootConcurrent (http://localhost:3000/_next/static/chunks/node_modules_next_dist_compiled_react-dom_096_9a-._.js:9534:71)
    at performWorkOnRoot (http://localhost:3000/_next/static/chunks/node_modules_next_dist_compiled_react-dom_096_9a-._.js:9061:150)
    at performWorkOnRootViaSchedulerTask (http://localhost:3000/_next/static/chunks/node_modules_next_dist_compiled_react-dom_096_9a-._.js:10255:9)
    at MessagePort.performWorkUntilDeadline (http://localhost:3000/_next/static/chunks/node_modules_next_dist_compiled_1amofcm._.js:2647:64) @ http://localhost:3000/_next/static/chunks/node_modules_next_dist_1ybzpk2._.js:3318
[ 5204978ms] [ERROR] IntlError: MISSING_MESSAGE: Could not resolve `employerCandidates.detailEmptyTitle` in messages for locale `en`.
    at getFallbackFromErrorAndNotify (http://localhost:3000/_next/static/chunks/node_modules_1xirvy7._.js:3725:23)
    at translateBaseFn (http://localhost:3000/_next/static/chunks/node_modules_1xirvy7._.js:3755:28)
    at translateFn (http://localhost:3000/_next/static/chunks/node_modules_1xirvy7._.js:3783:24)
    at CandidateDetailPanel (http://localhost:3000/_next/static/chunks/src_1cxvhk6._.js?id=%255Bproject%255D%252Fsrc%252Fcomponents%252Ffeatures%252Femployer%252Fcandidates%252FCandidateDetailPanel.tsx+%255Bapp-client%255D+%2528ecmascript%2529:79:31)
    at Object.react_stack_bottom_frame (http://localhost:3000/_next/static/chunks/node_modules_next_dist_compiled_react-dom_096_9a-._.js:15037:24)
    at renderWithHooksAgain (http://localhost:3000/_next/static/chunks/node_modules_next_dist_compiled_react-dom_096_9a-._.js:4675:24)
    at renderWithHooks (http://localhost:3000/_next/static/chunks/node_modules_next_dist_compiled_react-dom_096_9a-._.js:4626:28)
    at updateFunctionComponent (http://localhost:3000/_next/static/chunks/node_modules_next_dist_compiled_react-dom_096_9a-._.js:6081:21)
    at beginWork (http://localhost:3000/_next/static/chunks/node_modules_next_dist_compiled_react-dom_096_9a-._.js:6691:24)
    at runWithFiberInDEV (http://localhost:3000/_next/static/chunks/node_modules_next_dist_compiled_react-dom_096_9a-._.js:965:74)
    at performUnitOfWork (http://localhost:3000/_next/static/chunks/node_modules_next_dist_compiled_react-dom_096_9a-._.js:9555:97)
    at workLoopConcurrentByScheduler (http://localhost:3000/_next/static/chunks/node_modules_next_dist_compiled_react-dom_096_9a-._.js:9551:58)
    at renderRootConcurrent (http://localhost:3000/_next/static/chunks/node_modules_next_dist_compiled_react-dom_096_9a-._.js:9534:71)
    at performWorkOnRoot (http://localhost:3000/_next/static/chunks/node_modules_next_dist_compiled_react-dom_096_9a-._.js:9061:150)
    at performWorkOnRootViaSchedulerTask (http://localhost:3000/_next/static/chunks/node_modules_next_dist_compiled_react-dom_096_9a-._.js:10255:9)
    at MessagePort.performWorkUntilDeadline (http://localhost:3000/_next/static/chunks/node_modules_next_dist_compiled_1amofcm._.js:2647:64) @ http://localhost:3000/_next/static/chunks/node_modules_next_dist_1ybzpk2._.js:3318
[ 5204978ms] [ERROR] IntlError: MISSING_MESSAGE: Could not resolve `employerCandidates.detailEmptyHint` in messages for locale `en`.
    at getFallbackFromErrorAndNotify (http://localhost:3000/_next/static/chunks/node_modules_1xirvy7._.js:3725:23)
    at translateBaseFn (http://localhost:3000/_next/static/chunks/node_modules_1xirvy7._.js:3755:28)
    at translateFn (http://localhost:3000/_next/static/chunks/node_modules_1xirvy7._.js:3783:24)
    at CandidateDetailPanel (http://localhost:3000/_next/static/chunks/src_1cxvhk6._.js?id=%255Bproject%255D%252Fsrc%252Fcomponents%252Ffeatures%252Femployer%252Fcandidates%252FCandidateDetailPanel.tsx+%255Bapp-client%255D+%2528ecmascript%2529:87:31)
    at Object.react_stack_bottom_frame (http://localhost:3000/_next/static/chunks/node_modules_next_dist_compiled_react-dom_096_9a-._.js:15037:24)
    at renderWithHooksAgain (http://localhost:3000/_next/static/chunks/node_modules_next_dist_compiled_react-dom_096_9a-._.js:4675:24)
    at renderWithHooks (http://localhost:3000/_next/static/chunks/node_modules_next_dist_compiled_react-dom_096_9a-._.js:4626:28)
    at updateFunctionComponent (http://localhost:3000/_next/static/chunks/node_modules_next_dist_compiled_react-dom_096_9a-._.js:6081:21)
    at beginWork (http://localhost:3000/_next/static/chunks/node_modules_next_dist_compiled_react-dom_096_9a-._.js:6691:24)
    at runWithFiberInDEV (http://localhost:3000/_next/static/chunks/node_modules_next_dist_compiled_react-dom_096_9a-._.js:965:74)
    at performUnitOfWork (http://localhost:3000/_next/static/chunks/node_modules_next_dist_compiled_react-dom_096_9a-._.js:9555:97)
    at workLoopConcurrentByScheduler (http://localhost:3000/_next/static/chunks/node_modules_next_dist_compiled_react-dom_096_9a-._.js:9551:58)
    at renderRootConcurrent (http://localhost:3000/_next/static/chunks/node_modules_next_dist_compiled_react-dom_096_9a-._.js:9534:71)
    at performWorkOnRoot (http://localhost:3000/_next/static/chunks/node_modules_next_dist_compiled_react-dom_096_9a-._.js:9061:150)
    at performWorkOnRootViaSchedulerTask (http://localhost:3000/_next/static/chunks/node_modules_next_dist_compiled_react-dom_096_9a-._.js:10255:9)
    at MessagePort.performWorkUntilDeadline (http://localhost:3000/_next/static/chunks/node_modules_next_dist_compiled_1amofcm._.js:2647:64) @ http://localhost:3000/_next/static/chunks/node_modules_next_dist_1ybzpk2._.js:3318
[ 5244439ms] [LOG] [Fast Refresh] rebuilding @ http://localhost:3000/_next/static/chunks/node_modules_next_dist_1ybzpk2._.js:2477
[ 5246324ms] [ERROR] IntlError: MISSING_MESSAGE: Could not resolve `employerCandidates.detailEmptyTitle` in messages for locale `en`.
    at getFallbackFromErrorAndNotify (http://localhost:3000/_next/static/chunks/node_modules_1xirvy7._.js:3725:23)
    at translateBaseFn (http://localhost:3000/_next/static/chunks/node_modules_1xirvy7._.js:3755:28)
    at translateFn (http://localhost:3000/_next/static/chunks/node_modules_1xirvy7._.js:3783:24)
    at CandidateDetailPanel (http://localhost:3000/_next/static/chunks/src_1cxvhk6._.js?id=%255Bproject%255D%252Fsrc%252Fcomponents%252Ffeatures%252Femployer%252Fcandidates%252FCandidateDetailPanel.tsx+%255Bapp-client%255D+%2528ecmascript%2529:79:31)
    at Object.react_stack_bottom_frame (http://localhost:3000/_next/static/chunks/node_modules_next_dist_compiled_react-dom_096_9a-._.js:15037:24)
    at renderWithHooks (http://localhost:3000/_next/static/chunks/node_modules_next_dist_compiled_react-dom_096_9a-._.js:4620:24)
    at updateFunctionComponent (http://localhost:3000/_next/static/chunks/node_modules_next_dist_compiled_react-dom_096_9a-._.js:6081:21)
    at beginWork (http://localhost:3000/_next/static/chunks/node_modules_next_dist_compiled_react-dom_096_9a-._.js:6691:24)
    at runWithFiberInDEV (http://localhost:3000/_next/static/chunks/node_modules_next_dist_compiled_react-dom_096_9a-._.js:965:74)
    at performUnitOfWork (http://localhost:3000/_next/static/chunks/node_modules_next_dist_compiled_react-dom_096_9a-._.js:9555:97)
    at workLoopSync (http://localhost:3000/_next/static/chunks/node_modules_next_dist_compiled_react-dom_096_9a-._.js:9449:40)
    at renderRootSync (http://localhost:3000/_next/static/chunks/node_modules_next_dist_compiled_react-dom_096_9a-._.js:9433:13)
    at performWorkOnRoot (http://localhost:3000/_next/static/chunks/node_modules_next_dist_compiled_react-dom_096_9a-._.js:9061:186)
    at performSyncWorkOnRoot (http://localhost:3000/_next/static/chunks/node_modules_next_dist_compiled_react-dom_096_9a-._.js:10263:9)
    at flushSyncWorkAcrossRoots_impl (http://localhost:3000/_next/static/chunks/node_modules_next_dist_compiled_react-dom_096_9a-._.js:10179:316)
    at flushSyncWork$1 (http://localhost:3000/_next/static/chunks/node_modules_next_dist_compiled_react-dom_096_9a-._.js:9230:86)
    at Object.scheduleRefresh (http://localhost:3000/_next/static/chunks/node_modules_next_dist_compiled_react-dom_096_9a-._.js:299:13)
    at http://localhost:3000/_next/static/chunks/node_modules_next_dist_compiled_1amofcm._.js:391:33
    at Set.forEach (<anonymous>)
    at Object.performReactRefresh (http://localhost:3000/_next/static/chunks/node_modules_next_dist_compiled_1amofcm._.js:384:38)
    at applyUpdate (http://localhost:3000/_next/static/chunks/node_modules_next_dist_compiled_1amofcm._.js:878:31)
    at http://localhost:3000/_next/static/chunks/node_modules_next_dist_compiled_1amofcm._.js:886:13 @ http://localhost:3000/_next/static/chunks/node_modules_next_dist_1ybzpk2._.js:3318
[ 5246330ms] [ERROR] IntlError: MISSING_MESSAGE: Could not resolve `employerCandidates.detailEmptyHint` in messages for locale `en`.
    at getFallbackFromErrorAndNotify (http://localhost:3000/_next/static/chunks/node_modules_1xirvy7._.js:3725:23)
    at translateBaseFn (http://localhost:3000/_next/static/chunks/node_modules_1xirvy7._.js:3755:28)
    at translateFn (http://localhost:3000/_next/static/chunks/node_modules_1xirvy7._.js:3783:24)
    at CandidateDetailPanel (http://localhost:3000/_next/static/chunks/src_1cxvhk6._.js?id=%255Bproject%255D%252Fsrc%252Fcomponents%252Ffeatures%252Femployer%252Fcandidates%252FCandidateDetailPanel.tsx+%255Bapp-client%255D+%2528ecmascript%2529:87:31)
    at Object.react_stack_bottom_frame (http://localhost:3000/_next/static/chunks/node_modules_next_dist_compiled_react-dom_096_9a-._.js:15037:24)
    at renderWithHooks (http://localhost:3000/_next/static/chunks/node_modules_next_dist_compiled_react-dom_096_9a-._.js:4620:24)
    at updateFunctionComponent (http://localhost:3000/_next/static/chunks/node_modules_next_dist_compiled_react-dom_096_9a-._.js:6081:21)
    at beginWork (http://localhost:3000/_next/static/chunks/node_modules_next_dist_compiled_react-dom_096_9a-._.js:6691:24)
    at runWithFiberInDEV (http://localhost:3000/_next/static/chunks/node_modules_next_dist_compiled_react-dom_096_9a-._.js:965:74)
    at performUnitOfWork (http://localhost:3000/_next/static/chunks/node_modules_next_dist_compiled_react-dom_096_9a-._.js:9555:97)
    at workLoopSync (http://localhost:3000/_next/static/chunks/node_modules_next_dist_compiled_react-dom_096_9a-._.js:9449:40)
    at renderRootSync (http://localhost:3000/_next/static/chunks/node_modules_next_dist_compiled_react-dom_096_9a-._.js:9433:13)
    at performWorkOnRoot (http://localhost:3000/_next/static/chunks/node_modules_next_dist_compiled_react-dom_096_9a-._.js:9061:186)
    at performSyncWorkOnRoot (http://localhost:3000/_next/static/chunks/node_modules_next_dist_compiled_react-dom_096_9a-._.js:10263:9)
    at flushSyncWorkAcrossRoots_impl (http://localhost:3000/_next/static/chunks/node_modules_next_dist_compiled_react-dom_096_9a-._.js:10179:316)
    at flushSyncWork$1 (http://localhost:3000/_next/static/chunks/node_modules_next_dist_compiled_react-dom_096_9a-._.js:9230:86)
    at Object.scheduleRefresh (http://localhost:3000/_next/static/chunks/node_modules_next_dist_compiled_react-dom_096_9a-._.js:299:13)
    at http://localhost:3000/_next/static/chunks/node_modules_next_dist_compiled_1amofcm._.js:391:33
    at Set.forEach (<anonymous>)
    at Object.performReactRefresh (http://localhost:3000/_next/static/chunks/node_modules_next_dist_compiled_1amofcm._.js:384:38)
    at applyUpdate (http://localhost:3000/_next/static/chunks/node_modules_next_dist_compiled_1amofcm._.js:878:31)
    at http://localhost:3000/_next/static/chunks/node_modules_next_dist_compiled_1amofcm._.js:886:13 @ http://localhost:3000/_next/static/chunks/node_modules_next_dist_1ybzpk2._.js:3318
[ 5246331ms] [ERROR] IntlError: MISSING_MESSAGE: Could not resolve `employerCandidates.detailEmptyTitle` in messages for locale `en`.
    at getFallbackFromErrorAndNotify (http://localhost:3000/_next/static/chunks/node_modules_1xirvy7._.js:3725:23)
    at translateBaseFn (http://localhost:3000/_next/static/chunks/node_modules_1xirvy7._.js:3755:28)
    at translateFn (http://localhost:3000/_next/static/chunks/node_modules_1xirvy7._.js:3783:24)
    at CandidateDetailPanel (http://localhost:3000/_next/static/chunks/src_1cxvhk6._.js?id=%255Bproject%255D%252Fsrc%252Fcomponents%252Ffeatures%252Femployer%252Fcandidates%252FCandidateDetailPanel.tsx+%255Bapp-client%255D+%2528ecmascript%2529:79:31)
    at Object.react_stack_bottom_frame (http://localhost:3000/_next/static/chunks/node_modules_next_dist_compiled_react-dom_096_9a-._.js:15037:24)
    at renderWithHooksAgain (http://localhost:3000/_next/static/chunks/node_modules_next_dist_compiled_react-dom_096_9a-._.js:4675:24)
    at renderWithHooks (http://localhost:3000/_next/static/chunks/node_modules_next_dist_compiled_react-dom_096_9a-._.js:4626:28)
    at updateFunctionComponent (http://localhost:3000/_next/static/chunks/node_modules_next_dist_compiled_react-dom_096_9a-._.js:6081:21)
    at beginWork (http://localhost:3000/_next/static/chunks/node_modules_next_dist_compiled_react-dom_096_9a-._.js:6691:24)
    at runWithFiberInDEV (http://localhost:3000/_next/static/chunks/node_modules_next_dist_compiled_react-dom_096_9a-._.js:965:74)
    at performUnitOfWork (http://localhost:3000/_next/static/chunks/node_modules_next_dist_compiled_react-dom_096_9a-._.js:9555:97)
    at workLoopSync (http://localhost:3000/_next/static/chunks/node_modules_next_dist_compiled_react-dom_096_9a-._.js:9449:40)
    at renderRootSync (http://localhost:3000/_next/static/chunks/node_modules_next_dist_compiled_react-dom_096_9a-._.js:9433:13)
    at performWorkOnRoot (http://localhost:3000/_next/static/chunks/node_modules_next_dist_compiled_react-dom_096_9a-._.js:9061:186)
    at performSyncWorkOnRoot (http://localhost:3000/_next/static/chunks/node_modules_next_dist_compiled_react-dom_096_9a-._.js:10263:9)
    at flushSyncWorkAcrossRoots_impl (http://localhost:3000/_next/static/chunks/node_modules_next_dist_compiled_react-dom_096_9a-._.js:10179:316)
    at flushSyncWork$1 (http://localhost:3000/_next/static/chunks/node_modules_next_dist_compiled_react-dom_096_9a-._.js:9230:86)
    at Object.scheduleRefresh (http://localhost:3000/_next/static/chunks/node_modules_next_dist_compiled_react-dom_096_9a-._.js:299:13)
    at http://localhost:3000/_next/static/chunks/node_modules_next_dist_compiled_1amofcm._.js:391:33
    at Set.forEach (<anonymous>)
    at Object.performReactRefresh (http://localhost:3000/_next/static/chunks/node_modules_next_dist_compiled_1amofcm._.js:384:38)
    at applyUpdate (http://localhost:3000/_next/static/chunks/node_modules_next_dist_compiled_1amofcm._.js:878:31)
    at http://localhost:3000/_next/static/chunks/node_modules_next_dist_compiled_1amofcm._.js:886:13 @ http://localhost:3000/_next/static/chunks/node_modules_next_dist_1ybzpk2._.js:3318
[ 5246331ms] [ERROR] IntlError: MISSING_MESSAGE: Could not resolve `employerCandidates.detailEmptyHint` in messages for locale `en`.
    at getFallbackFromErrorAndNotify (http://localhost:3000/_next/static/chunks/node_modules_1xirvy7._.js:3725:23)
    at translateBaseFn (http://localhost:3000/_next/static/chunks/node_modules_1xirvy7._.js:3755:28)
    at translateFn (http://localhost:3000/_next/static/chunks/node_modules_1xirvy7._.js:3783:24)
    at CandidateDetailPanel (http://localhost:3000/_next/static/chunks/src_1cxvhk6._.js?id=%255Bproject%255D%252Fsrc%252Fcomponents%252Ffeatures%252Femployer%252Fcandidates%252FCandidateDetailPanel.tsx+%255Bapp-client%255D+%2528ecmascript%2529:87:31)
    at Object.react_stack_bottom_frame (http://localhost:3000/_next/static/chunks/node_modules_next_dist_compiled_react-dom_096_9a-._.js:15037:24)
    at renderWithHooksAgain (http://localhost:3000/_next/static/chunks/node_modules_next_dist_compiled_react-dom_096_9a-._.js:4675:24)
    at renderWithHooks (http://localhost:3000/_next/static/chunks/node_modules_next_dist_compiled_react-dom_096_9a-._.js:4626:28)
    at updateFunctionComponent (http://localhost:3000/_next/static/chunks/node_modules_next_dist_compiled_react-dom_096_9a-._.js:6081:21)
    at beginWork (http://localhost:3000/_next/static/chunks/node_modules_next_dist_compiled_react-dom_096_9a-._.js:6691:24)
    at runWithFiberInDEV (http://localhost:3000/_next/static/chunks/node_modules_next_dist_compiled_react-dom_096_9a-._.js:965:74)
    at performUnitOfWork (http://localhost:3000/_next/static/chunks/node_modules_next_dist_compiled_react-dom_096_9a-._.js:9555:97)
    at workLoopSync (http://localhost:3000/_next/static/chunks/node_modules_next_dist_compiled_react-dom_096_9a-._.js:9449:40)
    at renderRootSync (http://localhost:3000/_next/static/chunks/node_modules_next_dist_compiled_react-dom_096_9a-._.js:9433:13)
    at performWorkOnRoot (http://localhost:3000/_next/static/chunks/node_modules_next_dist_compiled_react-dom_096_9a-._.js:9061:186)
    at performSyncWorkOnRoot (http://localhost:3000/_next/static/chunks/node_modules_next_dist_compiled_react-dom_096_9a-._.js:10263:9)
    at flushSyncWorkAcrossRoots_impl (http://localhost:3000/_next/static/chunks/node_modules_next_dist_compiled_react-dom_096_9a-._.js:10179:316)
    at flushSyncWork$1 (http://localhost:3000/_next/static/chunks/node_modules_next_dist_compiled_react-dom_096_9a-._.js:9230:86)
    at Object.scheduleRefresh (http://localhost:3000/_next/static/chunks/node_modules_next_dist_compiled_react-dom_096_9a-._.js:299:13)
    at http://localhost:3000/_next/static/chunks/node_modules_next_dist_compiled_1amofcm._.js:391:33
    at Set.forEach (<anonymous>)
    at Object.performReactRefresh (http://localhost:3000/_next/static/chunks/node_modules_next_dist_compiled_1amofcm._.js:384:38)
    at applyUpdate (http://localhost:3000/_next/static/chunks/node_modules_next_dist_compiled_1amofcm._.js:878:31)
    at http://localhost:3000/_next/static/chunks/node_modules_next_dist_compiled_1amofcm._.js:886:13 @ http://localhost:3000/_next/static/chunks/node_modules_next_dist_1ybzpk2._.js:3318
[ 5246334ms] [LOG] [Fast Refresh] done in 1980ms @ http://localhost:3000/_next/static/chunks/node_modules_next_dist_1ybzpk2._.js:2477
[ 5246593ms] [LOG] [Fast Refresh] rebuilding @ http://localhost:3000/_next/static/chunks/node_modules_next_dist_1ybzpk2._.js:2477
[ 5247384ms] [LOG] [Fast Refresh] done in 894ms @ http://localhost:3000/_next/static/chunks/node_modules_next_dist_1ybzpk2._.js:2477
[ 5247504ms] [LOG] [Fast Refresh] rebuilding @ http://localhost:3000/_next/static/chunks/node_modules_next_dist_1ybzpk2._.js:2477
[ 5247686ms] [LOG] [Fast Refresh] done in 284ms @ http://localhost:3000/_next/static/chunks/node_modules_next_dist_1ybzpk2._.js:2477
[ 5248010ms] [ERROR] IntlError: MISSING_MESSAGE: Could not resolve `employerCandidates.detailEmptyTitle` in messages for locale `en`.
    at getFallbackFromErrorAndNotify (http://localhost:3000/_next/static/chunks/node_modules_1xirvy7._.js:3725:23)
    at translateBaseFn (http://localhost:3000/_next/static/chunks/node_modules_1xirvy7._.js:3755:28)
    at translateFn (http://localhost:3000/_next/static/chunks/node_modules_1xirvy7._.js:3783:24)
    at CandidateDetailPanel (http://localhost:3000/_next/static/chunks/src_1cxvhk6._.js?id=%255Bproject%255D%252Fsrc%252Fcomponents%252Ffeatures%252Femployer%252Fcandidates%252FCandidateDetailPanel.tsx+%255Bapp-client%255D+%2528ecmascript%2529:79:31)
    at Object.react_stack_bottom_frame (http://localhost:3000/_next/static/chunks/node_modules_next_dist_compiled_react-dom_096_9a-._.js:15037:24)
    at renderWithHooks (http://localhost:3000/_next/static/chunks/node_modules_next_dist_compiled_react-dom_096_9a-._.js:4620:24)
    at updateFunctionComponent (http://localhost:3000/_next/static/chunks/node_modules_next_dist_compiled_react-dom_096_9a-._.js:6081:21)
    at beginWork (http://localhost:3000/_next/static/chunks/node_modules_next_dist_compiled_react-dom_096_9a-._.js:6691:24)
    at runWithFiberInDEV (http://localhost:3000/_next/static/chunks/node_modules_next_dist_compiled_react-dom_096_9a-._.js:965:74)
    at performUnitOfWork (http://localhost:3000/_next/static/chunks/node_modules_next_dist_compiled_react-dom_096_9a-._.js:9555:97)
    at workLoopConcurrentByScheduler (http://localhost:3000/_next/static/chunks/node_modules_next_dist_compiled_react-dom_096_9a-._.js:9551:58)
    at renderRootConcurrent (http://localhost:3000/_next/static/chunks/node_modules_next_dist_compiled_react-dom_096_9a-._.js:9534:71)
    at performWorkOnRoot (http://localhost:3000/_next/static/chunks/node_modules_next_dist_compiled_react-dom_096_9a-._.js:9061:150)
    at performWorkOnRootViaSchedulerTask (http://localhost:3000/_next/static/chunks/node_modules_next_dist_compiled_react-dom_096_9a-._.js:10255:9)
    at MessagePort.performWorkUntilDeadline (http://localhost:3000/_next/static/chunks/node_modules_next_dist_compiled_1amofcm._.js:2647:64) @ http://localhost:3000/_next/static/chunks/node_modules_next_dist_1ybzpk2._.js:3318
[ 5248011ms] [ERROR] IntlError: MISSING_MESSAGE: Could not resolve `employerCandidates.detailEmptyHint` in messages for locale `en`.
    at getFallbackFromErrorAndNotify (http://localhost:3000/_next/static/chunks/node_modules_1xirvy7._.js:3725:23)
    at translateBaseFn (http://localhost:3000/_next/static/chunks/node_modules_1xirvy7._.js:3755:28)
    at translateFn (http://localhost:3000/_next/static/chunks/node_modules_1xirvy7._.js:3783:24)
    at CandidateDetailPanel (http://localhost:3000/_next/static/chunks/src_1cxvhk6._.js?id=%255Bproject%255D%252Fsrc%252Fcomponents%252Ffeatures%252Femployer%252Fcandidates%252FCandidateDetailPanel.tsx+%255Bapp-client%255D+%2528ecmascript%2529:87:31)
    at Object.react_stack_bottom_frame (http://localhost:3000/_next/static/chunks/node_modules_next_dist_compiled_react-dom_096_9a-._.js:15037:24)
    at renderWithHooks (http://localhost:3000/_next/static/chunks/node_modules_next_dist_compiled_react-dom_096_9a-._.js:4620:24)
    at updateFunctionComponent (http://localhost:3000/_next/static/chunks/node_modules_next_dist_compiled_react-dom_096_9a-._.js:6081:21)
    at beginWork (http://localhost:3000/_next/static/chunks/node_modules_next_dist_compiled_react-dom_096_9a-._.js:6691:24)
    at runWithFiberInDEV (http://localhost:3000/_next/static/chunks/node_modules_next_dist_compiled_react-dom_096_9a-._.js:965:74)
    at performUnitOfWork (http://localhost:3000/_next/static/chunks/node_modules_next_dist_compiled_react-dom_096_9a-._.js:9555:97)
    at workLoopConcurrentByScheduler (http://localhost:3000/_next/static/chunks/node_modules_next_dist_compiled_react-dom_096_9a-._.js:9551:58)
    at renderRootConcurrent (http://localhost:3000/_next/static/chunks/node_modules_next_dist_compiled_react-dom_096_9a-._.js:9534:71)
    at performWorkOnRoot (http://localhost:3000/_next/static/chunks/node_modules_next_dist_compiled_react-dom_096_9a-._.js:9061:150)
    at performWorkOnRootViaSchedulerTask (http://localhost:3000/_next/static/chunks/node_modules_next_dist_compiled_react-dom_096_9a-._.js:10255:9)
    at MessagePort.performWorkUntilDeadline (http://localhost:3000/_next/static/chunks/node_modules_next_dist_compiled_1amofcm._.js:2647:64) @ http://localhost:3000/_next/static/chunks/node_modules_next_dist_1ybzpk2._.js:3318
[ 5248011ms] [ERROR] IntlError: MISSING_MESSAGE: Could not resolve `employerCandidates.detailEmptyTitle` in messages for locale `en`.
    at getFallbackFromErrorAndNotify (http://localhost:3000/_next/static/chunks/node_modules_1xirvy7._.js:3725:23)
    at translateBaseFn (http://localhost:3000/_next/static/chunks/node_modules_1xirvy7._.js:3755:28)
    at translateFn (http://localhost:3000/_next/static/chunks/node_modules_1xirvy7._.js:3783:24)
    at CandidateDetailPanel (http://localhost:3000/_next/static/chunks/src_1cxvhk6._.js?id=%255Bproject%255D%252Fsrc%252Fcomponents%252Ffeatures%252Femployer%252Fcandidates%252FCandidateDetailPanel.tsx+%255Bapp-client%255D+%2528ecmascript%2529:79:31)
    at Object.react_stack_bottom_frame (http://localhost:3000/_next/static/chunks/node_modules_next_dist_compiled_react-dom_096_9a-._.js:15037:24)
    at renderWithHooksAgain (http://localhost:3000/_next/static/chunks/node_modules_next_dist_compiled_react-dom_096_9a-._.js:4675:24)
    at renderWithHooks (http://localhost:3000/_next/static/chunks/node_modules_next_dist_compiled_react-dom_096_9a-._.js:4626:28)
    at updateFunctionComponent (http://localhost:3000/_next/static/chunks/node_modules_next_dist_compiled_react-dom_096_9a-._.js:6081:21)
    at beginWork (http://localhost:3000/_next/static/chunks/node_modules_next_dist_compiled_react-dom_096_9a-._.js:6691:24)
    at runWithFiberInDEV (http://localhost:3000/_next/static/chunks/node_modules_next_dist_compiled_react-dom_096_9a-._.js:965:74)
    at performUnitOfWork (http://localhost:3000/_next/static/chunks/node_modules_next_dist_compiled_react-dom_096_9a-._.js:9555:97)
    at workLoopConcurrentByScheduler (http://localhost:3000/_next/static/chunks/node_modules_next_dist_compiled_react-dom_096_9a-._.js:9551:58)
    at renderRootConcurrent (http://localhost:3000/_next/static/chunks/node_modules_next_dist_compiled_react-dom_096_9a-._.js:9534:71)
    at performWorkOnRoot (http://localhost:3000/_next/static/chunks/node_modules_next_dist_compiled_react-dom_096_9a-._.js:9061:150)
    at performWorkOnRootViaSchedulerTask (http://localhost:3000/_next/static/chunks/node_modules_next_dist_compiled_react-dom_096_9a-._.js:10255:9)
    at MessagePort.performWorkUntilDeadline (http://localhost:3000/_next/static/chunks/node_modules_next_dist_compiled_1amofcm._.js:2647:64) @ http://localhost:3000/_next/static/chunks/node_modules_next_dist_1ybzpk2._.js:3318
[ 5248011ms] [ERROR] IntlError: MISSING_MESSAGE: Could not resolve `employerCandidates.detailEmptyHint` in messages for locale `en`.
    at getFallbackFromErrorAndNotify (http://localhost:3000/_next/static/chunks/node_modules_1xirvy7._.js:3725:23)
    at translateBaseFn (http://localhost:3000/_next/static/chunks/node_modules_1xirvy7._.js:3755:28)
    at translateFn (http://localhost:3000/_next/static/chunks/node_modules_1xirvy7._.js:3783:24)
    at CandidateDetailPanel (http://localhost:3000/_next/static/chunks/src_1cxvhk6._.js?id=%255Bproject%255D%252Fsrc%252Fcomponents%252Ffeatures%252Femployer%252Fcandidates%252FCandidateDetailPanel.tsx+%255Bapp-client%255D+%2528ecmascript%2529:87:31)
    at Object.react_stack_bottom_frame (http://localhost:3000/_next/static/chunks/node_modules_next_dist_compiled_react-dom_096_9a-._.js:15037:24)
    at renderWithHooksAgain (http://localhost:3000/_next/static/chunks/node_modules_next_dist_compiled_react-dom_096_9a-._.js:4675:24)
    at renderWithHooks (http://localhost:3000/_next/static/chunks/node_modules_next_dist_compiled_react-dom_096_9a-._.js:4626:28)
    at updateFunctionComponent (http://localhost:3000/_next/static/chunks/node_modules_next_dist_compiled_react-dom_096_9a-._.js:6081:21)
    at beginWork (http://localhost:3000/_next/static/chunks/node_modules_next_dist_compiled_react-dom_096_9a-._.js:6691:24)
    at runWithFiberInDEV (http://localhost:3000/_next/static/chunks/node_modules_next_dist_compiled_react-dom_096_9a-._.js:965:74)
    at performUnitOfWork (http://localhost:3000/_next/static/chunks/node_modules_next_dist_compiled_react-dom_096_9a-._.js:9555:97)
    at workLoopConcurrentByScheduler (http://localhost:3000/_next/static/chunks/node_modules_next_dist_compiled_react-dom_096_9a-._.js:9551:58)
    at renderRootConcurrent (http://localhost:3000/_next/static/chunks/node_modules_next_dist_compiled_react-dom_096_9a-._.js:9534:71)
    at performWorkOnRoot (http://localhost:3000/_next/static/chunks/node_modules_next_dist_compiled_react-dom_096_9a-._.js:9061:150)
    at performWorkOnRootViaSchedulerTask (http://localhost:3000/_next/static/chunks/node_modules_next_dist_compiled_react-dom_096_9a-._.js:10255:9)
    at MessagePort.performWorkUntilDeadline (http://localhost:3000/_next/static/chunks/node_modules_next_dist_compiled_1amofcm._.js:2647:64) @ http://localhost:3000/_next/static/chunks/node_modules_next_dist_1ybzpk2._.js:3318
[ 5260656ms] [LOG] [Fast Refresh] rebuilding @ http://localhost:3000/_next/static/chunks/node_modules_next_dist_1ybzpk2._.js:2477
[ 5262411ms] [LOG] [Fast Refresh] done in 1770ms @ http://localhost:3000/_next/static/chunks/node_modules_next_dist_1ybzpk2._.js:2477
[ 5262570ms] [LOG] [Fast Refresh] rebuilding @ http://localhost:3000/_next/static/chunks/node_modules_next_dist_1ybzpk2._.js:2477
[ 5263217ms] [LOG] [Fast Refresh] done in 747ms @ http://localhost:3000/_next/static/chunks/node_modules_next_dist_1ybzpk2._.js:2477
[ 5263573ms] [LOG] [Fast Refresh] rebuilding @ http://localhost:3000/_next/static/chunks/node_modules_next_dist_1ybzpk2._.js:2477
[ 5263731ms] [LOG] [Fast Refresh] done in 258ms @ http://localhost:3000/_next/static/chunks/node_modules_next_dist_1ybzpk2._.js:2477
[ 5270218ms] [LOG] [Fast Refresh] rebuilding @ http://localhost:3000/_next/static/chunks/node_modules_next_dist_1ybzpk2._.js:2477
[ 5270515ms] [LOG] [Fast Refresh] done in 400ms @ http://localhost:3000/_next/static/chunks/node_modules_next_dist_1ybzpk2._.js:2477
[ 5288222ms] [LOG] [Fast Refresh] rebuilding @ http://localhost:3000/_next/static/chunks/node_modules_next_dist_1ybzpk2._.js:2477
[ 5290433ms] [LOG] [Fast Refresh] done in 2218ms @ http://localhost:3000/_next/static/chunks/node_modules_next_dist_1ybzpk2._.js:2477
[ 5290662ms] [LOG] [Fast Refresh] rebuilding @ http://localhost:3000/_next/static/chunks/node_modules_next_dist_1ybzpk2._.js:2477
[ 5291396ms] [LOG] [Fast Refresh] done in 835ms @ http://localhost:3000/_next/static/chunks/node_modules_next_dist_1ybzpk2._.js:2477
[ 5291497ms] [LOG] [Fast Refresh] rebuilding @ http://localhost:3000/_next/static/chunks/node_modules_next_dist_1ybzpk2._.js:2477
[ 5291640ms] [LOG] [Fast Refresh] done in 243ms @ http://localhost:3000/_next/static/chunks/node_modules_next_dist_1ybzpk2._.js:2477
[ 5292375ms] [LOG] [Fast Refresh] rebuilding @ http://localhost:3000/_next/static/chunks/node_modules_next_dist_1ybzpk2._.js:2477
[ 5292532ms] [LOG] [Fast Refresh] done in 260ms @ http://localhost:3000/_next/static/chunks/node_modules_next_dist_1ybzpk2._.js:2477
[ 5293834ms] [LOG] [Fast Refresh] rebuilding @ http://localhost:3000/_next/static/chunks/node_modules_next_dist_1ybzpk2._.js:2477
[ 5294025ms] [LOG] [Fast Refresh] done in 292ms @ http://localhost:3000/_next/static/chunks/node_modules_next_dist_1ybzpk2._.js:2477
[ 5673540ms] [LOG] [Fast Refresh] rebuilding @ http://localhost:3000/_next/static/chunks/node_modules_next_dist_1ybzpk2._.js:2477
[ 5673823ms] [LOG] [Fast Refresh] done in 383ms @ http://localhost:3000/_next/static/chunks/node_modules_next_dist_1ybzpk2._.js:2477
[ 5922655ms] [INFO] %cDownload the React DevTools for a better development experience: https://react.dev/link/react-devtools font-weight:bold @ http://localhost:3000/_next/static/chunks/node_modules_next_dist_1ybzpk2._.js:2477
[ 5922842ms] [LOG] [HMR] connected @ http://localhost:3000/_next/static/chunks/node_modules_next_dist_1ybzpk2._.js:2477
[ 6006499ms] [LOG] [Fast Refresh] rebuilding @ http://localhost:3000/_next/static/chunks/node_modules_next_dist_1ybzpk2._.js:2477
[ 6010021ms] [LOG] [Fast Refresh] done in 3631ms @ http://localhost:3000/_next/static/chunks/node_modules_next_dist_1ybzpk2._.js:2477
[ 6010302ms] [LOG] [Fast Refresh] rebuilding @ http://localhost:3000/_next/static/chunks/node_modules_next_dist_1ybzpk2._.js:2477
[ 6010551ms] [LOG] [Fast Refresh] done in 348ms @ http://localhost:3000/_next/static/chunks/node_modules_next_dist_1ybzpk2._.js:2477
[ 6010686ms] [LOG] [Fast Refresh] rebuilding @ http://localhost:3000/_next/static/chunks/node_modules_next_dist_1ybzpk2._.js:2477
[ 6011007ms] [LOG] [Fast Refresh] done in 423ms @ http://localhost:3000/_next/static/chunks/node_modules_next_dist_1ybzpk2._.js:2477
[ 6011174ms] [LOG] [Fast Refresh] rebuilding @ http://localhost:3000/_next/static/chunks/node_modules_next_dist_1ybzpk2._.js:2477
[ 6012062ms] [LOG] [Fast Refresh] done in 989ms @ http://localhost:3000/_next/static/chunks/node_modules_next_dist_1ybzpk2._.js:2477
[ 6012194ms] [LOG] [Fast Refresh] rebuilding @ http://localhost:3000/_next/static/chunks/node_modules_next_dist_1ybzpk2._.js:2477
[ 6012200ms] [LOG] [Fast Refresh] done in 107ms @ http://localhost:3000/_next/static/chunks/node_modules_next_dist_1ybzpk2._.js:2477
[ 6022255ms] [LOG] [Fast Refresh] rebuilding @ http://localhost:3000/_next/static/chunks/node_modules_next_dist_1ybzpk2._.js:2477
[ 6022568ms] [LOG] [Fast Refresh] done in 418ms @ http://localhost:3000/_next/static/chunks/node_modules_next_dist_1ybzpk2._.js:2477
[ 6035309ms] [LOG] [Fast Refresh] rebuilding @ http://localhost:3000/_next/static/chunks/node_modules_next_dist_1ybzpk2._.js:2477
[ 6035619ms] [LOG] [Fast Refresh] done in 421ms @ http://localhost:3000/_next/static/chunks/node_modules_next_dist_1ybzpk2._.js:2477
[ 6036869ms] [LOG] [Fast Refresh] rebuilding @ http://localhost:3000/_next/static/chunks/node_modules_next_dist_1ybzpk2._.js:2477
[ 6036961ms] [LOG] [Fast Refresh] done in 203ms @ http://localhost:3000/_next/static/chunks/node_modules_next_dist_1ybzpk2._.js:2477
[ 6037275ms] [LOG] [Fast Refresh] rebuilding @ http://localhost:3000/_next/static/chunks/node_modules_next_dist_1ybzpk2._.js:2477
[ 6037279ms] [LOG] [Fast Refresh] done in 116ms @ http://localhost:3000/_next/static/chunks/node_modules_next_dist_1ybzpk2._.js:2477
[ 6083699ms] [LOG] [Fast Refresh] rebuilding @ http://localhost:3000/_next/static/chunks/node_modules_next_dist_1ybzpk2._.js:2477
[ 6084373ms] [LOG] [Fast Refresh] done in 783ms @ http://localhost:3000/_next/static/chunks/node_modules_next_dist_1ybzpk2._.js:2477
[ 6811065ms] [LOG] [Fast Refresh] rebuilding @ http://localhost:3000/_next/static/chunks/node_modules_next_dist_1ybzpk2._.js:2477
[ 6812592ms] [LOG] [Fast Refresh] done in 1613ms @ http://localhost:3000/_next/static/chunks/node_modules_next_dist_1ybzpk2._.js:2477
[ 6812794ms] [LOG] [Fast Refresh] rebuilding @ http://localhost:3000/_next/static/chunks/node_modules_next_dist_1ybzpk2._.js:2477
[ 6812949ms] [LOG] [Fast Refresh] done in 256ms @ http://localhost:3000/_next/static/chunks/node_modules_next_dist_1ybzpk2._.js:2477
[ 6813119ms] [LOG] [Fast Refresh] rebuilding @ http://localhost:3000/_next/static/chunks/node_modules_next_dist_1ybzpk2._.js:2477
[ 6813946ms] [LOG] [Fast Refresh] done in 928ms @ http://localhost:3000/_next/static/chunks/node_modules_next_dist_1ybzpk2._.js:2477
[ 6814048ms] [LOG] [Fast Refresh] rebuilding @ http://localhost:3000/_next/static/chunks/node_modules_next_dist_1ybzpk2._.js:2477
[ 6814085ms] [LOG] [Fast Refresh] done in 138ms @ http://localhost:3000/_next/static/chunks/node_modules_next_dist_1ybzpk2._.js:2477
[ 6819165ms] [LOG] [Fast Refresh] rebuilding @ http://localhost:3000/_next/static/chunks/node_modules_next_dist_1ybzpk2._.js:2477
[ 6823471ms] [LOG] [Fast Refresh] done in 3403ms @ http://localhost:3000/_next/static/chunks/node_modules_next_dist_1ybzpk2._.js:2477
[ 6823915ms] [LOG] [Fast Refresh] rebuilding @ http://localhost:3000/_next/static/chunks/node_modules_next_dist_1ybzpk2._.js:2477
[ 6824085ms] [LOG] [Fast Refresh] done in 275ms @ http://localhost:3000/_next/static/chunks/node_modules_next_dist_1ybzpk2._.js:2477
[ 6824245ms] [LOG] [Fast Refresh] rebuilding @ http://localhost:3000/_next/static/chunks/node_modules_next_dist_1ybzpk2._.js:2477
[ 6824624ms] [LOG] [Fast Refresh] done in 486ms @ http://localhost:3000/_next/static/chunks/node_modules_next_dist_1ybzpk2._.js:2477
[ 6824819ms] [LOG] [Fast Refresh] rebuilding @ http://localhost:3000/_next/static/chunks/node_modules_next_dist_1ybzpk2._.js:2477
[ 6824849ms] [LOG] [Fast Refresh] done in 132ms @ http://localhost:3000/_next/static/chunks/node_modules_next_dist_1ybzpk2._.js:2477
[ 6825186ms] [LOG] [Fast Refresh] rebuilding @ http://localhost:3000/_next/static/chunks/node_modules_next_dist_1ybzpk2._.js:2477
[ 6825328ms] [LOG] [Fast Refresh] done in 244ms @ http://localhost:3000/_next/static/chunks/node_modules_next_dist_1ybzpk2._.js:2477
[ 6825494ms] [LOG] [Fast Refresh] rebuilding @ http://localhost:3000/_next/static/chunks/node_modules_next_dist_1ybzpk2._.js:2477
[ 6825631ms] [LOG] [Fast Refresh] done in 237ms @ http://localhost:3000/_next/static/chunks/node_modules_next_dist_1ybzpk2._.js:2477
[ 6836370ms] [LOG] [Fast Refresh] rebuilding @ http://localhost:3000/_next/static/chunks/node_modules_next_dist_1ybzpk2._.js:2477
[ 6836515ms] [LOG] [Fast Refresh] done in 255ms @ http://localhost:3000/_next/static/chunks/node_modules_next_dist_1ybzpk2._.js:2477
[ 6837426ms] [LOG] [Fast Refresh] rebuilding @ http://localhost:3000/_next/static/chunks/node_modules_next_dist_1ybzpk2._.js:2477
[ 6837454ms] [LOG] [Fast Refresh] done in 136ms @ http://localhost:3000/_next/static/chunks/node_modules_next_dist_1ybzpk2._.js:2477
[ 9998074ms] [LOG] [Fast Refresh] rebuilding @ http://localhost:3000/_next/static/chunks/node_modules_next_dist_1ybzpk2._.js:2477
[ 9998081ms] [LOG] [Fast Refresh] done in 114ms @ http://localhost:3000/_next/static/chunks/node_modules_next_dist_1ybzpk2._.js:2477
[10166206ms] [LOG] [Fast Refresh] rebuilding @ http://localhost:3000/_next/static/chunks/node_modules_next_dist_1ybzpk2._.js:2477
[10168320ms] [LOG] [Fast Refresh] done in 2214ms @ http://localhost:3000/_next/static/chunks/node_modules_next_dist_1ybzpk2._.js:2477
[10170675ms] [LOG] [Fast Refresh] rebuilding @ http://localhost:3000/_next/static/chunks/node_modules_next_dist_1ybzpk2._.js:2477
[10170723ms] [LOG] [Fast Refresh] done in 161ms @ http://localhost:3000/_next/static/chunks/node_modules_next_dist_1ybzpk2._.js:2477
[10170832ms] [LOG] [Fast Refresh] rebuilding @ http://localhost:3000/_next/static/chunks/node_modules_next_dist_1ybzpk2._.js:2477
[10171324ms] [LOG] [Fast Refresh] done in 601ms @ http://localhost:3000/_next/static/chunks/node_modules_next_dist_1ybzpk2._.js:2477
[10203739ms] [LOG] [Fast Refresh] rebuilding @ http://localhost:3000/_next/static/chunks/node_modules_next_dist_1ybzpk2._.js:2477
[10203816ms] [LOG] [Fast Refresh] done in 182ms @ http://localhost:3000/_next/static/chunks/node_modules_next_dist_1ybzpk2._.js:2477
[10915915ms] [LOG] [Fast Refresh] rebuilding @ http://localhost:3000/_next/static/chunks/node_modules_next_dist_1ybzpk2._.js:2477
[10916148ms] [LOG] [Fast Refresh] done in 340ms @ http://localhost:3000/_next/static/chunks/node_modules_next_dist_1ybzpk2._.js:2477
[10941040ms] [LOG] [Fast Refresh] rebuilding @ http://localhost:3000/_next/static/chunks/node_modules_next_dist_1ybzpk2._.js:2477
[10942160ms] [LOG] [Fast Refresh] done in 1222ms @ http://localhost:3000/_next/static/chunks/node_modules_next_dist_1ybzpk2._.js:2477
[10942338ms] [LOG] [Fast Refresh] rebuilding @ http://localhost:3000/_next/static/chunks/node_modules_next_dist_1ybzpk2._.js:2477
[10942399ms] [LOG] [Fast Refresh] done in 170ms @ http://localhost:3000/_next/static/chunks/node_modules_next_dist_1ybzpk2._.js:2477
[10942554ms] [LOG] [Fast Refresh] rebuilding @ http://localhost:3000/_next/static/chunks/node_modules_next_dist_1ybzpk2._.js:2477
[10942750ms] [LOG] [Fast Refresh] done in 307ms @ http://localhost:3000/_next/static/chunks/node_modules_next_dist_1ybzpk2._.js:2477
[10951642ms] [LOG] [Fast Refresh] rebuilding @ http://localhost:3000/_next/static/chunks/node_modules_next_dist_1ybzpk2._.js:2477
[10953222ms] [LOG] [Fast Refresh] done in 1682ms @ http://localhost:3000/_next/static/chunks/node_modules_next_dist_1ybzpk2._.js:2477
[10953404ms] [LOG] [Fast Refresh] rebuilding @ http://localhost:3000/_next/static/chunks/node_modules_next_dist_1ybzpk2._.js:2477
[10953576ms] [LOG] [Fast Refresh] done in 285ms @ http://localhost:3000/_next/static/chunks/node_modules_next_dist_1ybzpk2._.js:2477
[10993946ms] [LOG] [Fast Refresh] rebuilding @ http://localhost:3000/_next/static/chunks/node_modules_next_dist_1ybzpk2._.js:2477
[10994452ms] [LOG] [Fast Refresh] done in 613ms @ http://localhost:3000/_next/static/chunks/node_modules_next_dist_1ybzpk2._.js:2477
[10996805ms] [LOG] [Fast Refresh] rebuilding @ http://localhost:3000/_next/static/chunks/node_modules_next_dist_1ybzpk2._.js:2477
[10997165ms] [LOG] [Fast Refresh] done in 469ms @ http://localhost:3000/_next/static/chunks/node_modules_next_dist_1ybzpk2._.js:2477
[10998526ms] [LOG] [Fast Refresh] rebuilding @ http://localhost:3000/_next/static/chunks/node_modules_next_dist_1ybzpk2._.js:2477
[10998546ms] [LOG] [Fast Refresh] done in 136ms @ http://localhost:3000/_next/static/chunks/node_modules_next_dist_1ybzpk2._.js:2477
[11053197ms] [LOG] [Fast Refresh] rebuilding @ http://localhost:3000/_next/static/chunks/node_modules_next_dist_1ybzpk2._.js:2477
[11053411ms] [LOG] [Fast Refresh] done in 324ms @ http://localhost:3000/_next/static/chunks/node_modules_next_dist_1ybzpk2._.js:2477
[11095699ms] [LOG] [Fast Refresh] rebuilding @ http://localhost:3000/_next/static/chunks/node_modules_next_dist_1ybzpk2._.js:2477
[11096226ms] [LOG] [Fast Refresh] done in 638ms @ http://localhost:3000/_next/static/chunks/node_modules_next_dist_1ybzpk2._.js:2477
[11107952ms] [LOG] [Fast Refresh] rebuilding @ http://localhost:3000/_next/static/chunks/node_modules_next_dist_1ybzpk2._.js:2477
[11108352ms] [LOG] [Fast Refresh] done in 508ms @ http://localhost:3000/_next/static/chunks/node_modules_next_dist_1ybzpk2._.js:2477
[11115654ms] [LOG] [Fast Refresh] rebuilding @ http://localhost:3000/_next/static/chunks/node_modules_next_dist_1ybzpk2._.js:2477
[11116194ms] [LOG] [Fast Refresh] done in 654ms @ http://localhost:3000/_next/static/chunks/node_modules_next_dist_1ybzpk2._.js:2477
[11782916ms] [LOG] [Fast Refresh] rebuilding @ http://localhost:3000/_next/static/chunks/node_modules_next_dist_1ybzpk2._.js:2477
[11791019ms] [LOG] [Fast Refresh] done in 8207ms @ http://localhost:3000/_next/static/chunks/node_modules_next_dist_1ybzpk2._.js:2477
[11791639ms] [LOG] [Fast Refresh] rebuilding @ http://localhost:3000/_next/static/chunks/node_modules_next_dist_1ybzpk2._.js:2477
[11791795ms] [LOG] [Fast Refresh] done in 271ms @ http://localhost:3000/_next/static/chunks/node_modules_next_dist_1ybzpk2._.js:2477
[11791929ms] [LOG] [Fast Refresh] rebuilding @ http://localhost:3000/_next/static/chunks/node_modules_next_dist_1ybzpk2._.js:2477
[11792920ms] [LOG] [Fast Refresh] done in 1105ms @ http://localhost:3000/_next/static/chunks/node_modules_next_dist_1ybzpk2._.js:2477
[11793311ms] [LOG] [Fast Refresh] rebuilding @ http://localhost:3000/_next/static/chunks/node_modules_next_dist_1ybzpk2._.js:2477
[11793408ms] [LOG] [Fast Refresh] done in 207ms @ http://localhost:3000/_next/static/chunks/node_modules_next_dist_1ybzpk2._.js:2477
[11793600ms] [LOG] [Fast Refresh] rebuilding @ http://localhost:3000/_next/static/chunks/node_modules_next_dist_1ybzpk2._.js:2477
[11793685ms] [LOG] [Fast Refresh] done in 188ms @ http://localhost:3000/_next/static/chunks/node_modules_next_dist_1ybzpk2._.js:2477
[11794040ms] [LOG] [Fast Refresh] rebuilding @ http://localhost:3000/_next/static/chunks/node_modules_next_dist_1ybzpk2._.js:2477
[11794462ms] [LOG] [Fast Refresh] done in 524ms @ http://localhost:3000/_next/static/chunks/node_modules_next_dist_1ybzpk2._.js:2477
[11822540ms] [LOG] [Fast Refresh] rebuilding @ http://localhost:3000/_next/static/chunks/node_modules_next_dist_1ybzpk2._.js:2477
[11822884ms] [LOG] [Fast Refresh] done in 454ms @ http://localhost:3000/_next/static/chunks/node_modules_next_dist_1ybzpk2._.js:2477
[11824079ms] [LOG] [Fast Refresh] rebuilding @ http://localhost:3000/_next/static/chunks/node_modules_next_dist_1ybzpk2._.js:2477
[11824093ms] [LOG] [Fast Refresh] done in 129ms @ http://localhost:3000/_next/static/chunks/node_modules_next_dist_1ybzpk2._.js:2477
[12122271ms] [LOG] [Fast Refresh] rebuilding @ http://localhost:3000/_next/static/chunks/node_modules_next_dist_1ybzpk2._.js:2477
[12122455ms] [LOG] [Fast Refresh] done in 293ms @ http://localhost:3000/_next/static/chunks/node_modules_next_dist_1ybzpk2._.js:2477
[12198373ms] [LOG] [Fast Refresh] rebuilding @ http://localhost:3000/_next/static/chunks/node_modules_next_dist_1ybzpk2._.js:2477
[12199625ms] [LOG] [Fast Refresh] done in 1361ms @ http://localhost:3000/_next/static/chunks/node_modules_next_dist_1ybzpk2._.js:2477
[12199902ms] [LOG] [Fast Refresh] rebuilding @ http://localhost:3000/_next/static/chunks/node_modules_next_dist_1ybzpk2._.js:2477
[12200062ms] [LOG] [Fast Refresh] done in 270ms @ http://localhost:3000/_next/static/chunks/node_modules_next_dist_1ybzpk2._.js:2477
[12200212ms] [LOG] [Fast Refresh] rebuilding @ http://localhost:3000/_next/static/chunks/node_modules_next_dist_1ybzpk2._.js:2477
[12200529ms] [LOG] [Fast Refresh] done in 426ms @ http://localhost:3000/_next/static/chunks/node_modules_next_dist_1ybzpk2._.js:2477
[12218713ms] [LOG] [Fast Refresh] rebuilding @ http://localhost:3000/_next/static/chunks/node_modules_next_dist_1ybzpk2._.js:2477
[12218807ms] [LOG] [Fast Refresh] done in 202ms @ http://localhost:3000/_next/static/chunks/node_modules_next_dist_1ybzpk2._.js:2477
[12236959ms] [LOG] [Fast Refresh] rebuilding @ http://localhost:3000/_next/static/chunks/node_modules_next_dist_1ybzpk2._.js:2477
[12236990ms] [LOG] [Fast Refresh] done in 147ms @ http://localhost:3000/_next/static/chunks/node_modules_next_dist_1ybzpk2._.js:2477
[12813794ms] [LOG] [Fast Refresh] rebuilding @ http://localhost:3000/_next/static/chunks/node_modules_next_dist_1ybzpk2._.js:2477
[12828090ms] [LOG] [Fast Refresh] done in 14412ms @ http://localhost:3000/_next/static/chunks/node_modules_next_dist_1ybzpk2._.js:2477
[12828340ms] [LOG] [Fast Refresh] rebuilding @ http://localhost:3000/_next/static/chunks/node_modules_next_dist_1ybzpk2._.js:2477
[12828625ms] [LOG] [Fast Refresh] done in 394ms @ http://localhost:3000/_next/static/chunks/node_modules_next_dist_1ybzpk2._.js:2477
[12828807ms] [LOG] [Fast Refresh] rebuilding @ http://localhost:3000/_next/static/chunks/node_modules_next_dist_1ybzpk2._.js:2477
[12829141ms] [LOG] [Fast Refresh] done in 449ms @ http://localhost:3000/_next/static/chunks/node_modules_next_dist_1ybzpk2._.js:2477
[12829290ms] [LOG] [Fast Refresh] rebuilding @ http://localhost:3000/_next/static/chunks/node_modules_next_dist_1ybzpk2._.js:2477
[12830532ms] [LOG] [Fast Refresh] done in 1344ms @ http://localhost:3000/_next/static/chunks/node_modules_next_dist_1ybzpk2._.js:2477
[12830673ms] [LOG] [Fast Refresh] rebuilding @ http://localhost:3000/_next/static/chunks/node_modules_next_dist_1ybzpk2._.js:2477
[12830689ms] [LOG] [Fast Refresh] done in 123ms @ http://localhost:3000/_next/static/chunks/node_modules_next_dist_1ybzpk2._.js:2477
[12831120ms] [LOG] [Fast Refresh] rebuilding @ http://localhost:3000/_next/static/chunks/node_modules_next_dist_1ybzpk2._.js:2477
[12831439ms] [LOG] [Fast Refresh] done in 434ms @ http://localhost:3000/_next/static/chunks/node_modules_next_dist_1ybzpk2._.js:2477
[12831653ms] [LOG] [Fast Refresh] rebuilding @ http://localhost:3000/_next/static/chunks/node_modules_next_dist_1ybzpk2._.js:2477
[12831809ms] [LOG] [Fast Refresh] done in 271ms @ http://localhost:3000/_next/static/chunks/node_modules_next_dist_1ybzpk2._.js:2477
[12832165ms] [LOG] [Fast Refresh] rebuilding @ http://localhost:3000/_next/static/chunks/node_modules_next_dist_1ybzpk2._.js:2477
[12832179ms] [LOG] [Fast Refresh] done in 117ms @ http://localhost:3000/_next/static/chunks/node_modules_next_dist_1ybzpk2._.js:2477
[12832447ms] [LOG] [Fast Refresh] rebuilding @ http://localhost:3000/_next/static/chunks/node_modules_next_dist_1ybzpk2._.js:2477
[12833282ms] [LOG] [Fast Refresh] done in 945ms @ http://localhost:3000/_next/static/chunks/node_modules_next_dist_1ybzpk2._.js:2477
[12833864ms] [LOG] [Fast Refresh] rebuilding @ http://localhost:3000/_next/static/chunks/node_modules_next_dist_1ybzpk2._.js:2477
[12834024ms] [LOG] [Fast Refresh] done in 269ms @ http://localhost:3000/_next/static/chunks/node_modules_next_dist_1ybzpk2._.js:2477
[12900924ms] [LOG] [Fast Refresh] rebuilding @ http://localhost:3000/_next/static/chunks/node_modules_next_dist_1ybzpk2._.js:2477
[12901146ms] [LOG] [Fast Refresh] done in 333ms @ http://localhost:3000/_next/static/chunks/node_modules_next_dist_1ybzpk2._.js:2477
[12912762ms] [LOG] [Fast Refresh] rebuilding @ http://localhost:3000/_next/static/chunks/node_modules_next_dist_1ybzpk2._.js:2477
[12913024ms] [LOG] [Fast Refresh] done in 372ms @ http://localhost:3000/_next/static/chunks/node_modules_next_dist_1ybzpk2._.js:2477
[13373332ms] [LOG] [Fast Refresh] rebuilding @ http://localhost:3000/_next/static/chunks/node_modules_next_dist_1ybzpk2._.js:2477
[13383092ms] [LOG] [Fast Refresh] done in 9866ms @ http://localhost:3000/_next/static/chunks/node_modules_next_dist_1ybzpk2._.js:2477
[13383324ms] [LOG] [Fast Refresh] rebuilding @ http://localhost:3000/_next/static/chunks/node_modules_next_dist_1ybzpk2._.js:2477
[13383587ms] [LOG] [Fast Refresh] done in 372ms @ http://localhost:3000/_next/static/chunks/node_modules_next_dist_1ybzpk2._.js:2477
[13383757ms] [LOG] [Fast Refresh] rebuilding @ http://localhost:3000/_next/static/chunks/node_modules_next_dist_1ybzpk2._.js:2477
[13384669ms] [LOG] [Fast Refresh] done in 1026ms @ http://localhost:3000/_next/static/chunks/node_modules_next_dist_1ybzpk2._.js:2477
[13384813ms] [LOG] [Fast Refresh] rebuilding @ http://localhost:3000/_next/static/chunks/node_modules_next_dist_1ybzpk2._.js:2477
[13384859ms] [LOG] [Fast Refresh] done in 153ms @ http://localhost:3000/_next/static/chunks/node_modules_next_dist_1ybzpk2._.js:2477
[13385867ms] [LOG] [Fast Refresh] rebuilding @ http://localhost:3000/_next/static/chunks/node_modules_next_dist_1ybzpk2._.js:2477
[13386097ms] [LOG] [Fast Refresh] done in 336ms @ http://localhost:3000/_next/static/chunks/node_modules_next_dist_1ybzpk2._.js:2477
[13386393ms] [LOG] [Fast Refresh] rebuilding @ http://localhost:3000/_next/static/chunks/node_modules_next_dist_1ybzpk2._.js:2477
[13386584ms] [LOG] [Fast Refresh] done in 303ms @ http://localhost:3000/_next/static/chunks/node_modules_next_dist_1ybzpk2._.js:2477
[13387113ms] [LOG] [Fast Refresh] rebuilding @ http://localhost:3000/_next/static/chunks/node_modules_next_dist_1ybzpk2._.js:2477
[13387648ms] [LOG] [Fast Refresh] done in 638ms @ http://localhost:3000/_next/static/chunks/node_modules_next_dist_1ybzpk2._.js:2477
[13389808ms] [LOG] [Fast Refresh] rebuilding @ http://localhost:3000/_next/static/chunks/node_modules_next_dist_1ybzpk2._.js:2477
[13390195ms] [LOG] [Fast Refresh] done in 502ms @ http://localhost:3000/_next/static/chunks/node_modules_next_dist_1ybzpk2._.js:2477
[13391643ms] [LOG] [Fast Refresh] rebuilding @ http://localhost:3000/_next/static/chunks/node_modules_next_dist_1ybzpk2._.js:2477
[13391885ms] [LOG] [Fast Refresh] done in 358ms @ http://localhost:3000/_next/static/chunks/node_modules_next_dist_1ybzpk2._.js:2477
[13392093ms] [LOG] [Fast Refresh] rebuilding @ http://localhost:3000/_next/static/chunks/node_modules_next_dist_1ybzpk2._.js:2477
[13392260ms] [LOG] [Fast Refresh] done in 270ms @ http://localhost:3000/_next/static/chunks/node_modules_next_dist_1ybzpk2._.js:2477
[13392545ms] [LOG] [Fast Refresh] rebuilding @ http://localhost:3000/_next/static/chunks/node_modules_next_dist_1ybzpk2._.js:2477
[13392571ms] [LOG] [Fast Refresh] done in 141ms @ http://localhost:3000/_next/static/chunks/node_modules_next_dist_1ybzpk2._.js:2477
[14211744ms] [LOG] [Fast Refresh] rebuilding @ http://localhost:3000/_next/static/chunks/node_modules_next_dist_1ybzpk2._.js:2477
[14211949ms] [LOG] [Fast Refresh] done in 320ms @ http://localhost:3000/_next/static/chunks/node_modules_next_dist_1ybzpk2._.js:2477
[14230735ms] [LOG] [Fast Refresh] rebuilding @ http://localhost:3000/_next/static/chunks/node_modules_next_dist_1ybzpk2._.js:2477
[14231825ms] [LOG] [Fast Refresh] done in 1204ms @ http://localhost:3000/_next/static/chunks/node_modules_next_dist_1ybzpk2._.js:2477
[14237540ms] [LOG] [Fast Refresh] rebuilding @ http://localhost:3000/_next/static/chunks/node_modules_next_dist_1ybzpk2._.js:2477
[15203270ms] [ERROR] Failed to load resource: net::ERR_NETWORK_CHANGED @ http://localhost:3000/en/login?reason=idle&_rsc=vC3-Au21QXuX1vqq:0
[15203276ms] [ERROR] Failed to fetch RSC payload for http://localhost:3000/en/login?reason=idle. Falling back to browser navigation. TypeError: Failed to fetch
    at createFetch (http://localhost:3000/_next/static/chunks/node_modules_next_dist_client_0r5nbpw._.js:8207:21)
    at async fetchServerResponse (http://localhost:3000/_next/static/chunks/node_modules_next_dist_client_0r5nbpw._.js:8051:21)
    at async fetchMissingDynamicData (http://localhost:3000/_next/static/chunks/node_modules_next_dist_client_0r5nbpw._.js:9464:24) @ http://localhost:3000/_next/static/chunks/node_modules_next_dist_1ybzpk2._.js:3318
[15203307ms] [ERROR] Failed to load resource: net::ERR_NETWORK_CHANGED @ http://localhost:3000/en/login?reason=idle&_rsc=vC3-Au21QXuX1vqq:0
[15203308ms] [ERROR] Failed to fetch RSC payload for http://localhost:3000/en/login?reason=idle. Falling back to browser navigation. TypeError: Failed to fetch
    at createFetch (http://localhost:3000/_next/static/chunks/node_modules_next_dist_client_0r5nbpw._.js:8207:21)
    at async fetchServerResponse (http://localhost:3000/_next/static/chunks/node_modules_next_dist_client_0r5nbpw._.js:8051:21)
    at async fetchMissingDynamicData (http://localhost:3000/_next/static/chunks/node_modules_next_dist_client_0r5nbpw._.js:9464:24) @ http://localhost:3000/_next/static/chunks/node_modules_next_dist_1ybzpk2._.js:3318
[15203362ms] [ERROR] Failed to load resource: net::ERR_NETWORK_CHANGED @ http://localhost:3000/en/login?reason=idle&_rsc=vC3-Au21QXuX1vqq:0
[15203363ms] [ERROR] Failed to fetch RSC payload for http://localhost:3000/en/login?reason=idle. Falling back to browser navigation. TypeError: Failed to fetch
    at createFetch (http://localhost:3000/_next/static/chunks/node_modules_next_dist_client_0r5nbpw._.js:8207:21)
    at async fetchServerResponse (http://localhost:3000/_next/static/chunks/node_modules_next_dist_client_0r5nbpw._.js:8051:21)
    at async fetchMissingDynamicData (http://localhost:3000/_next/static/chunks/node_modules_next_dist_client_0r5nbpw._.js:9464:24) @ http://localhost:3000/_next/static/chunks/node_modules_next_dist_1ybzpk2._.js:3318
[15203365ms] [ERROR] Failed to load resource: net::ERR_NETWORK_CHANGED @ http://localhost:3000/en/login?reason=idle&_rsc=vC3-Au21QXuX1vqq:0
[15203365ms] [ERROR] Failed to fetch RSC payload for http://localhost:3000/en/login?reason=idle. Falling back to browser navigation. TypeError: Failed to fetch
    at createFetch (http://localhost:3000/_next/static/chunks/node_modules_next_dist_client_0r5nbpw._.js:8207:21)
    at async fetchServerResponse (http://localhost:3000/_next/static/chunks/node_modules_next_dist_client_0r5nbpw._.js:8051:21)
    at async fetchMissingDynamicData (http://localhost:3000/_next/static/chunks/node_modules_next_dist_client_0r5nbpw._.js:9464:24) @ http://localhost:3000/_next/static/chunks/node_modules_next_dist_1ybzpk2._.js:3318
[15203368ms] [ERROR] Failed to load resource: net::ERR_NETWORK_CHANGED @ http://localhost:3000/en/login?reason=idle&_rsc=vC3-Au21QXuX1vqq:0
[15203368ms] [ERROR] Failed to fetch RSC payload for http://localhost:3000/en/login?reason=idle. Falling back to browser navigation. TypeError: Failed to fetch
    at createFetch (http://localhost:3000/_next/static/chunks/node_modules_next_dist_client_0r5nbpw._.js:8207:21)
    at async fetchServerResponse (http://localhost:3000/_next/static/chunks/node_modules_next_dist_client_0r5nbpw._.js:8051:21)
    at async fetchMissingDynamicData (http://localhost:3000/_next/static/chunks/node_modules_next_dist_client_0r5nbpw._.js:9464:24) @ http://localhost:3000/_next/static/chunks/node_modules_next_dist_1ybzpk2._.js:3318
[15203370ms] [ERROR] Failed to load resource: net::ERR_NETWORK_CHANGED @ http://localhost:3000/en/login?reason=idle&_rsc=vC3-Au21QXuX1vqq:0
[15203373ms] [ERROR] Failed to fetch RSC payload for http://localhost:3000/en/login?reason=idle. Falling back to browser navigation. TypeError: Failed to fetch
    at createFetch (http://localhost:3000/_next/static/chunks/node_modules_next_dist_client_0r5nbpw._.js:8207:21)
    at async fetchServerResponse (http://localhost:3000/_next/static/chunks/node_modules_next_dist_client_0r5nbpw._.js:8051:21)
    at async fetchMissingDynamicData (http://localhost:3000/_next/static/chunks/node_modules_next_dist_client_0r5nbpw._.js:9464:24) @ http://localhost:3000/_next/static/chunks/node_modules_next_dist_1ybzpk2._.js:3318
[15203376ms] [ERROR] Failed to load resource: net::ERR_NETWORK_CHANGED @ http://localhost:3000/en/login?reason=idle&_rsc=vC3-Au21QXuX1vqq:0
[15203377ms] [ERROR] Failed to fetch RSC payload for http://localhost:3000/en/login?reason=idle. Falling back to browser navigation. TypeError: Failed to fetch
    at createFetch (http://localhost:3000/_next/static/chunks/node_modules_next_dist_client_0r5nbpw._.js:8207:21)
    at async fetchServerResponse (http://localhost:3000/_next/static/chunks/node_modules_next_dist_client_0r5nbpw._.js:8051:21)
    at async fetchMissingDynamicData (http://localhost:3000/_next/static/chunks/node_modules_next_dist_client_0r5nbpw._.js:9464:24) @ http://localhost:3000/_next/static/chunks/node_modules_next_dist_1ybzpk2._.js:3318
[15203378ms] [ERROR] Failed to load resource: net::ERR_NETWORK_CHANGED @ http://localhost:3000/en/login?reason=idle&_rsc=vC3-Au21QXuX1vqq:0
[15203379ms] [ERROR] Failed to fetch RSC payload for http://localhost:3000/en/login?reason=idle. Falling back to browser navigation. TypeError: Failed to fetch
    at createFetch (http://localhost:3000/_next/static/chunks/node_modules_next_dist_client_0r5nbpw._.js:8207:21)
    at async fetchServerResponse (http://localhost:3000/_next/static/chunks/node_modules_next_dist_client_0r5nbpw._.js:8051:21)
    at async fetchMissingDynamicData (http://localhost:3000/_next/static/chunks/node_modules_next_dist_client_0r5nbpw._.js:9464:24) @ http://localhost:3000/_next/static/chunks/node_modules_next_dist_1ybzpk2._.js:3318
[15203384ms] [ERROR] Failed to load resource: net::ERR_NETWORK_CHANGED @ http://localhost:3000/en/login?reason=idle&_rsc=vC3-Au21QXuX1vqq:0
[15203384ms] [ERROR] Failed to fetch RSC payload for http://localhost:3000/en/login?reason=idle. Falling back to browser navigation. TypeError: Failed to fetch
    at createFetch (http://localhost:3000/_next/static/chunks/node_modules_next_dist_client_0r5nbpw._.js:8207:21)
    at async fetchServerResponse (http://localhost:3000/_next/static/chunks/node_modules_next_dist_client_0r5nbpw._.js:8051:21)
    at async fetchMissingDynamicData (http://localhost:3000/_next/static/chunks/node_modules_next_dist_client_0r5nbpw._.js:9464:24) @ http://localhost:3000/_next/static/chunks/node_modules_next_dist_1ybzpk2._.js:3318
[15203386ms] [ERROR] Failed to load resource: net::ERR_NETWORK_CHANGED @ http://localhost:3000/en/login?reason=idle&_rsc=vC3-Au21QXuX1vqq:0
[15203388ms] [ERROR] Failed to fetch RSC payload for http://localhost:3000/en/login?reason=idle. Falling back to browser navigation. TypeError: Failed to fetch
    at createFetch (http://localhost:3000/_next/static/chunks/node_modules_next_dist_client_0r5nbpw._.js:8207:21)
    at async fetchServerResponse (http://localhost:3000/_next/static/chunks/node_modules_next_dist_client_0r5nbpw._.js:8051:21)
    at async fetchMissingDynamicData (http://localhost:3000/_next/static/chunks/node_modules_next_dist_client_0r5nbpw._.js:9464:24) @ http://localhost:3000/_next/static/chunks/node_modules_next_dist_1ybzpk2._.js:3318
[15203389ms] [ERROR] Failed to load resource: net::ERR_NETWORK_CHANGED @ http://localhost:3000/en/login?reason=idle&_rsc=vC3-Au21QXuX1vqq:0
[15203390ms] [ERROR] Failed to fetch RSC payload for http://localhost:3000/en/login?reason=idle. Falling back to browser navigation. TypeError: Failed to fetch
    at createFetch (http://localhost:3000/_next/static/chunks/node_modules_next_dist_client_0r5nbpw._.js:8207:21)
    at async fetchServerResponse (http://localhost:3000/_next/static/chunks/node_modules_next_dist_client_0r5nbpw._.js:8051:21)
    at async fetchMissingDynamicData (http://localhost:3000/_next/static/chunks/node_modules_next_dist_client_0r5nbpw._.js:9464:24) @ http://localhost:3000/_next/static/chunks/node_modules_next_dist_1ybzpk2._.js:3318
[15203393ms] [ERROR] Failed to load resource: net::ERR_NETWORK_CHANGED @ http://localhost:3000/en/login?reason=idle&_rsc=vC3-Au21QXuX1vqq:0
[15203393ms] [ERROR] Failed to fetch RSC payload for http://localhost:3000/en/login?reason=idle. Falling back to browser navigation. TypeError: Failed to fetch
    at createFetch (http://localhost:3000/_next/static/chunks/node_modules_next_dist_client_0r5nbpw._.js:8207:21)
    at async fetchServerResponse (http://localhost:3000/_next/static/chunks/node_modules_next_dist_client_0r5nbpw._.js:8051:21)
    at async fetchMissingDynamicData (http://localhost:3000/_next/static/chunks/node_modules_next_dist_client_0r5nbpw._.js:9464:24) @ http://localhost:3000/_next/static/chunks/node_modules_next_dist_1ybzpk2._.js:3318
[15203396ms] [ERROR] Failed to load resource: net::ERR_NETWORK_CHANGED @ http://localhost:3000/en/login?reason=idle&_rsc=vC3-Au21QXuX1vqq:0
[15203396ms] [ERROR] Failed to fetch RSC payload for http://localhost:3000/en/login?reason=idle. Falling back to browser navigation. TypeError: Failed to fetch
    at createFetch (http://localhost:3000/_next/static/chunks/node_modules_next_dist_client_0r5nbpw._.js:8207:21)
    at async fetchServerResponse (http://localhost:3000/_next/static/chunks/node_modules_next_dist_client_0r5nbpw._.js:8051:21)
    at async fetchMissingDynamicData (http://localhost:3000/_next/static/chunks/node_modules_next_dist_client_0r5nbpw._.js:9464:24) @ http://localhost:3000/_next/static/chunks/node_modules_next_dist_1ybzpk2._.js:3318
[15203398ms] [ERROR] Failed to load resource: net::ERR_NETWORK_CHANGED @ http://localhost:3000/en/login?reason=idle&_rsc=vC3-Au21QXuX1vqq:0
[15203399ms] [ERROR] Failed to fetch RSC payload for http://localhost:3000/en/login?reason=idle. Falling back to browser navigation. TypeError: Failed to fetch
    at createFetch (http://localhost:3000/_next/static/chunks/node_modules_next_dist_client_0r5nbpw._.js:8207:21)
    at async fetchServerResponse (http://localhost:3000/_next/static/chunks/node_modules_next_dist_client_0r5nbpw._.js:8051:21)
    at async fetchMissingDynamicData (http://localhost:3000/_next/static/chunks/node_modules_next_dist_client_0r5nbpw._.js:9464:24) @ http://localhost:3000/_next/static/chunks/node_modules_next_dist_1ybzpk2._.js:3318
[15203402ms] [ERROR] Failed to load resource: net::ERR_NETWORK_CHANGED @ http://localhost:3000/en/login?reason=idle&_rsc=vC3-Au21QXuX1vqq:0
[15203403ms] [ERROR] Failed to fetch RSC payload for http://localhost:3000/en/login?reason=idle. Falling back to browser navigation. TypeError: Failed to fetch
    at createFetch (http://localhost:3000/_next/static/chunks/node_modules_next_dist_client_0r5nbpw._.js:8207:21)
    at async fetchServerResponse (http://localhost:3000/_next/static/chunks/node_modules_next_dist_client_0r5nbpw._.js:8051:21)
    at async fetchMissingDynamicData (http://localhost:3000/_next/static/chunks/node_modules_next_dist_client_0r5nbpw._.js:9464:24) @ http://localhost:3000/_next/static/chunks/node_modules_next_dist_1ybzpk2._.js:3318
[15203404ms] [ERROR] Failed to load resource: net::ERR_NETWORK_CHANGED @ http://localhost:3000/en/login?reason=idle&_rsc=vC3-Au21QXuX1vqq:0
[15203405ms] [ERROR] Failed to fetch RSC payload for http://localhost:3000/en/login?reason=idle. Falling back to browser navigation. TypeError: Failed to fetch
    at createFetch (http://localhost:3000/_next/static/chunks/node_modules_next_dist_client_0r5nbpw._.js:8207:21)
    at async fetchServerResponse (http://localhost:3000/_next/static/chunks/node_modules_next_dist_client_0r5nbpw._.js:8051:21)
    at async fetchMissingDynamicData (http://localhost:3000/_next/static/chunks/node_modules_next_dist_client_0r5nbpw._.js:9464:24) @ http://localhost:3000/_next/static/chunks/node_modules_next_dist_1ybzpk2._.js:3318
[15203409ms] [ERROR] Failed to load resource: net::ERR_NETWORK_CHANGED @ http://localhost:3000/en/login?reason=idle&_rsc=vC3-Au21QXuX1vqq:0
[15203410ms] [ERROR] Failed to fetch RSC payload for http://localhost:3000/en/login?reason=idle. Falling back to browser navigation. TypeError: Failed to fetch
    at createFetch (http://localhost:3000/_next/static/chunks/node_modules_next_dist_client_0r5nbpw._.js:8207:21)
    at async fetchServerResponse (http://localhost:3000/_next/static/chunks/node_modules_next_dist_client_0r5nbpw._.js:8051:21)
    at async fetchMissingDynamicData (http://localhost:3000/_next/static/chunks/node_modules_next_dist_client_0r5nbpw._.js:9464:24) @ http://localhost:3000/_next/static/chunks/node_modules_next_dist_1ybzpk2._.js:3318
[15203418ms] [ERROR] Failed to load resource: net::ERR_NETWORK_CHANGED @ http://localhost:3000/en/login?reason=idle&_rsc=vC3-Au21QXuX1vqq:0
[15203419ms] [ERROR] Failed to fetch RSC payload for http://localhost:3000/en/login?reason=idle. Falling back to browser navigation. TypeError: Failed to fetch
    at createFetch (http://localhost:3000/_next/static/chunks/node_modules_next_dist_client_0r5nbpw._.js:8207:21)
    at async fetchServerResponse (http://localhost:3000/_next/static/chunks/node_modules_next_dist_client_0r5nbpw._.js:8051:21)
    at async fetchMissingDynamicData (http://localhost:3000/_next/static/chunks/node_modules_next_dist_client_0r5nbpw._.js:9464:24) @ http://localhost:3000/_next/static/chunks/node_modules_next_dist_1ybzpk2._.js:3318
[15203423ms] [ERROR] Failed to load resource: net::ERR_NETWORK_CHANGED @ http://localhost:3000/en/login?reason=idle&_rsc=vC3-Au21QXuX1vqq:0
[15203424ms] [ERROR] Failed to fetch RSC payload for http://localhost:3000/en/login?reason=idle. Falling back to browser navigation. TypeError: Failed to fetch
    at createFetch (http://localhost:3000/_next/static/chunks/node_modules_next_dist_client_0r5nbpw._.js:8207:21)
    at async fetchServerResponse (http://localhost:3000/_next/static/chunks/node_modules_next_dist_client_0r5nbpw._.js:8051:21)
    at async fetchMissingDynamicData (http://localhost:3000/_next/static/chunks/node_modules_next_dist_client_0r5nbpw._.js:9464:24) @ http://localhost:3000/_next/static/chunks/node_modules_next_dist_1ybzpk2._.js:3318
[15203431ms] [ERROR] Failed to load resource: net::ERR_NETWORK_CHANGED @ http://localhost:3000/en/login?reason=idle&_rsc=vC3-Au21QXuX1vqq:0
[15203431ms] [ERROR] Failed to fetch RSC payload for http://localhost:3000/en/login?reason=idle. Falling back to browser navigation. TypeError: Failed to fetch
    at createFetch (http://localhost:3000/_next/static/chunks/node_modules_next_dist_client_0r5nbpw._.js:8207:21)
    at async fetchServerResponse (http://localhost:3000/_next/static/chunks/node_modules_next_dist_client_0r5nbpw._.js:8051:21)
    at async fetchMissingDynamicData (http://localhost:3000/_next/static/chunks/node_modules_next_dist_client_0r5nbpw._.js:9464:24) @ http://localhost:3000/_next/static/chunks/node_modules_next_dist_1ybzpk2._.js:3318
[15203436ms] [ERROR] Failed to load resource: net::ERR_NETWORK_CHANGED @ http://localhost:3000/en/login?reason=idle&_rsc=vC3-Au21QXuX1vqq:0
[15203436ms] [ERROR] Failed to fetch RSC payload for http://localhost:3000/en/login?reason=idle. Falling back to browser navigation. TypeError: Failed to fetch
    at createFetch (http://localhost:3000/_next/static/chunks/node_modules_next_dist_client_0r5nbpw._.js:8207:21)
    at async fetchServerResponse (http://localhost:3000/_next/static/chunks/node_modules_next_dist_client_0r5nbpw._.js:8051:21)
    at async fetchMissingDynamicData (http://localhost:3000/_next/static/chunks/node_modules_next_dist_client_0r5nbpw._.js:9464:24) @ http://localhost:3000/_next/static/chunks/node_modules_next_dist_1ybzpk2._.js:3318
[15203448ms] [ERROR] Failed to load resource: net::ERR_NETWORK_CHANGED @ http://localhost:3000/en/login?reason=idle&_rsc=vC3-Au21QXuX1vqq:0
[15203449ms] [ERROR] Failed to fetch RSC payload for http://localhost:3000/en/login?reason=idle. Falling back to browser navigation. TypeError: Failed to fetch
    at createFetch (http://localhost:3000/_next/static/chunks/node_modules_next_dist_client_0r5nbpw._.js:8207:21)
    at async fetchServerResponse (http://localhost:3000/_next/static/chunks/node_modules_next_dist_client_0r5nbpw._.js:8051:21)
    at async fetchMissingDynamicData (http://localhost:3000/_next/static/chunks/node_modules_next_dist_client_0r5nbpw._.js:9464:24) @ http://localhost:3000/_next/static/chunks/node_modules_next_dist_1ybzpk2._.js:3318
[15203451ms] [ERROR] Failed to load resource: net::ERR_NETWORK_CHANGED @ http://localhost:3000/en/login?reason=idle&_rsc=vC3-Au21QXuX1vqq:0
[15203451ms] [ERROR] Failed to fetch RSC payload for http://localhost:3000/en/login?reason=idle. Falling back to browser navigation. TypeError: Failed to fetch
    at createFetch (http://localhost:3000/_next/static/chunks/node_modules_next_dist_client_0r5nbpw._.js:8207:21)
    at async fetchServerResponse (http://localhost:3000/_next/static/chunks/node_modules_next_dist_client_0r5nbpw._.js:8051:21)
    at async fetchMissingDynamicData (http://localhost:3000/_next/static/chunks/node_modules_next_dist_client_0r5nbpw._.js:9464:24) @ http://localhost:3000/_next/static/chunks/node_modules_next_dist_1ybzpk2._.js:3318
[15203453ms] [ERROR] Failed to load resource: net::ERR_NETWORK_CHANGED @ http://localhost:3000/en/login?reason=idle&_rsc=vC3-Au21QXuX1vqq:0
[15203453ms] [ERROR] Failed to fetch RSC payload for http://localhost:3000/en/login?reason=idle. Falling back to browser navigation. TypeError: Failed to fetch
    at createFetch (http://localhost:3000/_next/static/chunks/node_modules_next_dist_client_0r5nbpw._.js:8207:21)
    at async fetchServerResponse (http://localhost:3000/_next/static/chunks/node_modules_next_dist_client_0r5nbpw._.js:8051:21)
    at async fetchMissingDynamicData (http://localhost:3000/_next/static/chunks/node_modules_next_dist_client_0r5nbpw._.js:9464:24) @ http://localhost:3000/_next/static/chunks/node_modules_next_dist_1ybzpk2._.js:3318
[15203455ms] [ERROR] Failed to load resource: net::ERR_NETWORK_CHANGED @ http://localhost:3000/en/login?reason=idle&_rsc=vC3-Au21QXuX1vqq:0
[15203455ms] [ERROR] Failed to fetch RSC payload for http://localhost:3000/en/login?reason=idle. Falling back to browser navigation. TypeError: Failed to fetch
    at createFetch (http://localhost:3000/_next/static/chunks/node_modules_next_dist_client_0r5nbpw._.js:8207:21)
    at async fetchServerResponse (http://localhost:3000/_next/static/chunks/node_modules_next_dist_client_0r5nbpw._.js:8051:21)
    at async fetchMissingDynamicData (http://localhost:3000/_next/static/chunks/node_modules_next_dist_client_0r5nbpw._.js:9464:24) @ http://localhost:3000/_next/static/chunks/node_modules_next_dist_1ybzpk2._.js:3318
[15203459ms] [ERROR] Failed to load resource: net::ERR_NETWORK_CHANGED @ http://localhost:3000/en/login?reason=idle&_rsc=vC3-Au21QXuX1vqq:0
[15203459ms] [ERROR] Failed to fetch RSC payload for http://localhost:3000/en/login?reason=idle. Falling back to browser navigation. TypeError: Failed to fetch
    at createFetch (http://localhost:3000/_next/static/chunks/node_modules_next_dist_client_0r5nbpw._.js:8207:21)
    at async fetchServerResponse (http://localhost:3000/_next/static/chunks/node_modules_next_dist_client_0r5nbpw._.js:8051:21)
    at async fetchMissingDynamicData (http://localhost:3000/_next/static/chunks/node_modules_next_dist_client_0r5nbpw._.js:9464:24) @ http://localhost:3000/_next/static/chunks/node_modules_next_dist_1ybzpk2._.js:3318
[15203460ms] [ERROR] Failed to load resource: net::ERR_NETWORK_CHANGED @ http://localhost:3000/en/login?reason=idle&_rsc=vC3-Au21QXuX1vqq:0
[15203460ms] [ERROR] Failed to fetch RSC payload for http://localhost:3000/en/login?reason=idle. Falling back to browser navigation. TypeError: Failed to fetch
    at createFetch (http://localhost:3000/_next/static/chunks/node_modules_next_dist_client_0r5nbpw._.js:8207:21)
    at async fetchServerResponse (http://localhost:3000/_next/static/chunks/node_modules_next_dist_client_0r5nbpw._.js:8051:21)
    at async fetchMissingDynamicData (http://localhost:3000/_next/static/chunks/node_modules_next_dist_client_0r5nbpw._.js:9464:24) @ http://localhost:3000/_next/static/chunks/node_modules_next_dist_1ybzpk2._.js:3318
[15203463ms] [ERROR] Failed to load resource: net::ERR_NETWORK_CHANGED @ http://localhost:3000/en/login?reason=idle&_rsc=vC3-Au21QXuX1vqq:0
[15203463ms] [ERROR] Failed to fetch RSC payload for http://localhost:3000/en/login?reason=idle. Falling back to browser navigation. TypeError: Failed to fetch
    at createFetch (http://localhost:3000/_next/static/chunks/node_modules_next_dist_client_0r5nbpw._.js:8207:21)
    at async fetchServerResponse (http://localhost:3000/_next/static/chunks/node_modules_next_dist_client_0r5nbpw._.js:8051:21)
    at async fetchMissingDynamicData (http://localhost:3000/_next/static/chunks/node_modules_next_dist_client_0r5nbpw._.js:9464:24) @ http://localhost:3000/_next/static/chunks/node_modules_next_dist_1ybzpk2._.js:3318
[15203465ms] [ERROR] Failed to load resource: net::ERR_NETWORK_CHANGED @ http://localhost:3000/en/login?reason=idle&_rsc=vC3-Au21QXuX1vqq:0
[15203465ms] [ERROR] Failed to fetch RSC payload for http://localhost:3000/en/login?reason=idle. Falling back to browser navigation. TypeError: Failed to fetch
    at createFetch (http://localhost:3000/_next/static/chunks/node_modules_next_dist_client_0r5nbpw._.js:8207:21)
    at async fetchServerResponse (http://localhost:3000/_next/static/chunks/node_modules_next_dist_client_0r5nbpw._.js:8051:21)
    at async fetchMissingDynamicData (http://localhost:3000/_next/static/chunks/node_modules_next_dist_client_0r5nbpw._.js:9464:24) @ http://localhost:3000/_next/static/chunks/node_modules_next_dist_1ybzpk2._.js:3318
[15203468ms] [ERROR] Failed to load resource: net::ERR_NETWORK_CHANGED @ http://localhost:3000/en/login?reason=idle&_rsc=vC3-Au21QXuX1vqq:0
[15203468ms] [ERROR] Failed to fetch RSC payload for http://localhost:3000/en/login?reason=idle. Falling back to browser navigation. TypeError: Failed to fetch
    at createFetch (http://localhost:3000/_next/static/chunks/node_modules_next_dist_client_0r5nbpw._.js:8207:21)
    at async fetchServerResponse (http://localhost:3000/_next/static/chunks/node_modules_next_dist_client_0r5nbpw._.js:8051:21)
    at async fetchMissingDynamicData (http://localhost:3000/_next/static/chunks/node_modules_next_dist_client_0r5nbpw._.js:9464:24) @ http://localhost:3000/_next/static/chunks/node_modules_next_dist_1ybzpk2._.js:3318
[15203471ms] [ERROR] Failed to load resource: net::ERR_NETWORK_CHANGED @ http://localhost:3000/en/login?reason=idle&_rsc=vC3-Au21QXuX1vqq:0
[15203471ms] [ERROR] Failed to fetch RSC payload for http://localhost:3000/en/login?reason=idle. Falling back to browser navigation. TypeError: Failed to fetch
    at createFetch (http://localhost:3000/_next/static/chunks/node_modules_next_dist_client_0r5nbpw._.js:8207:21)
    at async fetchServerResponse (http://localhost:3000/_next/static/chunks/node_modules_next_dist_client_0r5nbpw._.js:8051:21)
    at async fetchMissingDynamicData (http://localhost:3000/_next/static/chunks/node_modules_next_dist_client_0r5nbpw._.js:9464:24) @ http://localhost:3000/_next/static/chunks/node_modules_next_dist_1ybzpk2._.js:3318
[15203473ms] [ERROR] Failed to load resource: net::ERR_NETWORK_CHANGED @ http://localhost:3000/en/login?reason=idle&_rsc=vC3-Au21QXuX1vqq:0
[15203473ms] [ERROR] Failed to fetch RSC payload for http://localhost:3000/en/login?reason=idle. Falling back to browser navigation. TypeError: Failed to fetch
    at createFetch (http://localhost:3000/_next/static/chunks/node_modules_next_dist_client_0r5nbpw._.js:8207:21)
    at async fetchServerResponse (http://localhost:3000/_next/static/chunks/node_modules_next_dist_client_0r5nbpw._.js:8051:21)
    at async fetchMissingDynamicData (http://localhost:3000/_next/static/chunks/node_modules_next_dist_client_0r5nbpw._.js:9464:24) @ http://localhost:3000/_next/static/chunks/node_modules_next_dist_1ybzpk2._.js:3318
[15203476ms] [ERROR] Failed to load resource: net::ERR_NETWORK_CHANGED @ http://localhost:3000/en/login?reason=idle&_rsc=vC3-Au21QXuX1vqq:0
[15203476ms] [ERROR] Failed to fetch RSC payload for http://localhost:3000/en/login?reason=idle. Falling back to browser navigation. TypeError: Failed to fetch
    at createFetch (http://localhost:3000/_next/static/chunks/node_modules_next_dist_client_0r5nbpw._.js:8207:21)
    at async fetchServerResponse (http://localhost:3000/_next/static/chunks/node_modules_next_dist_client_0r5nbpw._.js:8051:21)
    at async fetchMissingDynamicData (http://localhost:3000/_next/static/chunks/node_modules_next_dist_client_0r5nbpw._.js:9464:24) @ http://localhost:3000/_next/static/chunks/node_modules_next_dist_1ybzpk2._.js:3318
[15203477ms] [ERROR] Failed to load resource: net::ERR_NETWORK_CHANGED @ http://localhost:3000/en/login?reason=idle&_rsc=vC3-Au21QXuX1vqq:0
[15203477ms] [ERROR] Failed to fetch RSC payload for http://localhost:3000/en/login?reason=idle. Falling back to browser navigation. TypeError: Failed to fetch
    at createFetch (http://localhost:3000/_next/static/chunks/node_modules_next_dist_client_0r5nbpw._.js:8207:21)
    at async fetchServerResponse (http://localhost:3000/_next/static/chunks/node_modules_next_dist_client_0r5nbpw._.js:8051:21)
    at async fetchMissingDynamicData (http://localhost:3000/_next/static/chunks/node_modules_next_dist_client_0r5nbpw._.js:9464:24) @ http://localhost:3000/_next/static/chunks/node_modules_next_dist_1ybzpk2._.js:3318
[15203479ms] [ERROR] Failed to load resource: net::ERR_NETWORK_CHANGED @ http://localhost:3000/en/login?reason=idle&_rsc=vC3-Au21QXuX1vqq:0
[15203479ms] [ERROR] Failed to fetch RSC payload for http://localhost:3000/en/login?reason=idle. Falling back to browser navigation. TypeError: Failed to fetch
    at createFetch (http://localhost:3000/_next/static/chunks/node_modules_next_dist_client_0r5nbpw._.js:8207:21)
    at async fetchServerResponse (http://localhost:3000/_next/static/chunks/node_modules_next_dist_client_0r5nbpw._.js:8051:21)
    at async fetchMissingDynamicData (http://localhost:3000/_next/static/chunks/node_modules_next_dist_client_0r5nbpw._.js:9464:24) @ http://localhost:3000/_next/static/chunks/node_modules_next_dist_1ybzpk2._.js:3318
[15203481ms] [ERROR] Failed to load resource: net::ERR_NETWORK_CHANGED @ http://localhost:3000/en/login?reason=idle&_rsc=vC3-Au21QXuX1vqq:0
[15203481ms] [ERROR] Failed to fetch RSC payload for http://localhost:3000/en/login?reason=idle. Falling back to browser navigation. TypeError: Failed to fetch
    at createFetch (http://localhost:3000/_next/static/chunks/node_modules_next_dist_client_0r5nbpw._.js:8207:21)
    at async fetchServerResponse (http://localhost:3000/_next/static/chunks/node_modules_next_dist_client_0r5nbpw._.js:8051:21)
    at async fetchMissingDynamicData (http://localhost:3000/_next/static/chunks/node_modules_next_dist_client_0r5nbpw._.js:9464:24) @ http://localhost:3000/_next/static/chunks/node_modules_next_dist_1ybzpk2._.js:3318
[15203483ms] [ERROR] Failed to load resource: net::ERR_NETWORK_CHANGED @ http://localhost:3000/en/login?reason=idle&_rsc=vC3-Au21QXuX1vqq:0
[15203483ms] [ERROR] Failed to fetch RSC payload for http://localhost:3000/en/login?reason=idle. Falling back to browser navigation. TypeError: Failed to fetch
    at createFetch (http://localhost:3000/_next/static/chunks/node_modules_next_dist_client_0r5nbpw._.js:8207:21)
    at async fetchServerResponse (http://localhost:3000/_next/static/chunks/node_modules_next_dist_client_0r5nbpw._.js:8051:21)
    at async fetchMissingDynamicData (http://localhost:3000/_next/static/chunks/node_modules_next_dist_client_0r5nbpw._.js:9464:24) @ http://localhost:3000/_next/static/chunks/node_modules_next_dist_1ybzpk2._.js:3318
[15203485ms] [ERROR] Failed to load resource: net::ERR_NETWORK_CHANGED @ http://localhost:3000/en/login?reason=idle&_rsc=vC3-Au21QXuX1vqq:0
[15203485ms] [ERROR] Failed to fetch RSC payload for http://localhost:3000/en/login?reason=idle. Falling back to browser navigation. TypeError: Failed to fetch
    at createFetch (http://localhost:3000/_next/static/chunks/node_modules_next_dist_client_0r5nbpw._.js:8207:21)
    at async fetchServerResponse (http://localhost:3000/_next/static/chunks/node_modules_next_dist_client_0r5nbpw._.js:8051:21)
    at async fetchMissingDynamicData (http://localhost:3000/_next/static/chunks/node_modules_next_dist_client_0r5nbpw._.js:9464:24) @ http://localhost:3000/_next/static/chunks/node_modules_next_dist_1ybzpk2._.js:3318
[15203486ms] [ERROR] Failed to load resource: net::ERR_NETWORK_CHANGED @ http://localhost:3000/en/login?reason=idle&_rsc=vC3-Au21QXuX1vqq:0
[15203487ms] [ERROR] Failed to fetch RSC payload for http://localhost:3000/en/login?reason=idle. Falling back to browser navigation. TypeError: Failed to fetch
    at createFetch (http://localhost:3000/_next/static/chunks/node_modules_next_dist_client_0r5nbpw._.js:8207:21)
    at async fetchServerResponse (http://localhost:3000/_next/static/chunks/node_modules_next_dist_client_0r5nbpw._.js:8051:21)
    at async fetchMissingDynamicData (http://localhost:3000/_next/static/chunks/node_modules_next_dist_client_0r5nbpw._.js:9464:24) @ http://localhost:3000/_next/static/chunks/node_modules_next_dist_1ybzpk2._.js:3318
[15203490ms] [ERROR] Failed to load resource: net::ERR_NETWORK_CHANGED @ http://localhost:3000/en/login?reason=idle&_rsc=vC3-Au21QXuX1vqq:0
[15203490ms] [ERROR] Failed to fetch RSC payload for http://localhost:3000/en/login?reason=idle. Falling back to browser navigation. TypeError: Failed to fetch
    at createFetch (http://localhost:3000/_next/static/chunks/node_modules_next_dist_client_0r5nbpw._.js:8207:21)
    at async fetchServerResponse (http://localhost:3000/_next/static/chunks/node_modules_next_dist_client_0r5nbpw._.js:8051:21)
    at async fetchMissingDynamicData (http://localhost:3000/_next/static/chunks/node_modules_next_dist_client_0r5nbpw._.js:9464:24) @ http://localhost:3000/_next/static/chunks/node_modules_next_dist_1ybzpk2._.js:3318
[15203491ms] [ERROR] Failed to load resource: net::ERR_NETWORK_CHANGED @ http://localhost:3000/en/login?reason=idle&_rsc=vC3-Au21QXuX1vqq:0
[15203491ms] [ERROR] Failed to fetch RSC payload for http://localhost:3000/en/login?reason=idle. Falling back to browser navigation. TypeError: Failed to fetch
    at createFetch (http://localhost:3000/_next/static/chunks/node_modules_next_dist_client_0r5nbpw._.js:8207:21)
    at async fetchServerResponse (http://localhost:3000/_next/static/chunks/node_modules_next_dist_client_0r5nbpw._.js:8051:21)
    at async fetchMissingDynamicData (http://localhost:3000/_next/static/chunks/node_modules_next_dist_client_0r5nbpw._.js:9464:24) @ http://localhost:3000/_next/static/chunks/node_modules_next_dist_1ybzpk2._.js:3318
[15203493ms] [ERROR] Failed to load resource: net::ERR_NETWORK_CHANGED @ http://localhost:3000/en/login?reason=idle&_rsc=vC3-Au21QXuX1vqq:0
[15203494ms] [ERROR] Failed to fetch RSC payload for http://localhost:3000/en/login?reason=idle. Falling back to browser navigation. TypeError: Failed to fetch
    at createFetch (http://localhost:3000/_next/static/chunks/node_modules_next_dist_client_0r5nbpw._.js:8207:21)
    at async fetchServerResponse (http://localhost:3000/_next/static/chunks/node_modules_next_dist_client_0r5nbpw._.js:8051:21)
    at async fetchMissingDynamicData (http://localhost:3000/_next/static/chunks/node_modules_next_dist_client_0r5nbpw._.js:9464:24) @ http://localhost:3000/_next/static/chunks/node_modules_next_dist_1ybzpk2._.js:3318
[15203495ms] [ERROR] Failed to load resource: net::ERR_NETWORK_CHANGED @ http://localhost:3000/en/login?reason=idle&_rsc=vC3-Au21QXuX1vqq:0
[15203495ms] [ERROR] Failed to fetch RSC payload for http://localhost:3000/en/login?reason=idle. Falling back to browser navigation. TypeError: Failed to fetch
    at createFetch (http://localhost:3000/_next/static/chunks/node_modules_next_dist_client_0r5nbpw._.js:8207:21)
    at async fetchServerResponse (http://localhost:3000/_next/static/chunks/node_modules_next_dist_client_0r5nbpw._.js:8051:21)
    at async fetchMissingDynamicData (http://localhost:3000/_next/static/chunks/node_modules_next_dist_client_0r5nbpw._.js:9464:24) @ http://localhost:3000/_next/static/chunks/node_modules_next_dist_1ybzpk2._.js:3318
[15203497ms] [ERROR] Failed to load resource: net::ERR_NETWORK_CHANGED @ http://localhost:3000/en/login?reason=idle&_rsc=vC3-Au21QXuX1vqq:0
[15203497ms] [ERROR] Failed to fetch RSC payload for http://localhost:3000/en/login?reason=idle. Falling back to browser navigation. TypeError: Failed to fetch
    at createFetch (http://localhost:3000/_next/static/chunks/node_modules_next_dist_client_0r5nbpw._.js:8207:21)
    at async fetchServerResponse (http://localhost:3000/_next/static/chunks/node_modules_next_dist_client_0r5nbpw._.js:8051:21)
    at async fetchMissingDynamicData (http://localhost:3000/_next/static/chunks/node_modules_next_dist_client_0r5nbpw._.js:9464:24) @ http://localhost:3000/_next/static/chunks/node_modules_next_dist_1ybzpk2._.js:3318
[15203498ms] [ERROR] Failed to load resource: net::ERR_NETWORK_CHANGED @ http://localhost:3000/en/login?reason=idle&_rsc=vC3-Au21QXuX1vqq:0
[15203498ms] [ERROR] Failed to fetch RSC payload for http://localhost:3000/en/login?reason=idle. Falling back to browser navigation. TypeError: Failed to fetch
    at createFetch (http://localhost:3000/_next/static/chunks/node_modules_next_dist_client_0r5nbpw._.js:8207:21)
    at async fetchServerResponse (http://localhost:3000/_next/static/chunks/node_modules_next_dist_client_0r5nbpw._.js:8051:21)
    at async fetchMissingDynamicData (http://localhost:3000/_next/static/chunks/node_modules_next_dist_client_0r5nbpw._.js:9464:24) @ http://localhost:3000/_next/static/chunks/node_modules_next_dist_1ybzpk2._.js:3318
[15203499ms] [ERROR] Failed to load resource: net::ERR_NETWORK_CHANGED @ http://localhost:3000/en/login?reason=idle&_rsc=vC3-Au21QXuX1vqq:0
[15203500ms] [ERROR] Failed to fetch RSC payload for http://localhost:3000/en/login?reason=idle. Falling back to browser navigation. TypeError: Failed to fetch
    at createFetch (http://localhost:3000/_next/static/chunks/node_modules_next_dist_client_0r5nbpw._.js:8207:21)
    at async fetchServerResponse (http://localhost:3000/_next/static/chunks/node_modules_next_dist_client_0r5nbpw._.js:8051:21)
    at async fetchMissingDynamicData (http://localhost:3000/_next/static/chunks/node_modules_next_dist_client_0r5nbpw._.js:9464:24) @ http://localhost:3000/_next/static/chunks/node_modules_next_dist_1ybzpk2._.js:3318
[15203501ms] [ERROR] Failed to load resource: net::ERR_NETWORK_CHANGED @ http://localhost:3000/en/login?reason=idle&_rsc=vC3-Au21QXuX1vqq:0
[15203501ms] [ERROR] Failed to fetch RSC payload for http://localhost:3000/en/login?reason=idle. Falling back to browser navigation. TypeError: Failed to fetch
    at createFetch (http://localhost:3000/_next/static/chunks/node_modules_next_dist_client_0r5nbpw._.js:8207:21)
    at async fetchServerResponse (http://localhost:3000/_next/static/chunks/node_modules_next_dist_client_0r5nbpw._.js:8051:21)
    at async fetchMissingDynamicData (http://localhost:3000/_next/static/chunks/node_modules_next_dist_client_0r5nbpw._.js:9464:24) @ http://localhost:3000/_next/static/chunks/node_modules_next_dist_1ybzpk2._.js:3318
[15203502ms] [ERROR] Failed to load resource: net::ERR_NETWORK_CHANGED @ http://localhost:3000/en/login?reason=idle&_rsc=vC3-Au21QXuX1vqq:0
[15203502ms] [ERROR] Failed to fetch RSC payload for http://localhost:3000/en/login?reason=idle. Falling back to browser navigation. TypeError: Failed to fetch
    at createFetch (http://localhost:3000/_next/static/chunks/node_modules_next_dist_client_0r5nbpw._.js:8207:21)
    at async fetchServerResponse (http://localhost:3000/_next/static/chunks/node_modules_next_dist_client_0r5nbpw._.js:8051:21)
    at async fetchMissingDynamicData (http://localhost:3000/_next/static/chunks/node_modules_next_dist_client_0r5nbpw._.js:9464:24) @ http://localhost:3000/_next/static/chunks/node_modules_next_dist_1ybzpk2._.js:3318
[15203505ms] [ERROR] Failed to load resource: net::ERR_NETWORK_CHANGED @ http://localhost:3000/en/login?reason=idle&_rsc=vC3-Au21QXuX1vqq:0
[15203505ms] [ERROR] Failed to fetch RSC payload for http://localhost:3000/en/login?reason=idle. Falling back to browser navigation. TypeError: Failed to fetch
    at createFetch (http://localhost:3000/_next/static/chunks/node_modules_next_dist_client_0r5nbpw._.js:8207:21)
    at async fetchServerResponse (http://localhost:3000/_next/static/chunks/node_modules_next_dist_client_0r5nbpw._.js:8051:21)
    at async fetchMissingDynamicData (http://localhost:3000/_next/static/chunks/node_modules_next_dist_client_0r5nbpw._.js:9464:24) @ http://localhost:3000/_next/static/chunks/node_modules_next_dist_1ybzpk2._.js:3318
[15203506ms] [ERROR] Failed to load resource: net::ERR_NETWORK_CHANGED @ http://localhost:3000/en/login?reason=idle&_rsc=vC3-Au21QXuX1vqq:0
[15203506ms] [ERROR] Failed to fetch RSC payload for http://localhost:3000/en/login?reason=idle. Falling back to browser navigation. TypeError: Failed to fetch
    at createFetch (http://localhost:3000/_next/static/chunks/node_modules_next_dist_client_0r5nbpw._.js:8207:21)
    at async fetchServerResponse (http://localhost:3000/_next/static/chunks/node_modules_next_dist_client_0r5nbpw._.js:8051:21)
    at async fetchMissingDynamicData (http://localhost:3000/_next/static/chunks/node_modules_next_dist_client_0r5nbpw._.js:9464:24) @ http://localhost:3000/_next/static/chunks/node_modules_next_dist_1ybzpk2._.js:3318
[15203507ms] [ERROR] Failed to load resource: net::ERR_NETWORK_CHANGED @ http://localhost:3000/en/login?reason=idle&_rsc=vC3-Au21QXuX1vqq:0
[15203507ms] [ERROR] Failed to fetch RSC payload for http://localhost:3000/en/login?reason=idle. Falling back to browser navigation. TypeError: Failed to fetch
    at createFetch (http://localhost:3000/_next/static/chunks/node_modules_next_dist_client_0r5nbpw._.js:8207:21)
    at async fetchServerResponse (http://localhost:3000/_next/static/chunks/node_modules_next_dist_client_0r5nbpw._.js:8051:21)
    at async fetchMissingDynamicData (http://localhost:3000/_next/static/chunks/node_modules_next_dist_client_0r5nbpw._.js:9464:24) @ http://localhost:3000/_next/static/chunks/node_modules_next_dist_1ybzpk2._.js:3318
[15203509ms] [ERROR] Failed to load resource: net::ERR_NETWORK_CHANGED @ http://localhost:3000/en/login?reason=idle&_rsc=vC3-Au21QXuX1vqq:0
[15203509ms] [ERROR] Failed to fetch RSC payload for http://localhost:3000/en/login?reason=idle. Falling back to browser navigation. TypeError: Failed to fetch
    at createFetch (http://localhost:3000/_next/static/chunks/node_modules_next_dist_client_0r5nbpw._.js:8207:21)
    at async fetchServerResponse (http://localhost:3000/_next/static/chunks/node_modules_next_dist_client_0r5nbpw._.js:8051:21)
    at async fetchMissingDynamicData (http://localhost:3000/_next/static/chunks/node_modules_next_dist_client_0r5nbpw._.js:9464:24) @ http://localhost:3000/_next/static/chunks/node_modules_next_dist_1ybzpk2._.js:3318
[15203510ms] [ERROR] Failed to load resource: net::ERR_NETWORK_CHANGED @ http://localhost:3000/en/login?reason=idle&_rsc=vC3-Au21QXuX1vqq:0
[15203511ms] [ERROR] Failed to fetch RSC payload for http://localhost:3000/en/login?reason=idle. Falling back to browser navigation. TypeError: Failed to fetch
    at createFetch (http://localhost:3000/_next/static/chunks/node_modules_next_dist_client_0r5nbpw._.js:8207:21)
    at async fetchServerResponse (http://localhost:3000/_next/static/chunks/node_modules_next_dist_client_0r5nbpw._.js:8051:21)
    at async fetchMissingDynamicData (http://localhost:3000/_next/static/chunks/node_modules_next_dist_client_0r5nbpw._.js:9464:24) @ http://localhost:3000/_next/static/chunks/node_modules_next_dist_1ybzpk2._.js:3318
[15203512ms] [ERROR] Failed to load resource: net::ERR_NETWORK_CHANGED @ http://localhost:3000/en/login?reason=idle&_rsc=vC3-Au21QXuX1vqq:0
[15203513ms] [ERROR] Failed to fetch RSC payload for http://localhost:3000/en/login?reason=idle. Falling back to browser navigation. TypeError: Failed to fetch
    at createFetch (http://localhost:3000/_next/static/chunks/node_modules_next_dist_client_0r5nbpw._.js:8207:21)
    at async fetchServerResponse (http://localhost:3000/_next/static/chunks/node_modules_next_dist_client_0r5nbpw._.js:8051:21)
    at async fetchMissingDynamicData (http://localhost:3000/_next/static/chunks/node_modules_next_dist_client_0r5nbpw._.js:9464:24) @ http://localhost:3000/_next/static/chunks/node_modules_next_dist_1ybzpk2._.js:3318
[15203514ms] [ERROR] Failed to load resource: net::ERR_NETWORK_CHANGED @ http://localhost:3000/en/login?reason=idle&_rsc=vC3-Au21QXuX1vqq:0
[15203514ms] [ERROR] Failed to fetch RSC payload for http://localhost:3000/en/login?reason=idle. Falling back to browser navigation. TypeError: Failed to fetch
    at createFetch (http://localhost:3000/_next/static/chunks/node_modules_next_dist_client_0r5nbpw._.js:8207:21)
    at async fetchServerResponse (http://localhost:3000/_next/static/chunks/node_modules_next_dist_client_0r5nbpw._.js:8051:21)
    at async fetchMissingDynamicData (http://localhost:3000/_next/static/chunks/node_modules_next_dist_client_0r5nbpw._.js:9464:24) @ http://localhost:3000/_next/static/chunks/node_modules_next_dist_1ybzpk2._.js:3318
[15203516ms] [ERROR] Failed to load resource: net::ERR_NETWORK_CHANGED @ http://localhost:3000/en/login?reason=idle&_rsc=vC3-Au21QXuX1vqq:0
[15203516ms] [ERROR] Failed to fetch RSC payload for http://localhost:3000/en/login?reason=idle. Falling back to browser navigation. TypeError: Failed to fetch
    at createFetch (http://localhost:3000/_next/static/chunks/node_modules_next_dist_client_0r5nbpw._.js:8207:21)
    at async fetchServerResponse (http://localhost:3000/_next/static/chunks/node_modules_next_dist_client_0r5nbpw._.js:8051:21)
    at async fetchMissingDynamicData (http://localhost:3000/_next/static/chunks/node_modules_next_dist_client_0r5nbpw._.js:9464:24) @ http://localhost:3000/_next/static/chunks/node_modules_next_dist_1ybzpk2._.js:3318
[15203518ms] [ERROR] Failed to load resource: net::ERR_NETWORK_CHANGED @ http://localhost:3000/en/login?reason=idle&_rsc=vC3-Au21QXuX1vqq:0
[15203519ms] [ERROR] Failed to fetch RSC payload for http://localhost:3000/en/login?reason=idle. Falling back to browser navigation. TypeError: Failed to fetch
    at createFetch (http://localhost:3000/_next/static/chunks/node_modules_next_dist_client_0r5nbpw._.js:8207:21)
    at async fetchServerResponse (http://localhost:3000/_next/static/chunks/node_modules_next_dist_client_0r5nbpw._.js:8051:21)
    at async fetchMissingDynamicData (http://localhost:3000/_next/static/chunks/node_modules_next_dist_client_0r5nbpw._.js:9464:24) @ http://localhost:3000/_next/static/chunks/node_modules_next_dist_1ybzpk2._.js:3318
[15203521ms] [ERROR] Failed to load resource: net::ERR_NETWORK_CHANGED @ http://localhost:3000/en/login?reason=idle&_rsc=vC3-Au21QXuX1vqq:0
[15203521ms] [ERROR] Failed to fetch RSC payload for http://localhost:3000/en/login?reason=idle. Falling back to browser navigation. TypeError: Failed to fetch
    at createFetch (http://localhost:3000/_next/static/chunks/node_modules_next_dist_client_0r5nbpw._.js:8207:21)
    at async fetchServerResponse (http://localhost:3000/_next/static/chunks/node_modules_next_dist_client_0r5nbpw._.js:8051:21)
    at async fetchMissingDynamicData (http://localhost:3000/_next/static/chunks/node_modules_next_dist_client_0r5nbpw._.js:9464:24) @ http://localhost:3000/_next/static/chunks/node_modules_next_dist_1ybzpk2._.js:3318
[15203522ms] [ERROR] Failed to load resource: net::ERR_NETWORK_CHANGED @ http://localhost:3000/en/login?reason=idle&_rsc=vC3-Au21QXuX1vqq:0
[15203522ms] [ERROR] Failed to fetch RSC payload for http://localhost:3000/en/login?reason=idle. Falling back to browser navigation. TypeError: Failed to fetch
    at createFetch (http://localhost:3000/_next/static/chunks/node_modules_next_dist_client_0r5nbpw._.js:8207:21)
    at async fetchServerResponse (http://localhost:3000/_next/static/chunks/node_modules_next_dist_client_0r5nbpw._.js:8051:21)
    at async fetchMissingDynamicData (http://localhost:3000/_next/static/chunks/node_modules_next_dist_client_0r5nbpw._.js:9464:24) @ http://localhost:3000/_next/static/chunks/node_modules_next_dist_1ybzpk2._.js:3318
[15203524ms] [ERROR] Failed to load resource: net::ERR_NETWORK_CHANGED @ http://localhost:3000/en/login?reason=idle&_rsc=vC3-Au21QXuX1vqq:0
[15203524ms] [ERROR] Failed to fetch RSC payload for http://localhost:3000/en/login?reason=idle. Falling back to browser navigation. TypeError: Failed to fetch
    at createFetch (http://localhost:3000/_next/static/chunks/node_modules_next_dist_client_0r5nbpw._.js:8207:21)
    at async fetchServerResponse (http://localhost:3000/_next/static/chunks/node_modules_next_dist_client_0r5nbpw._.js:8051:21)
    at async fetchMissingDynamicData (http://localhost:3000/_next/static/chunks/node_modules_next_dist_client_0r5nbpw._.js:9464:24) @ http://localhost:3000/_next/static/chunks/node_modules_next_dist_1ybzpk2._.js:3318
[15203526ms] [ERROR] Failed to load resource: net::ERR_NETWORK_CHANGED @ http://localhost:3000/en/login?reason=idle&_rsc=vC3-Au21QXuX1vqq:0
[15203526ms] [ERROR] Failed to fetch RSC payload for http://localhost:3000/en/login?reason=idle. Falling back to browser navigation. TypeError: Failed to fetch
    at createFetch (http://localhost:3000/_next/static/chunks/node_modules_next_dist_client_0r5nbpw._.js:8207:21)
    at async fetchServerResponse (http://localhost:3000/_next/static/chunks/node_modules_next_dist_client_0r5nbpw._.js:8051:21)
    at async fetchMissingDynamicData (http://localhost:3000/_next/static/chunks/node_modules_next_dist_client_0r5nbpw._.js:9464:24) @ http://localhost:3000/_next/static/chunks/node_modules_next_dist_1ybzpk2._.js:3318
[15203528ms] [ERROR] Failed to load resource: net::ERR_NETWORK_CHANGED @ http://localhost:3000/en/login?reason=idle&_rsc=vC3-Au21QXuX1vqq:0
[15203528ms] [ERROR] Failed to fetch RSC payload for http://localhost:3000/en/login?reason=idle. Falling back to browser navigation. TypeError: Failed to fetch
    at createFetch (http://localhost:3000/_next/static/chunks/node_modules_next_dist_client_0r5nbpw._.js:8207:21)
    at async fetchServerResponse (http://localhost:3000/_next/static/chunks/node_modules_next_dist_client_0r5nbpw._.js:8051:21)
    at async fetchMissingDynamicData (http://localhost:3000/_next/static/chunks/node_modules_next_dist_client_0r5nbpw._.js:9464:24) @ http://localhost:3000/_next/static/chunks/node_modules_next_dist_1ybzpk2._.js:3318
[15203529ms] [ERROR] Failed to load resource: net::ERR_NETWORK_CHANGED @ http://localhost:3000/en/login?reason=idle&_rsc=vC3-Au21QXuX1vqq:0
[15203529ms] [ERROR] Failed to fetch RSC payload for http://localhost:3000/en/login?reason=idle. Falling back to browser navigation. TypeError: Failed to fetch
    at createFetch (http://localhost:3000/_next/static/chunks/node_modules_next_dist_client_0r5nbpw._.js:8207:21)
    at async fetchServerResponse (http://localhost:3000/_next/static/chunks/node_modules_next_dist_client_0r5nbpw._.js:8051:21)
    at async fetchMissingDynamicData (http://localhost:3000/_next/static/chunks/node_modules_next_dist_client_0r5nbpw._.js:9464:24) @ http://localhost:3000/_next/static/chunks/node_modules_next_dist_1ybzpk2._.js:3318
[15203531ms] [ERROR] Failed to load resource: net::ERR_NETWORK_CHANGED @ http://localhost:3000/en/login?reason=idle&_rsc=vC3-Au21QXuX1vqq:0
[15203531ms] [ERROR] Failed to fetch RSC payload for http://localhost:3000/en/login?reason=idle. Falling back to browser navigation. TypeError: Failed to fetch
    at createFetch (http://localhost:3000/_next/static/chunks/node_modules_next_dist_client_0r5nbpw._.js:8207:21)
    at async fetchServerResponse (http://localhost:3000/_next/static/chunks/node_modules_next_dist_client_0r5nbpw._.js:8051:21)
    at async fetchMissingDynamicData (http://localhost:3000/_next/static/chunks/node_modules_next_dist_client_0r5nbpw._.js:9464:24) @ http://localhost:3000/_next/static/chunks/node_modules_next_dist_1ybzpk2._.js:3318
[15203532ms] [ERROR] Failed to load resource: net::ERR_NETWORK_CHANGED @ http://localhost:3000/en/login?reason=idle&_rsc=vC3-Au21QXuX1vqq:0
[15203533ms] [ERROR] Failed to fetch RSC payload for http://localhost:3000/en/login?reason=idle. Falling back to browser navigation. TypeError: Failed to fetch
    at createFetch (http://localhost:3000/_next/static/chunks/node_modules_next_dist_client_0r5nbpw._.js:8207:21)
    at async fetchServerResponse (http://localhost:3000/_next/static/chunks/node_modules_next_dist_client_0r5nbpw._.js:8051:21)
    at async fetchMissingDynamicData (http://localhost:3000/_next/static/chunks/node_modules_next_dist_client_0r5nbpw._.js:9464:24) @ http://localhost:3000/_next/static/chunks/node_modules_next_dist_1ybzpk2._.js:3318
[15203534ms] [ERROR] Failed to load resource: net::ERR_NETWORK_CHANGED @ http://localhost:3000/en/login?reason=idle&_rsc=vC3-Au21QXuX1vqq:0
[15203534ms] [ERROR] Failed to fetch RSC payload for http://localhost:3000/en/login?reason=idle. Falling back to browser navigation. TypeError: Failed to fetch
    at createFetch (http://localhost:3000/_next/static/chunks/node_modules_next_dist_client_0r5nbpw._.js:8207:21)
    at async fetchServerResponse (http://localhost:3000/_next/static/chunks/node_modules_next_dist_client_0r5nbpw._.js:8051:21)
    at async fetchMissingDynamicData (http://localhost:3000/_next/static/chunks/node_modules_next_dist_client_0r5nbpw._.js:9464:24) @ http://localhost:3000/_next/static/chunks/node_modules_next_dist_1ybzpk2._.js:3318
[15203539ms] [ERROR] Failed to load resource: net::ERR_NETWORK_CHANGED @ http://localhost:3000/en/login?reason=idle&_rsc=vC3-Au21QXuX1vqq:0
[15203539ms] [ERROR] Failed to fetch RSC payload for http://localhost:3000/en/login?reason=idle. Falling back to browser navigation. TypeError: Failed to fetch
    at createFetch (http://localhost:3000/_next/static/chunks/node_modules_next_dist_client_0r5nbpw._.js:8207:21)
    at async fetchServerResponse (http://localhost:3000/_next/static/chunks/node_modules_next_dist_client_0r5nbpw._.js:8051:21)
    at async fetchMissingDynamicData (http://localhost:3000/_next/static/chunks/node_modules_next_dist_client_0r5nbpw._.js:9464:24) @ http://localhost:3000/_next/static/chunks/node_modules_next_dist_1ybzpk2._.js:3318
[15203541ms] [ERROR] Failed to load resource: net::ERR_NETWORK_CHANGED @ http://localhost:3000/en/login?reason=idle&_rsc=vC3-Au21QXuX1vqq:0
[15203542ms] [ERROR] Failed to fetch RSC payload for http://localhost:3000/en/login?reason=idle. Falling back to browser navigation. TypeError: Failed to fetch
    at createFetch (http://localhost:3000/_next/static/chunks/node_modules_next_dist_client_0r5nbpw._.js:8207:21)
    at async fetchServerResponse (http://localhost:3000/_next/static/chunks/node_modules_next_dist_client_0r5nbpw._.js:8051:21)
    at async fetchMissingDynamicData (http://localhost:3000/_next/static/chunks/node_modules_next_dist_client_0r5nbpw._.js:9464:24) @ http://localhost:3000/_next/static/chunks/node_modules_next_dist_1ybzpk2._.js:3318
[15203543ms] [ERROR] Failed to load resource: net::ERR_NETWORK_CHANGED @ http://localhost:3000/en/login?reason=idle&_rsc=vC3-Au21QXuX1vqq:0
[15203543ms] [ERROR] Failed to fetch RSC payload for http://localhost:3000/en/login?reason=idle. Falling back to browser navigation. TypeError: Failed to fetch
    at createFetch (http://localhost:3000/_next/static/chunks/node_modules_next_dist_client_0r5nbpw._.js:8207:21)
    at async fetchServerResponse (http://localhost:3000/_next/static/chunks/node_modules_next_dist_client_0r5nbpw._.js:8051:21)
    at async fetchMissingDynamicData (http://localhost:3000/_next/static/chunks/node_modules_next_dist_client_0r5nbpw._.js:9464:24) @ http://localhost:3000/_next/static/chunks/node_modules_next_dist_1ybzpk2._.js:3318
[15203544ms] [ERROR] Failed to load resource: net::ERR_NETWORK_CHANGED @ http://localhost:3000/en/login?reason=idle&_rsc=vC3-Au21QXuX1vqq:0
[15203544ms] [ERROR] Failed to fetch RSC payload for http://localhost:3000/en/login?reason=idle. Falling back to browser navigation. TypeError: Failed to fetch
    at createFetch (http://localhost:3000/_next/static/chunks/node_modules_next_dist_client_0r5nbpw._.js:8207:21)
    at async fetchServerResponse (http://localhost:3000/_next/static/chunks/node_modules_next_dist_client_0r5nbpw._.js:8051:21)
    at async fetchMissingDynamicData (http://localhost:3000/_next/static/chunks/node_modules_next_dist_client_0r5nbpw._.js:9464:24) @ http://localhost:3000/_next/static/chunks/node_modules_next_dist_1ybzpk2._.js:3318
[15203546ms] [ERROR] Failed to load resource: net::ERR_NETWORK_CHANGED @ http://localhost:3000/en/login?reason=idle&_rsc=vC3-Au21QXuX1vqq:0
[15203546ms] [ERROR] Failed to fetch RSC payload for http://localhost:3000/en/login?reason=idle. Falling back to browser navigation. TypeError: Failed to fetch
    at createFetch (http://localhost:3000/_next/static/chunks/node_modules_next_dist_client_0r5nbpw._.js:8207:21)
    at async fetchServerResponse (http://localhost:3000/_next/static/chunks/node_modules_next_dist_client_0r5nbpw._.js:8051:21)
    at async fetchMissingDynamicData (http://localhost:3000/_next/static/chunks/node_modules_next_dist_client_0r5nbpw._.js:9464:24) @ http://localhost:3000/_next/static/chunks/node_modules_next_dist_1ybzpk2._.js:3318
[15203547ms] [ERROR] Failed to load resource: net::ERR_NETWORK_CHANGED @ http://localhost:3000/en/login?reason=idle&_rsc=vC3-Au21QXuX1vqq:0
[15203547ms] [ERROR] Failed to fetch RSC payload for http://localhost:3000/en/login?reason=idle. Falling back to browser navigation. TypeError: Failed to fetch
    at createFetch (http://localhost:3000/_next/static/chunks/node_modules_next_dist_client_0r5nbpw._.js:8207:21)
    at async fetchServerResponse (http://localhost:3000/_next/static/chunks/node_modules_next_dist_client_0r5nbpw._.js:8051:21)
    at async fetchMissingDynamicData (http://localhost:3000/_next/static/chunks/node_modules_next_dist_client_0r5nbpw._.js:9464:24) @ http://localhost:3000/_next/static/chunks/node_modules_next_dist_1ybzpk2._.js:3318
[15203549ms] [ERROR] Failed to load resource: net::ERR_NETWORK_CHANGED @ http://localhost:3000/en/login?reason=idle&_rsc=vC3-Au21QXuX1vqq:0
[15203549ms] [ERROR] Failed to fetch RSC payload for http://localhost:3000/en/login?reason=idle. Falling back to browser navigation. TypeError: Failed to fetch
    at createFetch (http://localhost:3000/_next/static/chunks/node_modules_next_dist_client_0r5nbpw._.js:8207:21)
    at async fetchServerResponse (http://localhost:3000/_next/static/chunks/node_modules_next_dist_client_0r5nbpw._.js:8051:21)
    at async fetchMissingDynamicData (http://localhost:3000/_next/static/chunks/node_modules_next_dist_client_0r5nbpw._.js:9464:24) @ http://localhost:3000/_next/static/chunks/node_modules_next_dist_1ybzpk2._.js:3318
[15203552ms] [ERROR] Failed to load resource: net::ERR_NETWORK_CHANGED @ http://localhost:3000/en/login?reason=idle&_rsc=vC3-Au21QXuX1vqq:0
[15203552ms] [ERROR] Failed to fetch RSC payload for http://localhost:3000/en/login?reason=idle. Falling back to browser navigation. TypeError: Failed to fetch
    at createFetch (http://localhost:3000/_next/static/chunks/node_modules_next_dist_client_0r5nbpw._.js:8207:21)
    at async fetchServerResponse (http://localhost:3000/_next/static/chunks/node_modules_next_dist_client_0r5nbpw._.js:8051:21)
    at async fetchMissingDynamicData (http://localhost:3000/_next/static/chunks/node_modules_next_dist_client_0r5nbpw._.js:9464:24) @ http://localhost:3000/_next/static/chunks/node_modules_next_dist_1ybzpk2._.js:3318
[15203554ms] [ERROR] Failed to load resource: net::ERR_NETWORK_CHANGED @ http://localhost:3000/en/login?reason=idle&_rsc=vC3-Au21QXuX1vqq:0
[15203554ms] [ERROR] Failed to fetch RSC payload for http://localhost:3000/en/login?reason=idle. Falling back to browser navigation. TypeError: Failed to fetch
    at createFetch (http://localhost:3000/_next/static/chunks/node_modules_next_dist_client_0r5nbpw._.js:8207:21)
    at async fetchServerResponse (http://localhost:3000/_next/static/chunks/node_modules_next_dist_client_0r5nbpw._.js:8051:21)
    at async fetchMissingDynamicData (http://localhost:3000/_next/static/chunks/node_modules_next_dist_client_0r5nbpw._.js:9464:24) @ http://localhost:3000/_next/static/chunks/node_modules_next_dist_1ybzpk2._.js:3318
[15203555ms] [ERROR] Failed to load resource: net::ERR_NETWORK_CHANGED @ http://localhost:3000/en/login?reason=idle&_rsc=vC3-Au21QXuX1vqq:0
[15203555ms] [ERROR] Failed to fetch RSC payload for http://localhost:3000/en/login?reason=idle. Falling back to browser navigation. TypeError: Failed to fetch
    at createFetch (http://localhost:3000/_next/static/chunks/node_modules_next_dist_client_0r5nbpw._.js:8207:21)
    at async fetchServerResponse (http://localhost:3000/_next/static/chunks/node_modules_next_dist_client_0r5nbpw._.js:8051:21)
    at async fetchMissingDynamicData (http://localhost:3000/_next/static/chunks/node_modules_next_dist_client_0r5nbpw._.js:9464:24) @ http://localhost:3000/_next/static/chunks/node_modules_next_dist_1ybzpk2._.js:3318
[15203556ms] [ERROR] Failed to load resource: net::ERR_NETWORK_CHANGED @ http://localhost:3000/en/login?reason=idle&_rsc=vC3-Au21QXuX1vqq:0
[15203556ms] [ERROR] Failed to fetch RSC payload for http://localhost:3000/en/login?reason=idle. Falling back to browser navigation. TypeError: Failed to fetch
    at createFetch (http://localhost:3000/_next/static/chunks/node_modules_next_dist_client_0r5nbpw._.js:8207:21)
    at async fetchServerResponse (http://localhost:3000/_next/static/chunks/node_modules_next_dist_client_0r5nbpw._.js:8051:21)
    at async fetchMissingDynamicData (http://localhost:3000/_next/static/chunks/node_modules_next_dist_client_0r5nbpw._.js:9464:24) @ http://localhost:3000/_next/static/chunks/node_modules_next_dist_1ybzpk2._.js:3318
[15203557ms] [ERROR] Failed to load resource: net::ERR_NETWORK_CHANGED @ http://localhost:3000/en/login?reason=idle&_rsc=vC3-Au21QXuX1vqq:0
[15203557ms] [ERROR] Failed to fetch RSC payload for http://localhost:3000/en/login?reason=idle. Falling back to browser navigation. TypeError: Failed to fetch
    at createFetch (http://localhost:3000/_next/static/chunks/node_modules_next_dist_client_0r5nbpw._.js:8207:21)
    at async fetchServerResponse (http://localhost:3000/_next/static/chunks/node_modules_next_dist_client_0r5nbpw._.js:8051:21)
    at async fetchMissingDynamicData (http://localhost:3000/_next/static/chunks/node_modules_next_dist_client_0r5nbpw._.js:9464:24) @ http://localhost:3000/_next/static/chunks/node_modules_next_dist_1ybzpk2._.js:3318
[15203558ms] [ERROR] Failed to load resource: net::ERR_NETWORK_CHANGED @ http://localhost:3000/en/login?reason=idle&_rsc=vC3-Au21QXuX1vqq:0
[15203559ms] [ERROR] Failed to fetch RSC payload for http://localhost:3000/en/login?reason=idle. Falling back to browser navigation. TypeError: Failed to fetch
    at createFetch (http://localhost:3000/_next/static/chunks/node_modules_next_dist_client_0r5nbpw._.js:8207:21)
    at async fetchServerResponse (http://localhost:3000/_next/static/chunks/node_modules_next_dist_client_0r5nbpw._.js:8051:21)
    at async fetchMissingDynamicData (http://localhost:3000/_next/static/chunks/node_modules_next_dist_client_0r5nbpw._.js:9464:24) @ http://localhost:3000/_next/static/chunks/node_modules_next_dist_1ybzpk2._.js:3318
[15203560ms] [ERROR] Failed to load resource: net::ERR_NETWORK_CHANGED @ http://localhost:3000/en/login?reason=idle&_rsc=vC3-Au21QXuX1vqq:0
[15203560ms] [ERROR] Failed to fetch RSC payload for http://localhost:3000/en/login?reason=idle. Falling back to browser navigation. TypeError: Failed to fetch
    at createFetch (http://localhost:3000/_next/static/chunks/node_modules_next_dist_client_0r5nbpw._.js:8207:21)
    at async fetchServerResponse (http://localhost:3000/_next/static/chunks/node_modules_next_dist_client_0r5nbpw._.js:8051:21)
    at async fetchMissingDynamicData (http://localhost:3000/_next/static/chunks/node_modules_next_dist_client_0r5nbpw._.js:9464:24) @ http://localhost:3000/_next/static/chunks/node_modules_next_dist_1ybzpk2._.js:3318
[15203564ms] [ERROR] Failed to load resource: net::ERR_NETWORK_CHANGED @ http://localhost:3000/en/login?reason=idle&_rsc=vC3-Au21QXuX1vqq:0
[15203564ms] [ERROR] Failed to fetch RSC payload for http://localhost:3000/en/login?reason=idle. Falling back to browser navigation. TypeError: Failed to fetch
    at createFetch (http://localhost:3000/_next/static/chunks/node_modules_next_dist_client_0r5nbpw._.js:8207:21)
    at async fetchServerResponse (http://localhost:3000/_next/static/chunks/node_modules_next_dist_client_0r5nbpw._.js:8051:21)
    at async fetchMissingDynamicData (http://localhost:3000/_next/static/chunks/node_modules_next_dist_client_0r5nbpw._.js:9464:24) @ http://localhost:3000/_next/static/chunks/node_modules_next_dist_1ybzpk2._.js:3318
[15203566ms] [ERROR] Failed to load resource: net::ERR_NETWORK_CHANGED @ http://localhost:3000/en/login?reason=idle&_rsc=vC3-Au21QXuX1vqq:0
[15203566ms] [ERROR] Failed to fetch RSC payload for http://localhost:3000/en/login?reason=idle. Falling back to browser navigation. TypeError: Failed to fetch
    at createFetch (http://localhost:3000/_next/static/chunks/node_modules_next_dist_client_0r5nbpw._.js:8207:21)
    at async fetchServerResponse (http://localhost:3000/_next/static/chunks/node_modules_next_dist_client_0r5nbpw._.js:8051:21)
    at async fetchMissingDynamicData (http://localhost:3000/_next/static/chunks/node_modules_next_dist_client_0r5nbpw._.js:9464:24) @ http://localhost:3000/_next/static/chunks/node_modules_next_dist_1ybzpk2._.js:3318
[15203568ms] [ERROR] Failed to load resource: net::ERR_NETWORK_CHANGED @ http://localhost:3000/en/login?reason=idle&_rsc=vC3-Au21QXuX1vqq:0
[15203569ms] [ERROR] Failed to fetch RSC payload for http://localhost:3000/en/login?reason=idle. Falling back to browser navigation. TypeError: Failed to fetch
    at createFetch (http://localhost:3000/_next/static/chunks/node_modules_next_dist_client_0r5nbpw._.js:8207:21)
    at async fetchServerResponse (http://localhost:3000/_next/static/chunks/node_modules_next_dist_client_0r5nbpw._.js:8051:21)
    at async fetchMissingDynamicData (http://localhost:3000/_next/static/chunks/node_modules_next_dist_client_0r5nbpw._.js:9464:24) @ http://localhost:3000/_next/static/chunks/node_modules_next_dist_1ybzpk2._.js:3318
[15203570ms] [ERROR] Failed to load resource: net::ERR_NETWORK_CHANGED @ http://localhost:3000/en/login?reason=idle&_rsc=vC3-Au21QXuX1vqq:0
[15203571ms] [ERROR] Failed to fetch RSC payload for http://localhost:3000/en/login?reason=idle. Falling back to browser navigation. TypeError: Failed to fetch
    at createFetch (http://localhost:3000/_next/static/chunks/node_modules_next_dist_client_0r5nbpw._.js:8207:21)
    at async fetchServerResponse (http://localhost:3000/_next/static/chunks/node_modules_next_dist_client_0r5nbpw._.js:8051:21)
    at async fetchMissingDynamicData (http://localhost:3000/_next/static/chunks/node_modules_next_dist_client_0r5nbpw._.js:9464:24) @ http://localhost:3000/_next/static/chunks/node_modules_next_dist_1ybzpk2._.js:3318
[15203573ms] [ERROR] Failed to load resource: net::ERR_NETWORK_CHANGED @ http://localhost:3000/en/login?reason=idle&_rsc=vC3-Au21QXuX1vqq:0
[15203573ms] [ERROR] Failed to fetch RSC payload for http://localhost:3000/en/login?reason=idle. Falling back to browser navigation. TypeError: Failed to fetch
    at createFetch (http://localhost:3000/_next/static/chunks/node_modules_next_dist_client_0r5nbpw._.js:8207:21)
    at async fetchServerResponse (http://localhost:3000/_next/static/chunks/node_modules_next_dist_client_0r5nbpw._.js:8051:21)
    at async fetchMissingDynamicData (http://localhost:3000/_next/static/chunks/node_modules_next_dist_client_0r5nbpw._.js:9464:24) @ http://localhost:3000/_next/static/chunks/node_modules_next_dist_1ybzpk2._.js:3318
[15203575ms] [ERROR] Failed to load resource: net::ERR_NETWORK_CHANGED @ http://localhost:3000/en/login?reason=idle&_rsc=vC3-Au21QXuX1vqq:0
[15203575ms] [ERROR] Failed to fetch RSC payload for http://localhost:3000/en/login?reason=idle. Falling back to browser navigation. TypeError: Failed to fetch
    at createFetch (http://localhost:3000/_next/static/chunks/node_modules_next_dist_client_0r5nbpw._.js:8207:21)
    at async fetchServerResponse (http://localhost:3000/_next/static/chunks/node_modules_next_dist_client_0r5nbpw._.js:8051:21)
    at async fetchMissingDynamicData (http://localhost:3000/_next/static/chunks/node_modules_next_dist_client_0r5nbpw._.js:9464:24) @ http://localhost:3000/_next/static/chunks/node_modules_next_dist_1ybzpk2._.js:3318
[15203578ms] [ERROR] Failed to load resource: net::ERR_NETWORK_CHANGED @ http://localhost:3000/en/login?reason=idle&_rsc=vC3-Au21QXuX1vqq:0
[15203579ms] [ERROR] Failed to fetch RSC payload for http://localhost:3000/en/login?reason=idle. Falling back to browser navigation. TypeError: Failed to fetch
    at createFetch (http://localhost:3000/_next/static/chunks/node_modules_next_dist_client_0r5nbpw._.js:8207:21)
    at async fetchServerResponse (http://localhost:3000/_next/static/chunks/node_modules_next_dist_client_0r5nbpw._.js:8051:21)
    at async fetchMissingDynamicData (http://localhost:3000/_next/static/chunks/node_modules_next_dist_client_0r5nbpw._.js:9464:24) @ http://localhost:3000/_next/static/chunks/node_modules_next_dist_1ybzpk2._.js:3318
[15203583ms] [ERROR] Failed to load resource: net::ERR_NETWORK_CHANGED @ http://localhost:3000/en/login?reason=idle&_rsc=vC3-Au21QXuX1vqq:0
[15203583ms] [ERROR] Failed to fetch RSC payload for http://localhost:3000/en/login?reason=idle. Falling back to browser navigation. TypeError: Failed to fetch
    at createFetch (http://localhost:3000/_next/static/chunks/node_modules_next_dist_client_0r5nbpw._.js:8207:21)
    at async fetchServerResponse (http://localhost:3000/_next/static/chunks/node_modules_next_dist_client_0r5nbpw._.js:8051:21)
    at async fetchMissingDynamicData (http://localhost:3000/_next/static/chunks/node_modules_next_dist_client_0r5nbpw._.js:9464:24) @ http://localhost:3000/_next/static/chunks/node_modules_next_dist_1ybzpk2._.js:3318
[15203584ms] [ERROR] Failed to load resource: net::ERR_NETWORK_CHANGED @ http://localhost:3000/en/login?reason=idle&_rsc=vC3-Au21QXuX1vqq:0
[15203585ms] [ERROR] Failed to fetch RSC payload for http://localhost:3000/en/login?reason=idle. Falling back to browser navigation. TypeError: Failed to fetch
    at createFetch (http://localhost:3000/_next/static/chunks/node_modules_next_dist_client_0r5nbpw._.js:8207:21)
    at async fetchServerResponse (http://localhost:3000/_next/static/chunks/node_modules_next_dist_client_0r5nbpw._.js:8051:21)
    at async fetchMissingDynamicData (http://localhost:3000/_next/static/chunks/node_modules_next_dist_client_0r5nbpw._.js:9464:24) @ http://localhost:3000/_next/static/chunks/node_modules_next_dist_1ybzpk2._.js:3318
[15203586ms] [ERROR] Failed to load resource: net::ERR_NETWORK_CHANGED @ http://localhost:3000/en/login?reason=idle&_rsc=vC3-Au21QXuX1vqq:0
[15203586ms] [ERROR] Failed to fetch RSC payload for http://localhost:3000/en/login?reason=idle. Falling back to browser navigation. TypeError: Failed to fetch
    at createFetch (http://localhost:3000/_next/static/chunks/node_modules_next_dist_client_0r5nbpw._.js:8207:21)
    at async fetchServerResponse (http://localhost:3000/_next/static/chunks/node_modules_next_dist_client_0r5nbpw._.js:8051:21)
    at async fetchMissingDynamicData (http://localhost:3000/_next/static/chunks/node_modules_next_dist_client_0r5nbpw._.js:9464:24) @ http://localhost:3000/_next/static/chunks/node_modules_next_dist_1ybzpk2._.js:3318
[15203587ms] [ERROR] Failed to load resource: net::ERR_NETWORK_CHANGED @ http://localhost:3000/en/login?reason=idle&_rsc=vC3-Au21QXuX1vqq:0
[15203588ms] [ERROR] Failed to fetch RSC payload for http://localhost:3000/en/login?reason=idle. Falling back to browser navigation. TypeError: Failed to fetch
    at createFetch (http://localhost:3000/_next/static/chunks/node_modules_next_dist_client_0r5nbpw._.js:8207:21)
    at async fetchServerResponse (http://localhost:3000/_next/static/chunks/node_modules_next_dist_client_0r5nbpw._.js:8051:21)
    at async fetchMissingDynamicData (http://localhost:3000/_next/static/chunks/node_modules_next_dist_client_0r5nbpw._.js:9464:24) @ http://localhost:3000/_next/static/chunks/node_modules_next_dist_1ybzpk2._.js:3318
[15203590ms] [ERROR] Failed to load resource: net::ERR_NETWORK_CHANGED @ http://localhost:3000/en/login?reason=idle&_rsc=vC3-Au21QXuX1vqq:0
[15203590ms] [ERROR] Failed to fetch RSC payload for http://localhost:3000/en/login?reason=idle. Falling back to browser navigation. TypeError: Failed to fetch
    at createFetch (http://localhost:3000/_next/static/chunks/node_modules_next_dist_client_0r5nbpw._.js:8207:21)
    at async fetchServerResponse (http://localhost:3000/_next/static/chunks/node_modules_next_dist_client_0r5nbpw._.js:8051:21)
    at async fetchMissingDynamicData (http://localhost:3000/_next/static/chunks/node_modules_next_dist_client_0r5nbpw._.js:9464:24) @ http://localhost:3000/_next/static/chunks/node_modules_next_dist_1ybzpk2._.js:3318
[15203592ms] [ERROR] Failed to load resource: net::ERR_NETWORK_CHANGED @ http://localhost:3000/en/login?reason=idle&_rsc=vC3-Au21QXuX1vqq:0
[15203593ms] [ERROR] Failed to fetch RSC payload for http://localhost:3000/en/login?reason=idle. Falling back to browser navigation. TypeError: Failed to fetch
    at createFetch (http://localhost:3000/_next/static/chunks/node_modules_next_dist_client_0r5nbpw._.js:8207:21)
    at async fetchServerResponse (http://localhost:3000/_next/static/chunks/node_modules_next_dist_client_0r5nbpw._.js:8051:21)
    at async fetchMissingDynamicData (http://localhost:3000/_next/static/chunks/node_modules_next_dist_client_0r5nbpw._.js:9464:24) @ http://localhost:3000/_next/static/chunks/node_modules_next_dist_1ybzpk2._.js:3318
[15203596ms] [ERROR] Failed to load resource: net::ERR_NETWORK_CHANGED @ http://localhost:3000/en/login?reason=idle&_rsc=vC3-Au21QXuX1vqq:0
[15203596ms] [ERROR] Failed to fetch RSC payload for http://localhost:3000/en/login?reason=idle. Falling back to browser navigation. TypeError: Failed to fetch
    at createFetch (http://localhost:3000/_next/static/chunks/node_modules_next_dist_client_0r5nbpw._.js:8207:21)
    at async fetchServerResponse (http://localhost:3000/_next/static/chunks/node_modules_next_dist_client_0r5nbpw._.js:8051:21)
    at async fetchMissingDynamicData (http://localhost:3000/_next/static/chunks/node_modules_next_dist_client_0r5nbpw._.js:9464:24) @ http://localhost:3000/_next/static/chunks/node_modules_next_dist_1ybzpk2._.js:3318
[15203598ms] [ERROR] Failed to load resource: net::ERR_NETWORK_CHANGED @ http://localhost:3000/en/login?reason=idle&_rsc=vC3-Au21QXuX1vqq:0
[15203598ms] [ERROR] Failed to fetch RSC payload for http://localhost:3000/en/login?reason=idle. Falling back to browser navigation. TypeError: Failed to fetch
    at createFetch (http://localhost:3000/_next/static/chunks/node_modules_next_dist_client_0r5nbpw._.js:8207:21)
    at async fetchServerResponse (http://localhost:3000/_next/static/chunks/node_modules_next_dist_client_0r5nbpw._.js:8051:21)
    at async fetchMissingDynamicData (http://localhost:3000/_next/static/chunks/node_modules_next_dist_client_0r5nbpw._.js:9464:24) @ http://localhost:3000/_next/static/chunks/node_modules_next_dist_1ybzpk2._.js:3318
[15203601ms] [ERROR] Failed to load resource: net::ERR_NETWORK_CHANGED @ http://localhost:3000/en/login?reason=idle&_rsc=vC3-Au21QXuX1vqq:0
[15203601ms] [ERROR] Failed to fetch RSC payload for http://localhost:3000/en/login?reason=idle. Falling back to browser navigation. TypeError: Failed to fetch
    at createFetch (http://localhost:3000/_next/static/chunks/node_modules_next_dist_client_0r5nbpw._.js:8207:21)
    at async fetchServerResponse (http://localhost:3000/_next/static/chunks/node_modules_next_dist_client_0r5nbpw._.js:8051:21)
    at async fetchMissingDynamicData (http://localhost:3000/_next/static/chunks/node_modules_next_dist_client_0r5nbpw._.js:9464:24) @ http://localhost:3000/_next/static/chunks/node_modules_next_dist_1ybzpk2._.js:3318
[15203602ms] [ERROR] Failed to load resource: net::ERR_NETWORK_CHANGED @ http://localhost:3000/en/login?reason=idle&_rsc=vC3-Au21QXuX1vqq:0
[15203602ms] [ERROR] Failed to fetch RSC payload for http://localhost:3000/en/login?reason=idle. Falling back to browser navigation. TypeError: Failed to fetch
    at createFetch (http://localhost:3000/_next/static/chunks/node_modules_next_dist_client_0r5nbpw._.js:8207:21)
    at async fetchServerResponse (http://localhost:3000/_next/static/chunks/node_modules_next_dist_client_0r5nbpw._.js:8051:21)
    at async fetchMissingDynamicData (http://localhost:3000/_next/static/chunks/node_modules_next_dist_client_0r5nbpw._.js:9464:24) @ http://localhost:3000/_next/static/chunks/node_modules_next_dist_1ybzpk2._.js:3318
[15203603ms] [ERROR] Failed to load resource: net::ERR_NETWORK_CHANGED @ http://localhost:3000/en/login?reason=idle&_rsc=vC3-Au21QXuX1vqq:0
[15203604ms] [ERROR] Failed to fetch RSC payload for http://localhost:3000/en/login?reason=idle. Falling back to browser navigation. TypeError: Failed to fetch
    at createFetch (http://localhost:3000/_next/static/chunks/node_modules_next_dist_client_0r5nbpw._.js:8207:21)
    at async fetchServerResponse (http://localhost:3000/_next/static/chunks/node_modules_next_dist_client_0r5nbpw._.js:8051:21)
    at async fetchMissingDynamicData (http://localhost:3000/_next/static/chunks/node_modules_next_dist_client_0r5nbpw._.js:9464:24) @ http://localhost:3000/_next/static/chunks/node_modules_next_dist_1ybzpk2._.js:3318
[15203605ms] [ERROR] Failed to load resource: net::ERR_NETWORK_CHANGED @ http://localhost:3000/en/login?reason=idle&_rsc=vC3-Au21QXuX1vqq:0
[15203606ms] [ERROR] Failed to fetch RSC payload for http://localhost:3000/en/login?reason=idle. Falling back to browser navigation. TypeError: Failed to fetch
    at createFetch (http://localhost:3000/_next/static/chunks/node_modules_next_dist_client_0r5nbpw._.js:8207:21)
    at async fetchServerResponse (http://localhost:3000/_next/static/chunks/node_modules_next_dist_client_0r5nbpw._.js:8051:21)
    at async fetchMissingDynamicData (http://localhost:3000/_next/static/chunks/node_modules_next_dist_client_0r5nbpw._.js:9464:24) @ http://localhost:3000/_next/static/chunks/node_modules_next_dist_1ybzpk2._.js:3318
[15203607ms] [ERROR] Failed to load resource: net::ERR_NETWORK_CHANGED @ http://localhost:3000/en/login?reason=idle&_rsc=vC3-Au21QXuX1vqq:0
[15203607ms] [ERROR] Failed to fetch RSC payload for http://localhost:3000/en/login?reason=idle. Falling back to browser navigation. TypeError: Failed to fetch
    at createFetch (http://localhost:3000/_next/static/chunks/node_modules_next_dist_client_0r5nbpw._.js:8207:21)
    at async fetchServerResponse (http://localhost:3000/_next/static/chunks/node_modules_next_dist_client_0r5nbpw._.js:8051:21)
    at async fetchMissingDynamicData (http://localhost:3000/_next/static/chunks/node_modules_next_dist_client_0r5nbpw._.js:9464:24) @ http://localhost:3000/_next/static/chunks/node_modules_next_dist_1ybzpk2._.js:3318
[15203608ms] [ERROR] Failed to load resource: net::ERR_NETWORK_CHANGED @ http://localhost:3000/en/login?reason=idle&_rsc=vC3-Au21QXuX1vqq:0
[15203609ms] [ERROR] Failed to fetch RSC payload for http://localhost:3000/en/login?reason=idle. Falling back to browser navigation. TypeError: Failed to fetch
    at createFetch (http://localhost:3000/_next/static/chunks/node_modules_next_dist_client_0r5nbpw._.js:8207:21)
    at async fetchServerResponse (http://localhost:3000/_next/static/chunks/node_modules_next_dist_client_0r5nbpw._.js:8051:21)
    at async fetchMissingDynamicData (http://localhost:3000/_next/static/chunks/node_modules_next_dist_client_0r5nbpw._.js:9464:24) @ http://localhost:3000/_next/static/chunks/node_modules_next_dist_1ybzpk2._.js:3318
[15203611ms] [ERROR] Failed to load resource: net::ERR_NETWORK_CHANGED @ http://localhost:3000/en/login?reason=idle&_rsc=vC3-Au21QXuX1vqq:0
[15203611ms] [ERROR] Failed to fetch RSC payload for http://localhost:3000/en/login?reason=idle. Falling back to browser navigation. TypeError: Failed to fetch
    at createFetch (http://localhost:3000/_next/static/chunks/node_modules_next_dist_client_0r5nbpw._.js:8207:21)
    at async fetchServerResponse (http://localhost:3000/_next/static/chunks/node_modules_next_dist_client_0r5nbpw._.js:8051:21)
    at async fetchMissingDynamicData (http://localhost:3000/_next/static/chunks/node_modules_next_dist_client_0r5nbpw._.js:9464:24) @ http://localhost:3000/_next/static/chunks/node_modules_next_dist_1ybzpk2._.js:3318
[15203613ms] [ERROR] Failed to load resource: net::ERR_NETWORK_CHANGED @ http://localhost:3000/en/login?reason=idle&_rsc=vC3-Au21QXuX1vqq:0
[15203613ms] [ERROR] Failed to fetch RSC payload for http://localhost:3000/en/login?reason=idle. Falling back to browser navigation. TypeError: Failed to fetch
    at createFetch (http://localhost:3000/_next/static/chunks/node_modules_next_dist_client_0r5nbpw._.js:8207:21)
    at async fetchServerResponse (http://localhost:3000/_next/static/chunks/node_modules_next_dist_client_0r5nbpw._.js:8051:21)
    at async fetchMissingDynamicData (http://localhost:3000/_next/static/chunks/node_modules_next_dist_client_0r5nbpw._.js:9464:24) @ http://localhost:3000/_next/static/chunks/node_modules_next_dist_1ybzpk2._.js:3318
[15203614ms] [ERROR] Failed to load resource: net::ERR_NETWORK_CHANGED @ http://localhost:3000/en/login?reason=idle&_rsc=vC3-Au21QXuX1vqq:0
[15203614ms] [ERROR] Failed to fetch RSC payload for http://localhost:3000/en/login?reason=idle. Falling back to browser navigation. TypeError: Failed to fetch
    at createFetch (http://localhost:3000/_next/static/chunks/node_modules_next_dist_client_0r5nbpw._.js:8207:21)
    at async fetchServerResponse (http://localhost:3000/_next/static/chunks/node_modules_next_dist_client_0r5nbpw._.js:8051:21)
    at async fetchMissingDynamicData (http://localhost:3000/_next/static/chunks/node_modules_next_dist_client_0r5nbpw._.js:9464:24) @ http://localhost:3000/_next/static/chunks/node_modules_next_dist_1ybzpk2._.js:3318
[15203615ms] [ERROR] Failed to load resource: net::ERR_NETWORK_CHANGED @ http://localhost:3000/en/login?reason=idle&_rsc=vC3-Au21QXuX1vqq:0
[15203616ms] [ERROR] Failed to fetch RSC payload for http://localhost:3000/en/login?reason=idle. Falling back to browser navigation. TypeError: Failed to fetch
    at createFetch (http://localhost:3000/_next/static/chunks/node_modules_next_dist_client_0r5nbpw._.js:8207:21)
    at async fetchServerResponse (http://localhost:3000/_next/static/chunks/node_modules_next_dist_client_0r5nbpw._.js:8051:21)
    at async fetchMissingDynamicData (http://localhost:3000/_next/static/chunks/node_modules_next_dist_client_0r5nbpw._.js:9464:24) @ http://localhost:3000/_next/static/chunks/node_modules_next_dist_1ybzpk2._.js:3318
[15203617ms] [ERROR] Failed to load resource: net::ERR_NETWORK_CHANGED @ http://localhost:3000/en/login?reason=idle&_rsc=vC3-Au21QXuX1vqq:0
[15203618ms] [ERROR] Failed to fetch RSC payload for http://localhost:3000/en/login?reason=idle. Falling back to browser navigation. TypeError: Failed to fetch
    at createFetch (http://localhost:3000/_next/static/chunks/node_modules_next_dist_client_0r5nbpw._.js:8207:21)
    at async fetchServerResponse (http://localhost:3000/_next/static/chunks/node_modules_next_dist_client_0r5nbpw._.js:8051:21)
    at async fetchMissingDynamicData (http://localhost:3000/_next/static/chunks/node_modules_next_dist_client_0r5nbpw._.js:9464:24) @ http://localhost:3000/_next/static/chunks/node_modules_next_dist_1ybzpk2._.js:3318
[15203619ms] [ERROR] Failed to load resource: net::ERR_NETWORK_CHANGED @ http://localhost:3000/en/login?reason=idle&_rsc=vC3-Au21QXuX1vqq:0
[15203619ms] [ERROR] Failed to fetch RSC payload for http://localhost:3000/en/login?reason=idle. Falling back to browser navigation. TypeError: Failed to fetch
    at createFetch (http://localhost:3000/_next/static/chunks/node_modules_next_dist_client_0r5nbpw._.js:8207:21)
    at async fetchServerResponse (http://localhost:3000/_next/static/chunks/node_modules_next_dist_client_0r5nbpw._.js:8051:21)
    at async fetchMissingDynamicData (http://localhost:3000/_next/static/chunks/node_modules_next_dist_client_0r5nbpw._.js:9464:24) @ http://localhost:3000/_next/static/chunks/node_modules_next_dist_1ybzpk2._.js:3318
[15203620ms] [ERROR] Failed to load resource: net::ERR_NETWORK_CHANGED @ http://localhost:3000/en/login?reason=idle&_rsc=vC3-Au21QXuX1vqq:0
[15203620ms] [ERROR] Failed to fetch RSC payload for http://localhost:3000/en/login?reason=idle. Falling back to browser navigation. TypeError: Failed to fetch
    at createFetch (http://localhost:3000/_next/static/chunks/node_modules_next_dist_client_0r5nbpw._.js:8207:21)
    at async fetchServerResponse (http://localhost:3000/_next/static/chunks/node_modules_next_dist_client_0r5nbpw._.js:8051:21)
    at async fetchMissingDynamicData (http://localhost:3000/_next/static/chunks/node_modules_next_dist_client_0r5nbpw._.js:9464:24) @ http://localhost:3000/_next/static/chunks/node_modules_next_dist_1ybzpk2._.js:3318
[15203622ms] [ERROR] Failed to load resource: net::ERR_NETWORK_CHANGED @ http://localhost:3000/en/login?reason=idle&_rsc=vC3-Au21QXuX1vqq:0
[15203622ms] [ERROR] Failed to fetch RSC payload for http://localhost:3000/en/login?reason=idle. Falling back to browser navigation. TypeError: Failed to fetch
    at createFetch (http://localhost:3000/_next/static/chunks/node_modules_next_dist_client_0r5nbpw._.js:8207:21)
    at async fetchServerResponse (http://localhost:3000/_next/static/chunks/node_modules_next_dist_client_0r5nbpw._.js:8051:21)
    at async fetchMissingDynamicData (http://localhost:3000/_next/static/chunks/node_modules_next_dist_client_0r5nbpw._.js:9464:24) @ http://localhost:3000/_next/static/chunks/node_modules_next_dist_1ybzpk2._.js:3318
[15203623ms] [ERROR] Failed to load resource: net::ERR_NETWORK_CHANGED @ http://localhost:3000/en/login?reason=idle&_rsc=vC3-Au21QXuX1vqq:0
[15203623ms] [ERROR] Failed to fetch RSC payload for http://localhost:3000/en/login?reason=idle. Falling back to browser navigation. TypeError: Failed to fetch
    at createFetch (http://localhost:3000/_next/static/chunks/node_modules_next_dist_client_0r5nbpw._.js:8207:21)
    at async fetchServerResponse (http://localhost:3000/_next/static/chunks/node_modules_next_dist_client_0r5nbpw._.js:8051:21)
    at async fetchMissingDynamicData (http://localhost:3000/_next/static/chunks/node_modules_next_dist_client_0r5nbpw._.js:9464:24) @ http://localhost:3000/_next/static/chunks/node_modules_next_dist_1ybzpk2._.js:3318
[15203626ms] [ERROR] Failed to load resource: net::ERR_NETWORK_CHANGED @ http://localhost:3000/en/login?reason=idle&_rsc=vC3-Au21QXuX1vqq:0
[15203626ms] [ERROR] Failed to fetch RSC payload for http://localhost:3000/en/login?reason=idle. Falling back to browser navigation. TypeError: Failed to fetch
    at createFetch (http://localhost:3000/_next/static/chunks/node_modules_next_dist_client_0r5nbpw._.js:8207:21)
    at async fetchServerResponse (http://localhost:3000/_next/static/chunks/node_modules_next_dist_client_0r5nbpw._.js:8051:21)
    at async fetchMissingDynamicData (http://localhost:3000/_next/static/chunks/node_modules_next_dist_client_0r5nbpw._.js:9464:24) @ http://localhost:3000/_next/static/chunks/node_modules_next_dist_1ybzpk2._.js:3318
[15203627ms] [ERROR] Failed to load resource: net::ERR_NETWORK_CHANGED @ http://localhost:3000/en/login?reason=idle&_rsc=vC3-Au21QXuX1vqq:0
[15203628ms] [ERROR] Failed to fetch RSC payload for http://localhost:3000/en/login?reason=idle. Falling back to browser navigation. TypeError: Failed to fetch
    at createFetch (http://localhost:3000/_next/static/chunks/node_modules_next_dist_client_0r5nbpw._.js:8207:21)
    at async fetchServerResponse (http://localhost:3000/_next/static/chunks/node_modules_next_dist_client_0r5nbpw._.js:8051:21)
    at async fetchMissingDynamicData (http://localhost:3000/_next/static/chunks/node_modules_next_dist_client_0r5nbpw._.js:9464:24) @ http://localhost:3000/_next/static/chunks/node_modules_next_dist_1ybzpk2._.js:3318
[15203629ms] [ERROR] Failed to load resource: net::ERR_NETWORK_CHANGED @ http://localhost:3000/en/login?reason=idle&_rsc=vC3-Au21QXuX1vqq:0
[15203629ms] [ERROR] Failed to fetch RSC payload for http://localhost:3000/en/login?reason=idle. Falling back to browser navigation. TypeError: Failed to fetch
    at createFetch (http://localhost:3000/_next/static/chunks/node_modules_next_dist_client_0r5nbpw._.js:8207:21)
    at async fetchServerResponse (http://localhost:3000/_next/static/chunks/node_modules_next_dist_client_0r5nbpw._.js:8051:21)
    at async fetchMissingDynamicData (http://localhost:3000/_next/static/chunks/node_modules_next_dist_client_0r5nbpw._.js:9464:24) @ http://localhost:3000/_next/static/chunks/node_modules_next_dist_1ybzpk2._.js:3318
[15203630ms] [ERROR] Failed to load resource: net::ERR_NETWORK_CHANGED @ http://localhost:3000/en/login?reason=idle&_rsc=vC3-Au21QXuX1vqq:0
[15203630ms] [ERROR] Failed to fetch RSC payload for http://localhost:3000/en/login?reason=idle. Falling back to browser navigation. TypeError: Failed to fetch
    at createFetch (http://localhost:3000/_next/static/chunks/node_modules_next_dist_client_0r5nbpw._.js:8207:21)
    at async fetchServerResponse (http://localhost:3000/_next/static/chunks/node_modules_next_dist_client_0r5nbpw._.js:8051:21)
    at async fetchMissingDynamicData (http://localhost:3000/_next/static/chunks/node_modules_next_dist_client_0r5nbpw._.js:9464:24) @ http://localhost:3000/_next/static/chunks/node_modules_next_dist_1ybzpk2._.js:3318
[15203632ms] [ERROR] Failed to load resource: net::ERR_NETWORK_CHANGED @ http://localhost:3000/en/login?reason=idle&_rsc=vC3-Au21QXuX1vqq:0
[15203632ms] [ERROR] Failed to fetch RSC payload for http://localhost:3000/en/login?reason=idle. Falling back to browser navigation. TypeError: Failed to fetch
    at createFetch (http://localhost:3000/_next/static/chunks/node_modules_next_dist_client_0r5nbpw._.js:8207:21)
    at async fetchServerResponse (http://localhost:3000/_next/static/chunks/node_modules_next_dist_client_0r5nbpw._.js:8051:21)
    at async fetchMissingDynamicData (http://localhost:3000/_next/static/chunks/node_modules_next_dist_client_0r5nbpw._.js:9464:24) @ http://localhost:3000/_next/static/chunks/node_modules_next_dist_1ybzpk2._.js:3318
[15203633ms] [ERROR] Failed to load resource: net::ERR_NETWORK_CHANGED @ http://localhost:3000/en/login?reason=idle&_rsc=vC3-Au21QXuX1vqq:0
[15203634ms] [ERROR] Failed to fetch RSC payload for http://localhost:3000/en/login?reason=idle. Falling back to browser navigation. TypeError: Failed to fetch
    at createFetch (http://localhost:3000/_next/static/chunks/node_modules_next_dist_client_0r5nbpw._.js:8207:21)
    at async fetchServerResponse (http://localhost:3000/_next/static/chunks/node_modules_next_dist_client_0r5nbpw._.js:8051:21)
    at async fetchMissingDynamicData (http://localhost:3000/_next/static/chunks/node_modules_next_dist_client_0r5nbpw._.js:9464:24) @ http://localhost:3000/_next/static/chunks/node_modules_next_dist_1ybzpk2._.js:3318
[15203635ms] [ERROR] Failed to load resource: net::ERR_NETWORK_CHANGED @ http://localhost:3000/en/login?reason=idle&_rsc=vC3-Au21QXuX1vqq:0
[15203635ms] [ERROR] Failed to fetch RSC payload for http://localhost:3000/en/login?reason=idle. Falling back to browser navigation. TypeError: Failed to fetch
    at createFetch (http://localhost:3000/_next/static/chunks/node_modules_next_dist_client_0r5nbpw._.js:8207:21)
    at async fetchServerResponse (http://localhost:3000/_next/static/chunks/node_modules_next_dist_client_0r5nbpw._.js:8051:21)
    at async fetchMissingDynamicData (http://localhost:3000/_next/static/chunks/node_modules_next_dist_client_0r5nbpw._.js:9464:24) @ http://localhost:3000/_next/static/chunks/node_modules_next_dist_1ybzpk2._.js:3318
[15203636ms] [ERROR] Failed to load resource: net::ERR_NETWORK_CHANGED @ http://localhost:3000/en/login?reason=idle&_rsc=vC3-Au21QXuX1vqq:0
[15203636ms] [ERROR] Failed to fetch RSC payload for http://localhost:3000/en/login?reason=idle. Falling back to browser navigation. TypeError: Failed to fetch
    at createFetch (http://localhost:3000/_next/static/chunks/node_modules_next_dist_client_0r5nbpw._.js:8207:21)
    at async fetchServerResponse (http://localhost:3000/_next/static/chunks/node_modules_next_dist_client_0r5nbpw._.js:8051:21)
    at async fetchMissingDynamicData (http://localhost:3000/_next/static/chunks/node_modules_next_dist_client_0r5nbpw._.js:9464:24) @ http://localhost:3000/_next/static/chunks/node_modules_next_dist_1ybzpk2._.js:3318
[15203637ms] [ERROR] Failed to load resource: net::ERR_NETWORK_CHANGED @ http://localhost:3000/en/login?reason=idle&_rsc=vC3-Au21QXuX1vqq:0
[15203637ms] [ERROR] Failed to fetch RSC payload for http://localhost:3000/en/login?reason=idle. Falling back to browser navigation. TypeError: Failed to fetch
    at createFetch (http://localhost:3000/_next/static/chunks/node_modules_next_dist_client_0r5nbpw._.js:8207:21)
    at async fetchServerResponse (http://localhost:3000/_next/static/chunks/node_modules_next_dist_client_0r5nbpw._.js:8051:21)
    at async fetchMissingDynamicData (http://localhost:3000/_next/static/chunks/node_modules_next_dist_client_0r5nbpw._.js:9464:24) @ http://localhost:3000/_next/static/chunks/node_modules_next_dist_1ybzpk2._.js:3318
[15203638ms] [ERROR] Failed to load resource: net::ERR_NETWORK_CHANGED @ http://localhost:3000/en/login?reason=idle&_rsc=vC3-Au21QXuX1vqq:0
[15203638ms] [ERROR] Failed to fetch RSC payload for http://localhost:3000/en/login?reason=idle. Falling back to browser navigation. TypeError: Failed to fetch
    at createFetch (http://localhost:3000/_next/static/chunks/node_modules_next_dist_client_0r5nbpw._.js:8207:21)
    at async fetchServerResponse (http://localhost:3000/_next/static/chunks/node_modules_next_dist_client_0r5nbpw._.js:8051:21)
    at async fetchMissingDynamicData (http://localhost:3000/_next/static/chunks/node_modules_next_dist_client_0r5nbpw._.js:9464:24) @ http://localhost:3000/_next/static/chunks/node_modules_next_dist_1ybzpk2._.js:3318
[15203640ms] [ERROR] Failed to load resource: net::ERR_NETWORK_CHANGED @ http://localhost:3000/en/login?reason=idle&_rsc=vC3-Au21QXuX1vqq:0
[15203640ms] [ERROR] Failed to fetch RSC payload for http://localhost:3000/en/login?reason=idle. Falling back to browser navigation. TypeError: Failed to fetch
    at createFetch (http://localhost:3000/_next/static/chunks/node_modules_next_dist_client_0r5nbpw._.js:8207:21)
    at async fetchServerResponse (http://localhost:3000/_next/static/chunks/node_modules_next_dist_client_0r5nbpw._.js:8051:21)
    at async fetchMissingDynamicData (http://localhost:3000/_next/static/chunks/node_modules_next_dist_client_0r5nbpw._.js:9464:24) @ http://localhost:3000/_next/static/chunks/node_modules_next_dist_1ybzpk2._.js:3318
[15203641ms] [ERROR] Failed to load resource: net::ERR_NETWORK_CHANGED @ http://localhost:3000/en/login?reason=idle&_rsc=vC3-Au21QXuX1vqq:0
[15203641ms] [ERROR] Failed to fetch RSC payload for http://localhost:3000/en/login?reason=idle. Falling back to browser navigation. TypeError: Failed to fetch
    at createFetch (http://localhost:3000/_next/static/chunks/node_modules_next_dist_client_0r5nbpw._.js:8207:21)
    at async fetchServerResponse (http://localhost:3000/_next/static/chunks/node_modules_next_dist_client_0r5nbpw._.js:8051:21)
    at async fetchMissingDynamicData (http://localhost:3000/_next/static/chunks/node_modules_next_dist_client_0r5nbpw._.js:9464:24) @ http://localhost:3000/_next/static/chunks/node_modules_next_dist_1ybzpk2._.js:3318
[15203642ms] [ERROR] Failed to load resource: net::ERR_NETWORK_CHANGED @ http://localhost:3000/en/login?reason=idle&_rsc=vC3-Au21QXuX1vqq:0
[15203642ms] [ERROR] Failed to fetch RSC payload for http://localhost:3000/en/login?reason=idle. Falling back to browser navigation. TypeError: Failed to fetch
    at createFetch (http://localhost:3000/_next/static/chunks/node_modules_next_dist_client_0r5nbpw._.js:8207:21)
    at async fetchServerResponse (http://localhost:3000/_next/static/chunks/node_modules_next_dist_client_0r5nbpw._.js:8051:21)
    at async fetchMissingDynamicData (http://localhost:3000/_next/static/chunks/node_modules_next_dist_client_0r5nbpw._.js:9464:24) @ http://localhost:3000/_next/static/chunks/node_modules_next_dist_1ybzpk2._.js:3318
[15203644ms] [ERROR] Failed to load resource: net::ERR_NETWORK_CHANGED @ http://localhost:3000/en/login?reason=idle&_rsc=vC3-Au21QXuX1vqq:0
[15203644ms] [ERROR] Failed to fetch RSC payload for http://localhost:3000/en/login?reason=idle. Falling back to browser navigation. TypeError: Failed to fetch
    at createFetch (http://localhost:3000/_next/static/chunks/node_modules_next_dist_client_0r5nbpw._.js:8207:21)
    at async fetchServerResponse (http://localhost:3000/_next/static/chunks/node_modules_next_dist_client_0r5nbpw._.js:8051:21)
    at async fetchMissingDynamicData (http://localhost:3000/_next/static/chunks/node_modules_next_dist_client_0r5nbpw._.js:9464:24) @ http://localhost:3000/_next/static/chunks/node_modules_next_dist_1ybzpk2._.js:3318
[15203645ms] [ERROR] Failed to load resource: net::ERR_NETWORK_CHANGED @ http://localhost:3000/en/login?reason=idle&_rsc=vC3-Au21QXuX1vqq:0
[15203645ms] [ERROR] Failed to fetch RSC payload for http://localhost:3000/en/login?reason=idle. Falling back to browser navigation. TypeError: Failed to fetch
    at createFetch (http://localhost:3000/_next/static/chunks/node_modules_next_dist_client_0r5nbpw._.js:8207:21)
    at async fetchServerResponse (http://localhost:3000/_next/static/chunks/node_modules_next_dist_client_0r5nbpw._.js:8051:21)
    at async fetchMissingDynamicData (http://localhost:3000/_next/static/chunks/node_modules_next_dist_client_0r5nbpw._.js:9464:24) @ http://localhost:3000/_next/static/chunks/node_modules_next_dist_1ybzpk2._.js:3318
[15203646ms] [ERROR] Failed to load resource: net::ERR_NETWORK_CHANGED @ http://localhost:3000/en/login?reason=idle&_rsc=vC3-Au21QXuX1vqq:0
[15203647ms] [ERROR] Failed to fetch RSC payload for http://localhost:3000/en/login?reason=idle. Falling back to browser navigation. TypeError: Failed to fetch
    at createFetch (http://localhost:3000/_next/static/chunks/node_modules_next_dist_client_0r5nbpw._.js:8207:21)
    at async fetchServerResponse (http://localhost:3000/_next/static/chunks/node_modules_next_dist_client_0r5nbpw._.js:8051:21)
    at async fetchMissingDynamicData (http://localhost:3000/_next/static/chunks/node_modules_next_dist_client_0r5nbpw._.js:9464:24) @ http://localhost:3000/_next/static/chunks/node_modules_next_dist_1ybzpk2._.js:3318
[15203649ms] [ERROR] Failed to load resource: net::ERR_NETWORK_CHANGED @ http://localhost:3000/en/login?reason=idle&_rsc=vC3-Au21QXuX1vqq:0
[15203650ms] [ERROR] Failed to fetch RSC payload for http://localhost:3000/en/login?reason=idle. Falling back to browser navigation. TypeError: Failed to fetch
    at createFetch (http://localhost:3000/_next/static/chunks/node_modules_next_dist_client_0r5nbpw._.js:8207:21)
    at async fetchServerResponse (http://localhost:3000/_next/static/chunks/node_modules_next_dist_client_0r5nbpw._.js:8051:21)
    at async fetchMissingDynamicData (http://localhost:3000/_next/static/chunks/node_modules_next_dist_client_0r5nbpw._.js:9464:24) @ http://localhost:3000/_next/static/chunks/node_modules_next_dist_1ybzpk2._.js:3318
[15203652ms] [ERROR] Failed to load resource: net::ERR_NETWORK_CHANGED @ http://localhost:3000/en/login?reason=idle&_rsc=vC3-Au21QXuX1vqq:0
[15203652ms] [ERROR] Failed to fetch RSC payload for http://localhost:3000/en/login?reason=idle. Falling back to browser navigation. TypeError: Failed to fetch
    at createFetch (http://localhost:3000/_next/static/chunks/node_modules_next_dist_client_0r5nbpw._.js:8207:21)
    at async fetchServerResponse (http://localhost:3000/_next/static/chunks/node_modules_next_dist_client_0r5nbpw._.js:8051:21)
    at async fetchMissingDynamicData (http://localhost:3000/_next/static/chunks/node_modules_next_dist_client_0r5nbpw._.js:9464:24) @ http://localhost:3000/_next/static/chunks/node_modules_next_dist_1ybzpk2._.js:3318
[15203655ms] [ERROR] Failed to load resource: net::ERR_NETWORK_CHANGED @ http://localhost:3000/en/login?reason=idle&_rsc=vC3-Au21QXuX1vqq:0
[15203656ms] [ERROR] Failed to fetch RSC payload for http://localhost:3000/en/login?reason=idle. Falling back to browser navigation. TypeError: Failed to fetch
    at createFetch (http://localhost:3000/_next/static/chunks/node_modules_next_dist_client_0r5nbpw._.js:8207:21)
    at async fetchServerResponse (http://localhost:3000/_next/static/chunks/node_modules_next_dist_client_0r5nbpw._.js:8051:21)
    at async fetchMissingDynamicData (http://localhost:3000/_next/static/chunks/node_modules_next_dist_client_0r5nbpw._.js:9464:24) @ http://localhost:3000/_next/static/chunks/node_modules_next_dist_1ybzpk2._.js:3318
[15203657ms] [ERROR] Failed to load resource: net::ERR_NETWORK_CHANGED @ http://localhost:3000/en/login?reason=idle&_rsc=vC3-Au21QXuX1vqq:0
[15203657ms] [ERROR] Failed to fetch RSC payload for http://localhost:3000/en/login?reason=idle. Falling back to browser navigation. TypeError: Failed to fetch
    at createFetch (http://localhost:3000/_next/static/chunks/node_modules_next_dist_client_0r5nbpw._.js:8207:21)
    at async fetchServerResponse (http://localhost:3000/_next/static/chunks/node_modules_next_dist_client_0r5nbpw._.js:8051:21)
    at async fetchMissingDynamicData (http://localhost:3000/_next/static/chunks/node_modules_next_dist_client_0r5nbpw._.js:9464:24) @ http://localhost:3000/_next/static/chunks/node_modules_next_dist_1ybzpk2._.js:3318
[15203660ms] [ERROR] Failed to load resource: net::ERR_NETWORK_CHANGED @ http://localhost:3000/en/login?reason=idle&_rsc=vC3-Au21QXuX1vqq:0
[15203660ms] [ERROR] Failed to fetch RSC payload for http://localhost:3000/en/login?reason=idle. Falling back to browser navigation. TypeError: Failed to fetch
    at createFetch (http://localhost:3000/_next/static/chunks/node_modules_next_dist_client_0r5nbpw._.js:8207:21)
    at async fetchServerResponse (http://localhost:3000/_next/static/chunks/node_modules_next_dist_client_0r5nbpw._.js:8051:21)
    at async fetchMissingDynamicData (http://localhost:3000/_next/static/chunks/node_modules_next_dist_client_0r5nbpw._.js:9464:24) @ http://localhost:3000/_next/static/chunks/node_modules_next_dist_1ybzpk2._.js:3318
[15203662ms] [ERROR] Failed to load resource: net::ERR_NETWORK_CHANGED @ http://localhost:3000/en/login?reason=idle&_rsc=vC3-Au21QXuX1vqq:0
[15203663ms] [ERROR] Failed to fetch RSC payload for http://localhost:3000/en/login?reason=idle. Falling back to browser navigation. TypeError: Failed to fetch
    at createFetch (http://localhost:3000/_next/static/chunks/node_modules_next_dist_client_0r5nbpw._.js:8207:21)
    at async fetchServerResponse (http://localhost:3000/_next/static/chunks/node_modules_next_dist_client_0r5nbpw._.js:8051:21)
    at async fetchMissingDynamicData (http://localhost:3000/_next/static/chunks/node_modules_next_dist_client_0r5nbpw._.js:9464:24) @ http://localhost:3000/_next/static/chunks/node_modules_next_dist_1ybzpk2._.js:3318
[15203666ms] [ERROR] Failed to load resource: net::ERR_NETWORK_CHANGED @ http://localhost:3000/en/login?reason=idle&_rsc=vC3-Au21QXuX1vqq:0
[15203666ms] [ERROR] Failed to fetch RSC payload for http://localhost:3000/en/login?reason=idle. Falling back to browser navigation. TypeError: Failed to fetch
    at createFetch (http://localhost:3000/_next/static/chunks/node_modules_next_dist_client_0r5nbpw._.js:8207:21)
    at async fetchServerResponse (http://localhost:3000/_next/static/chunks/node_modules_next_dist_client_0r5nbpw._.js:8051:21)
    at async fetchMissingDynamicData (http://localhost:3000/_next/static/chunks/node_modules_next_dist_client_0r5nbpw._.js:9464:24) @ http://localhost:3000/_next/static/chunks/node_modules_next_dist_1ybzpk2._.js:3318
[15203669ms] [ERROR] Failed to load resource: net::ERR_NETWORK_CHANGED @ http://localhost:3000/en/login?reason=idle&_rsc=vC3-Au21QXuX1vqq:0
[15203669ms] [ERROR] Failed to fetch RSC payload for http://localhost:3000/en/login?reason=idle. Falling back to browser navigation. TypeError: Failed to fetch
    at createFetch (http://localhost:3000/_next/static/chunks/node_modules_next_dist_client_0r5nbpw._.js:8207:21)
    at async fetchServerResponse (http://localhost:3000/_next/static/chunks/node_modules_next_dist_client_0r5nbpw._.js:8051:21)
    at async fetchMissingDynamicData (http://localhost:3000/_next/static/chunks/node_modules_next_dist_client_0r5nbpw._.js:9464:24) @ http://localhost:3000/_next/static/chunks/node_modules_next_dist_1ybzpk2._.js:3318
[15203670ms] [ERROR] Failed to load resource: net::ERR_NETWORK_CHANGED @ http://localhost:3000/en/login?reason=idle&_rsc=vC3-Au21QXuX1vqq:0
[15203671ms] [ERROR] Failed to fetch RSC payload for http://localhost:3000/en/login?reason=idle. Falling back to browser navigation. TypeError: Failed to fetch
    at createFetch (http://localhost:3000/_next/static/chunks/node_modules_next_dist_client_0r5nbpw._.js:8207:21)
    at async fetchServerResponse (http://localhost:3000/_next/static/chunks/node_modules_next_dist_client_0r5nbpw._.js:8051:21)
    at async fetchMissingDynamicData (http://localhost:3000/_next/static/chunks/node_modules_next_dist_client_0r5nbpw._.js:9464:24) @ http://localhost:3000/_next/static/chunks/node_modules_next_dist_1ybzpk2._.js:3318
[15203672ms] [ERROR] Failed to load resource: net::ERR_NETWORK_CHANGED @ http://localhost:3000/en/login?reason=idle&_rsc=vC3-Au21QXuX1vqq:0
[15203672ms] [ERROR] Failed to fetch RSC payload for http://localhost:3000/en/login?reason=idle. Falling back to browser navigation. TypeError: Failed to fetch
    at createFetch (http://localhost:3000/_next/static/chunks/node_modules_next_dist_client_0r5nbpw._.js:8207:21)
    at async fetchServerResponse (http://localhost:3000/_next/static/chunks/node_modules_next_dist_client_0r5nbpw._.js:8051:21)
    at async fetchMissingDynamicData (http://localhost:3000/_next/static/chunks/node_modules_next_dist_client_0r5nbpw._.js:9464:24) @ http://localhost:3000/_next/static/chunks/node_modules_next_dist_1ybzpk2._.js:3318
[15203673ms] [ERROR] Failed to load resource: net::ERR_NETWORK_CHANGED @ http://localhost:3000/en/login?reason=idle&_rsc=vC3-Au21QXuX1vqq:0
[15203673ms] [ERROR] Failed to fetch RSC payload for http://localhost:3000/en/login?reason=idle. Falling back to browser navigation. TypeError: Failed to fetch
    at createFetch (http://localhost:3000/_next/static/chunks/node_modules_next_dist_client_0r5nbpw._.js:8207:21)
    at async fetchServerResponse (http://localhost:3000/_next/static/chunks/node_modules_next_dist_client_0r5nbpw._.js:8051:21)
    at async fetchMissingDynamicData (http://localhost:3000/_next/static/chunks/node_modules_next_dist_client_0r5nbpw._.js:9464:24) @ http://localhost:3000/_next/static/chunks/node_modules_next_dist_1ybzpk2._.js:3318
[15203674ms] [ERROR] Failed to load resource: net::ERR_NETWORK_CHANGED @ http://localhost:3000/en/login?reason=idle&_rsc=vC3-Au21QXuX1vqq:0
[15203674ms] [ERROR] Failed to fetch RSC payload for http://localhost:3000/en/login?reason=idle. Falling back to browser navigation. TypeError: Failed to fetch
    at createFetch (http://localhost:3000/_next/static/chunks/node_modules_next_dist_client_0r5nbpw._.js:8207:21)
    at async fetchServerResponse (http://localhost:3000/_next/static/chunks/node_modules_next_dist_client_0r5nbpw._.js:8051:21)
    at async fetchMissingDynamicData (http://localhost:3000/_next/static/chunks/node_modules_next_dist_client_0r5nbpw._.js:9464:24) @ http://localhost:3000/_next/static/chunks/node_modules_next_dist_1ybzpk2._.js:3318
[15203675ms] [ERROR] Failed to load resource: net::ERR_NETWORK_CHANGED @ http://localhost:3000/en/login?reason=idle&_rsc=vC3-Au21QXuX1vqq:0
[15203675ms] [ERROR] Failed to fetch RSC payload for http://localhost:3000/en/login?reason=idle. Falling back to browser navigation. TypeError: Failed to fetch
    at createFetch (http://localhost:3000/_next/static/chunks/node_modules_next_dist_client_0r5nbpw._.js:8207:21)
    at async fetchServerResponse (http://localhost:3000/_next/static/chunks/node_modules_next_dist_client_0r5nbpw._.js:8051:21)
    at async fetchMissingDynamicData (http://localhost:3000/_next/static/chunks/node_modules_next_dist_client_0r5nbpw._.js:9464:24) @ http://localhost:3000/_next/static/chunks/node_modules_next_dist_1ybzpk2._.js:3318
[15203676ms] [ERROR] Failed to load resource: net::ERR_NETWORK_CHANGED @ http://localhost:3000/en/login?reason=idle&_rsc=vC3-Au21QXuX1vqq:0
[15203676ms] [ERROR] Failed to fetch RSC payload for http://localhost:3000/en/login?reason=idle. Falling back to browser navigation. TypeError: Failed to fetch
    at createFetch (http://localhost:3000/_next/static/chunks/node_modules_next_dist_client_0r5nbpw._.js:8207:21)
    at async fetchServerResponse (http://localhost:3000/_next/static/chunks/node_modules_next_dist_client_0r5nbpw._.js:8051:21)
    at async fetchMissingDynamicData (http://localhost:3000/_next/static/chunks/node_modules_next_dist_client_0r5nbpw._.js:9464:24) @ http://localhost:3000/_next/static/chunks/node_modules_next_dist_1ybzpk2._.js:3318
[15203677ms] [ERROR] Failed to load resource: net::ERR_NETWORK_CHANGED @ http://localhost:3000/en/login?reason=idle&_rsc=vC3-Au21QXuX1vqq:0
[15203677ms] [ERROR] Failed to fetch RSC payload for http://localhost:3000/en/login?reason=idle. Falling back to browser navigation. TypeError: Failed to fetch
    at createFetch (http://localhost:3000/_next/static/chunks/node_modules_next_dist_client_0r5nbpw._.js:8207:21)
    at async fetchServerResponse (http://localhost:3000/_next/static/chunks/node_modules_next_dist_client_0r5nbpw._.js:8051:21)
    at async fetchMissingDynamicData (http://localhost:3000/_next/static/chunks/node_modules_next_dist_client_0r5nbpw._.js:9464:24) @ http://localhost:3000/_next/static/chunks/node_modules_next_dist_1ybzpk2._.js:3318
[15203678ms] [ERROR] Failed to load resource: net::ERR_NETWORK_CHANGED @ http://localhost:3000/en/login?reason=idle&_rsc=vC3-Au21QXuX1vqq:0
[15203678ms] [ERROR] Failed to fetch RSC payload for http://localhost:3000/en/login?reason=idle. Falling back to browser navigation. TypeError: Failed to fetch
    at createFetch (http://localhost:3000/_next/static/chunks/node_modules_next_dist_client_0r5nbpw._.js:8207:21)
    at async fetchServerResponse (http://localhost:3000/_next/static/chunks/node_modules_next_dist_client_0r5nbpw._.js:8051:21)
    at async fetchMissingDynamicData (http://localhost:3000/_next/static/chunks/node_modules_next_dist_client_0r5nbpw._.js:9464:24) @ http://localhost:3000/_next/static/chunks/node_modules_next_dist_1ybzpk2._.js:3318
[15203679ms] [ERROR] Failed to load resource: net::ERR_NETWORK_CHANGED @ http://localhost:3000/en/login?reason=idle&_rsc=vC3-Au21QXuX1vqq:0
[15203679ms] [ERROR] Failed to fetch RSC payload for http://localhost:3000/en/login?reason=idle. Falling back to browser navigation. TypeError: Failed to fetch
    at createFetch (http://localhost:3000/_next/static/chunks/node_modules_next_dist_client_0r5nbpw._.js:8207:21)
    at async fetchServerResponse (http://localhost:3000/_next/static/chunks/node_modules_next_dist_client_0r5nbpw._.js:8051:21)
    at async fetchMissingDynamicData (http://localhost:3000/_next/static/chunks/node_modules_next_dist_client_0r5nbpw._.js:9464:24) @ http://localhost:3000/_next/static/chunks/node_modules_next_dist_1ybzpk2._.js:3318
[15203680ms] [ERROR] Failed to load resource: net::ERR_NETWORK_CHANGED @ http://localhost:3000/en/login?reason=idle&_rsc=vC3-Au21QXuX1vqq:0
[15203680ms] [ERROR] Failed to fetch RSC payload for http://localhost:3000/en/login?reason=idle. Falling back to browser navigation. TypeError: Failed to fetch
    at createFetch (http://localhost:3000/_next/static/chunks/node_modules_next_dist_client_0r5nbpw._.js:8207:21)
    at async fetchServerResponse (http://localhost:3000/_next/static/chunks/node_modules_next_dist_client_0r5nbpw._.js:8051:21)
    at async fetchMissingDynamicData (http://localhost:3000/_next/static/chunks/node_modules_next_dist_client_0r5nbpw._.js:9464:24) @ http://localhost:3000/_next/static/chunks/node_modules_next_dist_1ybzpk2._.js:3318
[15203681ms] [ERROR] Failed to load resource: net::ERR_NETWORK_CHANGED @ http://localhost:3000/en/login?reason=idle&_rsc=vC3-Au21QXuX1vqq:0
[15203681ms] [ERROR] Failed to fetch RSC payload for http://localhost:3000/en/login?reason=idle. Falling back to browser navigation. TypeError: Failed to fetch
    at createFetch (http://localhost:3000/_next/static/chunks/node_modules_next_dist_client_0r5nbpw._.js:8207:21)
    at async fetchServerResponse (http://localhost:3000/_next/static/chunks/node_modules_next_dist_client_0r5nbpw._.js:8051:21)
    at async fetchMissingDynamicData (http://localhost:3000/_next/static/chunks/node_modules_next_dist_client_0r5nbpw._.js:9464:24) @ http://localhost:3000/_next/static/chunks/node_modules_next_dist_1ybzpk2._.js:3318
[15203682ms] [ERROR] Failed to load resource: net::ERR_NETWORK_CHANGED @ http://localhost:3000/en/login?reason=idle&_rsc=vC3-Au21QXuX1vqq:0
[15203682ms] [ERROR] Failed to fetch RSC payload for http://localhost:3000/en/login?reason=idle. Falling back to browser navigation. TypeError: Failed to fetch
    at createFetch (http://localhost:3000/_next/static/chunks/node_modules_next_dist_client_0r5nbpw._.js:8207:21)
    at async fetchServerResponse (http://localhost:3000/_next/static/chunks/node_modules_next_dist_client_0r5nbpw._.js:8051:21)
    at async fetchMissingDynamicData (http://localhost:3000/_next/static/chunks/node_modules_next_dist_client_0r5nbpw._.js:9464:24) @ http://localhost:3000/_next/static/chunks/node_modules_next_dist_1ybzpk2._.js:3318
[15203684ms] [ERROR] Failed to load resource: net::ERR_NETWORK_CHANGED @ http://localhost:3000/en/login?reason=idle&_rsc=vC3-Au21QXuX1vqq:0
[15203684ms] [ERROR] Failed to fetch RSC payload for http://localhost:3000/en/login?reason=idle. Falling back to browser navigation. TypeError: Failed to fetch
    at createFetch (http://localhost:3000/_next/static/chunks/node_modules_next_dist_client_0r5nbpw._.js:8207:21)
    at async fetchServerResponse (http://localhost:3000/_next/static/chunks/node_modules_next_dist_client_0r5nbpw._.js:8051:21)
    at async fetchMissingDynamicData (http://localhost:3000/_next/static/chunks/node_modules_next_dist_client_0r5nbpw._.js:9464:24) @ http://localhost:3000/_next/static/chunks/node_modules_next_dist_1ybzpk2._.js:3318
[15203685ms] [ERROR] Failed to load resource: net::ERR_NETWORK_CHANGED @ http://localhost:3000/en/login?reason=idle&_rsc=vC3-Au21QXuX1vqq:0
[15203685ms] [ERROR] Failed to fetch RSC payload for http://localhost:3000/en/login?reason=idle. Falling back to browser navigation. TypeError: Failed to fetch
    at createFetch (http://localhost:3000/_next/static/chunks/node_modules_next_dist_client_0r5nbpw._.js:8207:21)
    at async fetchServerResponse (http://localhost:3000/_next/static/chunks/node_modules_next_dist_client_0r5nbpw._.js:8051:21)
    at async fetchMissingDynamicData (http://localhost:3000/_next/static/chunks/node_modules_next_dist_client_0r5nbpw._.js:9464:24) @ http://localhost:3000/_next/static/chunks/node_modules_next_dist_1ybzpk2._.js:3318
[15203686ms] [ERROR] Failed to load resource: net::ERR_NETWORK_CHANGED @ http://localhost:3000/en/login?reason=idle&_rsc=vC3-Au21QXuX1vqq:0
[15203686ms] [ERROR] Failed to fetch RSC payload for http://localhost:3000/en/login?reason=idle. Falling back to browser navigation. TypeError: Failed to fetch
    at createFetch (http://localhost:3000/_next/static/chunks/node_modules_next_dist_client_0r5nbpw._.js:8207:21)
    at async fetchServerResponse (http://localhost:3000/_next/static/chunks/node_modules_next_dist_client_0r5nbpw._.js:8051:21)
    at async fetchMissingDynamicData (http://localhost:3000/_next/static/chunks/node_modules_next_dist_client_0r5nbpw._.js:9464:24) @ http://localhost:3000/_next/static/chunks/node_modules_next_dist_1ybzpk2._.js:3318
[15203688ms] [ERROR] Failed to load resource: net::ERR_NETWORK_CHANGED @ http://localhost:3000/en/login?reason=idle&_rsc=vC3-Au21QXuX1vqq:0
[15203688ms] [ERROR] Failed to fetch RSC payload for http://localhost:3000/en/login?reason=idle. Falling back to browser navigation. TypeError: Failed to fetch
    at createFetch (http://localhost:3000/_next/static/chunks/node_modules_next_dist_client_0r5nbpw._.js:8207:21)
    at async fetchServerResponse (http://localhost:3000/_next/static/chunks/node_modules_next_dist_client_0r5nbpw._.js:8051:21)
    at async fetchMissingDynamicData (http://localhost:3000/_next/static/chunks/node_modules_next_dist_client_0r5nbpw._.js:9464:24) @ http://localhost:3000/_next/static/chunks/node_modules_next_dist_1ybzpk2._.js:3318
[15203689ms] [ERROR] Failed to load resource: net::ERR_NETWORK_CHANGED @ http://localhost:3000/en/login?reason=idle&_rsc=vC3-Au21QXuX1vqq:0
[15203689ms] [ERROR] Failed to fetch RSC payload for http://localhost:3000/en/login?reason=idle. Falling back to browser navigation. TypeError: Failed to fetch
    at createFetch (http://localhost:3000/_next/static/chunks/node_modules_next_dist_client_0r5nbpw._.js:8207:21)
    at async fetchServerResponse (http://localhost:3000/_next/static/chunks/node_modules_next_dist_client_0r5nbpw._.js:8051:21)
    at async fetchMissingDynamicData (http://localhost:3000/_next/static/chunks/node_modules_next_dist_client_0r5nbpw._.js:9464:24) @ http://localhost:3000/_next/static/chunks/node_modules_next_dist_1ybzpk2._.js:3318
[15203691ms] [ERROR] Failed to load resource: net::ERR_NETWORK_CHANGED @ http://localhost:3000/en/login?reason=idle&_rsc=vC3-Au21QXuX1vqq:0
[15203691ms] [ERROR] Failed to fetch RSC payload for http://localhost:3000/en/login?reason=idle. Falling back to browser navigation. TypeError: Failed to fetch
    at createFetch (http://localhost:3000/_next/static/chunks/node_modules_next_dist_client_0r5nbpw._.js:8207:21)
    at async fetchServerResponse (http://localhost:3000/_next/static/chunks/node_modules_next_dist_client_0r5nbpw._.js:8051:21)
    at async fetchMissingDynamicData (http://localhost:3000/_next/static/chunks/node_modules_next_dist_client_0r5nbpw._.js:9464:24) @ http://localhost:3000/_next/static/chunks/node_modules_next_dist_1ybzpk2._.js:3318
[15203692ms] [ERROR] Failed to load resource: net::ERR_NETWORK_CHANGED @ http://localhost:3000/en/login?reason=idle&_rsc=vC3-Au21QXuX1vqq:0
[15203692ms] [ERROR] Failed to fetch RSC payload for http://localhost:3000/en/login?reason=idle. Falling back to browser navigation. TypeError: Failed to fetch
    at createFetch (http://localhost:3000/_next/static/chunks/node_modules_next_dist_client_0r5nbpw._.js:8207:21)
    at async fetchServerResponse (http://localhost:3000/_next/static/chunks/node_modules_next_dist_client_0r5nbpw._.js:8051:21)
    at async fetchMissingDynamicData (http://localhost:3000/_next/static/chunks/node_modules_next_dist_client_0r5nbpw._.js:9464:24) @ http://localhost:3000/_next/static/chunks/node_modules_next_dist_1ybzpk2._.js:3318
[15203694ms] [ERROR] Failed to load resource: net::ERR_NETWORK_CHANGED @ http://localhost:3000/en/login?reason=idle&_rsc=vC3-Au21QXuX1vqq:0
[15203694ms] [ERROR] Failed to fetch RSC payload for http://localhost:3000/en/login?reason=idle. Falling back to browser navigation. TypeError: Failed to fetch
    at createFetch (http://localhost:3000/_next/static/chunks/node_modules_next_dist_client_0r5nbpw._.js:8207:21)
    at async fetchServerResponse (http://localhost:3000/_next/static/chunks/node_modules_next_dist_client_0r5nbpw._.js:8051:21)
    at async fetchMissingDynamicData (http://localhost:3000/_next/static/chunks/node_modules_next_dist_client_0r5nbpw._.js:9464:24) @ http://localhost:3000/_next/static/chunks/node_modules_next_dist_1ybzpk2._.js:3318
[15203696ms] [ERROR] Failed to load resource: net::ERR_NETWORK_CHANGED @ http://localhost:3000/en/login?reason=idle&_rsc=vC3-Au21QXuX1vqq:0
[15203696ms] [ERROR] Failed to fetch RSC payload for http://localhost:3000/en/login?reason=idle. Falling back to browser navigation. TypeError: Failed to fetch
    at createFetch (http://localhost:3000/_next/static/chunks/node_modules_next_dist_client_0r5nbpw._.js:8207:21)
    at async fetchServerResponse (http://localhost:3000/_next/static/chunks/node_modules_next_dist_client_0r5nbpw._.js:8051:21)
    at async fetchMissingDynamicData (http://localhost:3000/_next/static/chunks/node_modules_next_dist_client_0r5nbpw._.js:9464:24) @ http://localhost:3000/_next/static/chunks/node_modules_next_dist_1ybzpk2._.js:3318
[15203698ms] [ERROR] Failed to load resource: net::ERR_NETWORK_CHANGED @ http://localhost:3000/en/login?reason=idle&_rsc=vC3-Au21QXuX1vqq:0
[15203698ms] [ERROR] Failed to fetch RSC payload for http://localhost:3000/en/login?reason=idle. Falling back to browser navigation. TypeError: Failed to fetch
    at createFetch (http://localhost:3000/_next/static/chunks/node_modules_next_dist_client_0r5nbpw._.js:8207:21)
    at async fetchServerResponse (http://localhost:3000/_next/static/chunks/node_modules_next_dist_client_0r5nbpw._.js:8051:21)
    at async fetchMissingDynamicData (http://localhost:3000/_next/static/chunks/node_modules_next_dist_client_0r5nbpw._.js:9464:24) @ http://localhost:3000/_next/static/chunks/node_modules_next_dist_1ybzpk2._.js:3318
[15203699ms] [ERROR] Failed to load resource: net::ERR_NETWORK_CHANGED @ http://localhost:3000/en/login?reason=idle&_rsc=vC3-Au21QXuX1vqq:0
[15203699ms] [ERROR] Failed to fetch RSC payload for http://localhost:3000/en/login?reason=idle. Falling back to browser navigation. TypeError: Failed to fetch
    at createFetch (http://localhost:3000/_next/static/chunks/node_modules_next_dist_client_0r5nbpw._.js:8207:21)
    at async fetchServerResponse (http://localhost:3000/_next/static/chunks/node_modules_next_dist_client_0r5nbpw._.js:8051:21)
    at async fetchMissingDynamicData (http://localhost:3000/_next/static/chunks/node_modules_next_dist_client_0r5nbpw._.js:9464:24) @ http://localhost:3000/_next/static/chunks/node_modules_next_dist_1ybzpk2._.js:3318
[15203700ms] [ERROR] Failed to load resource: net::ERR_NETWORK_CHANGED @ http://localhost:3000/en/login?reason=idle&_rsc=vC3-Au21QXuX1vqq:0
[15203701ms] [ERROR] Failed to fetch RSC payload for http://localhost:3000/en/login?reason=idle. Falling back to browser navigation. TypeError: Failed to fetch
    at createFetch (http://localhost:3000/_next/static/chunks/node_modules_next_dist_client_0r5nbpw._.js:8207:21)
    at async fetchServerResponse (http://localhost:3000/_next/static/chunks/node_modules_next_dist_client_0r5nbpw._.js:8051:21)
    at async fetchMissingDynamicData (http://localhost:3000/_next/static/chunks/node_modules_next_dist_client_0r5nbpw._.js:9464:24) @ http://localhost:3000/_next/static/chunks/node_modules_next_dist_1ybzpk2._.js:3318
[15203702ms] [ERROR] Failed to load resource: net::ERR_NETWORK_CHANGED @ http://localhost:3000/en/login?reason=idle&_rsc=vC3-Au21QXuX1vqq:0
[15203702ms] [ERROR] Failed to fetch RSC payload for http://localhost:3000/en/login?reason=idle. Falling back to browser navigation. TypeError: Failed to fetch
    at createFetch (http://localhost:3000/_next/static/chunks/node_modules_next_dist_client_0r5nbpw._.js:8207:21)
    at async fetchServerResponse (http://localhost:3000/_next/static/chunks/node_modules_next_dist_client_0r5nbpw._.js:8051:21)
    at async fetchMissingDynamicData (http://localhost:3000/_next/static/chunks/node_modules_next_dist_client_0r5nbpw._.js:9464:24) @ http://localhost:3000/_next/static/chunks/node_modules_next_dist_1ybzpk2._.js:3318
[15203703ms] [ERROR] Failed to load resource: net::ERR_NETWORK_CHANGED @ http://localhost:3000/en/login?reason=idle&_rsc=vC3-Au21QXuX1vqq:0
[15203703ms] [ERROR] Failed to fetch RSC payload for http://localhost:3000/en/login?reason=idle. Falling back to browser navigation. TypeError: Failed to fetch
    at createFetch (http://localhost:3000/_next/static/chunks/node_modules_next_dist_client_0r5nbpw._.js:8207:21)
    at async fetchServerResponse (http://localhost:3000/_next/static/chunks/node_modules_next_dist_client_0r5nbpw._.js:8051:21)
    at async fetchMissingDynamicData (http://localhost:3000/_next/static/chunks/node_modules_next_dist_client_0r5nbpw._.js:9464:24) @ http://localhost:3000/_next/static/chunks/node_modules_next_dist_1ybzpk2._.js:3318
[15203705ms] [ERROR] Failed to load resource: net::ERR_NETWORK_CHANGED @ http://localhost:3000/en/login?reason=idle&_rsc=vC3-Au21QXuX1vqq:0
[15203705ms] [ERROR] Failed to fetch RSC payload for http://localhost:3000/en/login?reason=idle. Falling back to browser navigation. TypeError: Failed to fetch
    at createFetch (http://localhost:3000/_next/static/chunks/node_modules_next_dist_client_0r5nbpw._.js:8207:21)
    at async fetchServerResponse (http://localhost:3000/_next/static/chunks/node_modules_next_dist_client_0r5nbpw._.js:8051:21)
    at async fetchMissingDynamicData (http://localhost:3000/_next/static/chunks/node_modules_next_dist_client_0r5nbpw._.js:9464:24) @ http://localhost:3000/_next/static/chunks/node_modules_next_dist_1ybzpk2._.js:3318
[15203706ms] [ERROR] Failed to load resource: net::ERR_NETWORK_CHANGED @ http://localhost:3000/en/login?reason=idle&_rsc=vC3-Au21QXuX1vqq:0
[15203706ms] [ERROR] Failed to fetch RSC payload for http://localhost:3000/en/login?reason=idle. Falling back to browser navigation. TypeError: Failed to fetch
    at createFetch (http://localhost:3000/_next/static/chunks/node_modules_next_dist_client_0r5nbpw._.js:8207:21)
    at async fetchServerResponse (http://localhost:3000/_next/static/chunks/node_modules_next_dist_client_0r5nbpw._.js:8051:21)
    at async fetchMissingDynamicData (http://localhost:3000/_next/static/chunks/node_modules_next_dist_client_0r5nbpw._.js:9464:24) @ http://localhost:3000/_next/static/chunks/node_modules_next_dist_1ybzpk2._.js:3318
[15203708ms] [ERROR] Failed to load resource: net::ERR_NETWORK_CHANGED @ http://localhost:3000/en/login?reason=idle&_rsc=vC3-Au21QXuX1vqq:0
[15203708ms] [ERROR] Failed to fetch RSC payload for http://localhost:3000/en/login?reason=idle. Falling back to browser navigation. TypeError: Failed to fetch
    at createFetch (http://localhost:3000/_next/static/chunks/node_modules_next_dist_client_0r5nbpw._.js:8207:21)
    at async fetchServerResponse (http://localhost:3000/_next/static/chunks/node_modules_next_dist_client_0r5nbpw._.js:8051:21)
    at async fetchMissingDynamicData (http://localhost:3000/_next/static/chunks/node_modules_next_dist_client_0r5nbpw._.js:9464:24) @ http://localhost:3000/_next/static/chunks/node_modules_next_dist_1ybzpk2._.js:3318
[15203709ms] [ERROR] Failed to load resource: net::ERR_NETWORK_CHANGED @ http://localhost:3000/en/login?reason=idle&_rsc=vC3-Au21QXuX1vqq:0
[15203709ms] [ERROR] Failed to fetch RSC payload for http://localhost:3000/en/login?reason=idle. Falling back to browser navigation. TypeError: Failed to fetch
    at createFetch (http://localhost:3000/_next/static/chunks/node_modules_next_dist_client_0r5nbpw._.js:8207:21)
    at async fetchServerResponse (http://localhost:3000/_next/static/chunks/node_modules_next_dist_client_0r5nbpw._.js:8051:21)
    at async fetchMissingDynamicData (http://localhost:3000/_next/static/chunks/node_modules_next_dist_client_0r5nbpw._.js:9464:24) @ http://localhost:3000/_next/static/chunks/node_modules_next_dist_1ybzpk2._.js:3318
[15203712ms] [ERROR] Failed to load resource: net::ERR_NETWORK_CHANGED @ http://localhost:3000/en/login?reason=idle&_rsc=vC3-Au21QXuX1vqq:0
[15203712ms] [ERROR] Failed to fetch RSC payload for http://localhost:3000/en/login?reason=idle. Falling back to browser navigation. TypeError: Failed to fetch
    at createFetch (http://localhost:3000/_next/static/chunks/node_modules_next_dist_client_0r5nbpw._.js:8207:21)
    at async fetchServerResponse (http://localhost:3000/_next/static/chunks/node_modules_next_dist_client_0r5nbpw._.js:8051:21)
    at async fetchMissingDynamicData (http://localhost:3000/_next/static/chunks/node_modules_next_dist_client_0r5nbpw._.js:9464:24) @ http://localhost:3000/_next/static/chunks/node_modules_next_dist_1ybzpk2._.js:3318
[15203713ms] [ERROR] Failed to load resource: net::ERR_NETWORK_CHANGED @ http://localhost:3000/en/login?reason=idle&_rsc=vC3-Au21QXuX1vqq:0
[15203713ms] [ERROR] Failed to fetch RSC payload for http://localhost:3000/en/login?reason=idle. Falling back to browser navigation. TypeError: Failed to fetch
    at createFetch (http://localhost:3000/_next/static/chunks/node_modules_next_dist_client_0r5nbpw._.js:8207:21)
    at async fetchServerResponse (http://localhost:3000/_next/static/chunks/node_modules_next_dist_client_0r5nbpw._.js:8051:21)
    at async fetchMissingDynamicData (http://localhost:3000/_next/static/chunks/node_modules_next_dist_client_0r5nbpw._.js:9464:24) @ http://localhost:3000/_next/static/chunks/node_modules_next_dist_1ybzpk2._.js:3318
[15203714ms] [ERROR] Failed to load resource: net::ERR_NETWORK_CHANGED @ http://localhost:3000/en/login?reason=idle&_rsc=vC3-Au21QXuX1vqq:0
[15203714ms] [ERROR] Failed to fetch RSC payload for http://localhost:3000/en/login?reason=idle. Falling back to browser navigation. TypeError: Failed to fetch
    at createFetch (http://localhost:3000/_next/static/chunks/node_modules_next_dist_client_0r5nbpw._.js:8207:21)
    at async fetchServerResponse (http://localhost:3000/_next/static/chunks/node_modules_next_dist_client_0r5nbpw._.js:8051:21)
    at async fetchMissingDynamicData (http://localhost:3000/_next/static/chunks/node_modules_next_dist_client_0r5nbpw._.js:9464:24) @ http://localhost:3000/_next/static/chunks/node_modules_next_dist_1ybzpk2._.js:3318
[15203716ms] [ERROR] Failed to load resource: net::ERR_NETWORK_CHANGED @ http://localhost:3000/en/login?reason=idle&_rsc=vC3-Au21QXuX1vqq:0
[15203716ms] [ERROR] Failed to fetch RSC payload for http://localhost:3000/en/login?reason=idle. Falling back to browser navigation. TypeError: Failed to fetch
    at createFetch (http://localhost:3000/_next/static/chunks/node_modules_next_dist_client_0r5nbpw._.js:8207:21)
    at async fetchServerResponse (http://localhost:3000/_next/static/chunks/node_modules_next_dist_client_0r5nbpw._.js:8051:21)
    at async fetchMissingDynamicData (http://localhost:3000/_next/static/chunks/node_modules_next_dist_client_0r5nbpw._.js:9464:24) @ http://localhost:3000/_next/static/chunks/node_modules_next_dist_1ybzpk2._.js:3318
[15203717ms] [ERROR] Failed to load resource: net::ERR_NETWORK_CHANGED @ http://localhost:3000/en/login?reason=idle&_rsc=vC3-Au21QXuX1vqq:0
[15203717ms] [ERROR] Failed to fetch RSC payload for http://localhost:3000/en/login?reason=idle. Falling back to browser navigation. TypeError: Failed to fetch
    at createFetch (http://localhost:3000/_next/static/chunks/node_modules_next_dist_client_0r5nbpw._.js:8207:21)
    at async fetchServerResponse (http://localhost:3000/_next/static/chunks/node_modules_next_dist_client_0r5nbpw._.js:8051:21)
    at async fetchMissingDynamicData (http://localhost:3000/_next/static/chunks/node_modules_next_dist_client_0r5nbpw._.js:9464:24) @ http://localhost:3000/_next/static/chunks/node_modules_next_dist_1ybzpk2._.js:3318
[15203719ms] [ERROR] Failed to load resource: net::ERR_NETWORK_CHANGED @ http://localhost:3000/en/login?reason=idle&_rsc=vC3-Au21QXuX1vqq:0
[15203720ms] [ERROR] Failed to fetch RSC payload for http://localhost:3000/en/login?reason=idle. Falling back to browser navigation. TypeError: Failed to fetch
    at createFetch (http://localhost:3000/_next/static/chunks/node_modules_next_dist_client_0r5nbpw._.js:8207:21)
    at async fetchServerResponse (http://localhost:3000/_next/static/chunks/node_modules_next_dist_client_0r5nbpw._.js:8051:21)
    at async fetchMissingDynamicData (http://localhost:3000/_next/static/chunks/node_modules_next_dist_client_0r5nbpw._.js:9464:24) @ http://localhost:3000/_next/static/chunks/node_modules_next_dist_1ybzpk2._.js:3318
[15203721ms] [ERROR] Failed to load resource: net::ERR_NETWORK_CHANGED @ http://localhost:3000/en/login?reason=idle&_rsc=vC3-Au21QXuX1vqq:0
[15203722ms] [ERROR] Failed to fetch RSC payload for http://localhost:3000/en/login?reason=idle. Falling back to browser navigation. TypeError: Failed to fetch
    at createFetch (http://localhost:3000/_next/static/chunks/node_modules_next_dist_client_0r5nbpw._.js:8207:21)
    at async fetchServerResponse (http://localhost:3000/_next/static/chunks/node_modules_next_dist_client_0r5nbpw._.js:8051:21)
    at async fetchMissingDynamicData (http://localhost:3000/_next/static/chunks/node_modules_next_dist_client_0r5nbpw._.js:9464:24) @ http://localhost:3000/_next/static/chunks/node_modules_next_dist_1ybzpk2._.js:3318
[15203723ms] [ERROR] Failed to load resource: net::ERR_NETWORK_CHANGED @ http://localhost:3000/en/login?reason=idle&_rsc=vC3-Au21QXuX1vqq:0
[15203724ms] [ERROR] Failed to fetch RSC payload for http://localhost:3000/en/login?reason=idle. Falling back to browser navigation. TypeError: Failed to fetch
    at createFetch (http://localhost:3000/_next/static/chunks/node_modules_next_dist_client_0r5nbpw._.js:8207:21)
    at async fetchServerResponse (http://localhost:3000/_next/static/chunks/node_modules_next_dist_client_0r5nbpw._.js:8051:21)
    at async fetchMissingDynamicData (http://localhost:3000/_next/static/chunks/node_modules_next_dist_client_0r5nbpw._.js:9464:24) @ http://localhost:3000/_next/static/chunks/node_modules_next_dist_1ybzpk2._.js:3318
[15203725ms] [ERROR] Failed to load resource: net::ERR_NETWORK_CHANGED @ http://localhost:3000/en/login?reason=idle&_rsc=vC3-Au21QXuX1vqq:0
[15203725ms] [ERROR] Failed to fetch RSC payload for http://localhost:3000/en/login?reason=idle. Falling back to browser navigation. TypeError: Failed to fetch
    at createFetch (http://localhost:3000/_next/static/chunks/node_modules_next_dist_client_0r5nbpw._.js:8207:21)
    at async fetchServerResponse (http://localhost:3000/_next/static/chunks/node_modules_next_dist_client_0r5nbpw._.js:8051:21)
    at async fetchMissingDynamicData (http://localhost:3000/_next/static/chunks/node_modules_next_dist_client_0r5nbpw._.js:9464:24) @ http://localhost:3000/_next/static/chunks/node_modules_next_dist_1ybzpk2._.js:3318
[15203727ms] [ERROR] Failed to load resource: net::ERR_NETWORK_CHANGED @ http://localhost:3000/en/login?reason=idle&_rsc=vC3-Au21QXuX1vqq:0
[15203727ms] [ERROR] Failed to fetch RSC payload for http://localhost:3000/en/login?reason=idle. Falling back to browser navigation. TypeError: Failed to fetch
    at createFetch (http://localhost:3000/_next/static/chunks/node_modules_next_dist_client_0r5nbpw._.js:8207:21)
    at async fetchServerResponse (http://localhost:3000/_next/static/chunks/node_modules_next_dist_client_0r5nbpw._.js:8051:21)
    at async fetchMissingDynamicData (http://localhost:3000/_next/static/chunks/node_modules_next_dist_client_0r5nbpw._.js:9464:24) @ http://localhost:3000/_next/static/chunks/node_modules_next_dist_1ybzpk2._.js:3318
[15203728ms] [ERROR] Failed to load resource: net::ERR_NETWORK_CHANGED @ http://localhost:3000/en/login?reason=idle&_rsc=vC3-Au21QXuX1vqq:0
[15203729ms] [ERROR] Failed to fetch RSC payload for http://localhost:3000/en/login?reason=idle. Falling back to browser navigation. TypeError: Failed to fetch
    at createFetch (http://localhost:3000/_next/static/chunks/node_modules_next_dist_client_0r5nbpw._.js:8207:21)
    at async fetchServerResponse (http://localhost:3000/_next/static/chunks/node_modules_next_dist_client_0r5nbpw._.js:8051:21)
    at async fetchMissingDynamicData (http://localhost:3000/_next/static/chunks/node_modules_next_dist_client_0r5nbpw._.js:9464:24) @ http://localhost:3000/_next/static/chunks/node_modules_next_dist_1ybzpk2._.js:3318
[15203730ms] [ERROR] Failed to load resource: net::ERR_NETWORK_CHANGED @ http://localhost:3000/en/login?reason=idle&_rsc=vC3-Au21QXuX1vqq:0
[15203730ms] [ERROR] Failed to fetch RSC payload for http://localhost:3000/en/login?reason=idle. Falling back to browser navigation. TypeError: Failed to fetch
    at createFetch (http://localhost:3000/_next/static/chunks/node_modules_next_dist_client_0r5nbpw._.js:8207:21)
    at async fetchServerResponse (http://localhost:3000/_next/static/chunks/node_modules_next_dist_client_0r5nbpw._.js:8051:21)
    at async fetchMissingDynamicData (http://localhost:3000/_next/static/chunks/node_modules_next_dist_client_0r5nbpw._.js:9464:24) @ http://localhost:3000/_next/static/chunks/node_modules_next_dist_1ybzpk2._.js:3318
[15203732ms] [ERROR] Failed to load resource: net::ERR_NETWORK_CHANGED @ http://localhost:3000/en/login?reason=idle&_rsc=vC3-Au21QXuX1vqq:0
[15203732ms] [ERROR] Failed to fetch RSC payload for http://localhost:3000/en/login?reason=idle. Falling back to browser navigation. TypeError: Failed to fetch
    at createFetch (http://localhost:3000/_next/static/chunks/node_modules_next_dist_client_0r5nbpw._.js:8207:21)
    at async fetchServerResponse (http://localhost:3000/_next/static/chunks/node_modules_next_dist_client_0r5nbpw._.js:8051:21)
    at async fetchMissingDynamicData (http://localhost:3000/_next/static/chunks/node_modules_next_dist_client_0r5nbpw._.js:9464:24) @ http://localhost:3000/_next/static/chunks/node_modules_next_dist_1ybzpk2._.js:3318
[15203733ms] [ERROR] Failed to load resource: net::ERR_NETWORK_CHANGED @ http://localhost:3000/en/login?reason=idle&_rsc=vC3-Au21QXuX1vqq:0
[15203734ms] [ERROR] Failed to fetch RSC payload for http://localhost:3000/en/login?reason=idle. Falling back to browser navigation. TypeError: Failed to fetch
    at createFetch (http://localhost:3000/_next/static/chunks/node_modules_next_dist_client_0r5nbpw._.js:8207:21)
    at async fetchServerResponse (http://localhost:3000/_next/static/chunks/node_modules_next_dist_client_0r5nbpw._.js:8051:21)
    at async fetchMissingDynamicData (http://localhost:3000/_next/static/chunks/node_modules_next_dist_client_0r5nbpw._.js:9464:24) @ http://localhost:3000/_next/static/chunks/node_modules_next_dist_1ybzpk2._.js:3318
[15203735ms] [ERROR] Failed to load resource: net::ERR_NETWORK_CHANGED @ http://localhost:3000/en/login?reason=idle&_rsc=vC3-Au21QXuX1vqq:0
[15203735ms] [ERROR] Failed to fetch RSC payload for http://localhost:3000/en/login?reason=idle. Falling back to browser navigation. TypeError: Failed to fetch
    at createFetch (http://localhost:3000/_next/static/chunks/node_modules_next_dist_client_0r5nbpw._.js:8207:21)
    at async fetchServerResponse (http://localhost:3000/_next/static/chunks/node_modules_next_dist_client_0r5nbpw._.js:8051:21)
    at async fetchMissingDynamicData (http://localhost:3000/_next/static/chunks/node_modules_next_dist_client_0r5nbpw._.js:9464:24) @ http://localhost:3000/_next/static/chunks/node_modules_next_dist_1ybzpk2._.js:3318
[15203736ms] [ERROR] Failed to load resource: net::ERR_NETWORK_CHANGED @ http://localhost:3000/en/login?reason=idle&_rsc=vC3-Au21QXuX1vqq:0
[15203736ms] [ERROR] Failed to fetch RSC payload for http://localhost:3000/en/login?reason=idle. Falling back to browser navigation. TypeError: Failed to fetch
    at createFetch (http://localhost:3000/_next/static/chunks/node_modules_next_dist_client_0r5nbpw._.js:8207:21)
    at async fetchServerResponse (http://localhost:3000/_next/static/chunks/node_modules_next_dist_client_0r5nbpw._.js:8051:21)
    at async fetchMissingDynamicData (http://localhost:3000/_next/static/chunks/node_modules_next_dist_client_0r5nbpw._.js:9464:24) @ http://localhost:3000/_next/static/chunks/node_modules_next_dist_1ybzpk2._.js:3318
[15203737ms] [ERROR] Failed to load resource: net::ERR_NETWORK_CHANGED @ http://localhost:3000/en/login?reason=idle&_rsc=vC3-Au21QXuX1vqq:0
[15203738ms] [ERROR] Failed to fetch RSC payload for http://localhost:3000/en/login?reason=idle. Falling back to browser navigation. TypeError: Failed to fetch
    at createFetch (http://localhost:3000/_next/static/chunks/node_modules_next_dist_client_0r5nbpw._.js:8207:21)
    at async fetchServerResponse (http://localhost:3000/_next/static/chunks/node_modules_next_dist_client_0r5nbpw._.js:8051:21)
    at async fetchMissingDynamicData (http://localhost:3000/_next/static/chunks/node_modules_next_dist_client_0r5nbpw._.js:9464:24) @ http://localhost:3000/_next/static/chunks/node_modules_next_dist_1ybzpk2._.js:3318
[15203739ms] [ERROR] Failed to load resource: net::ERR_NETWORK_CHANGED @ http://localhost:3000/en/login?reason=idle&_rsc=vC3-Au21QXuX1vqq:0
[15203741ms] [ERROR] Failed to fetch RSC payload for http://localhost:3000/en/login?reason=idle. Falling back to browser navigation. TypeError: Failed to fetch
    at createFetch (http://localhost:3000/_next/static/chunks/node_modules_next_dist_client_0r5nbpw._.js:8207:21)
    at async fetchServerResponse (http://localhost:3000/_next/static/chunks/node_modules_next_dist_client_0r5nbpw._.js:8051:21)
    at async fetchMissingDynamicData (http://localhost:3000/_next/static/chunks/node_modules_next_dist_client_0r5nbpw._.js:9464:24) @ http://localhost:3000/_next/static/chunks/node_modules_next_dist_1ybzpk2._.js:3318
[15203742ms] [ERROR] Failed to load resource: net::ERR_NETWORK_CHANGED @ http://localhost:3000/en/login?reason=idle&_rsc=vC3-Au21QXuX1vqq:0
[15203742ms] [ERROR] Failed to fetch RSC payload for http://localhost:3000/en/login?reason=idle. Falling back to browser navigation. TypeError: Failed to fetch
    at createFetch (http://localhost:3000/_next/static/chunks/node_modules_next_dist_client_0r5nbpw._.js:8207:21)
    at async fetchServerResponse (http://localhost:3000/_next/static/chunks/node_modules_next_dist_client_0r5nbpw._.js:8051:21)
    at async fetchMissingDynamicData (http://localhost:3000/_next/static/chunks/node_modules_next_dist_client_0r5nbpw._.js:9464:24) @ http://localhost:3000/_next/static/chunks/node_modules_next_dist_1ybzpk2._.js:3318
[15203743ms] [ERROR] Failed to load resource: net::ERR_NETWORK_CHANGED @ http://localhost:3000/en/login?reason=idle&_rsc=vC3-Au21QXuX1vqq:0
[15203743ms] [ERROR] Failed to fetch RSC payload for http://localhost:3000/en/login?reason=idle. Falling back to browser navigation. TypeError: Failed to fetch
    at createFetch (http://localhost:3000/_next/static/chunks/node_modules_next_dist_client_0r5nbpw._.js:8207:21)
    at async fetchServerResponse (http://localhost:3000/_next/static/chunks/node_modules_next_dist_client_0r5nbpw._.js:8051:21)
    at async fetchMissingDynamicData (http://localhost:3000/_next/static/chunks/node_modules_next_dist_client_0r5nbpw._.js:9464:24) @ http://localhost:3000/_next/static/chunks/node_modules_next_dist_1ybzpk2._.js:3318
[15203745ms] [ERROR] Failed to load resource: net::ERR_NETWORK_CHANGED @ http://localhost:3000/en/login?reason=idle&_rsc=vC3-Au21QXuX1vqq:0
[15203745ms] [ERROR] Failed to fetch RSC payload for http://localhost:3000/en/login?reason=idle. Falling back to browser navigation. TypeError: Failed to fetch
    at createFetch (http://localhost:3000/_next/static/chunks/node_modules_next_dist_client_0r5nbpw._.js:8207:21)
    at async fetchServerResponse (http://localhost:3000/_next/static/chunks/node_modules_next_dist_client_0r5nbpw._.js:8051:21)
    at async fetchMissingDynamicData (http://localhost:3000/_next/static/chunks/node_modules_next_dist_client_0r5nbpw._.js:9464:24) @ http://localhost:3000/_next/static/chunks/node_modules_next_dist_1ybzpk2._.js:3318
[15203746ms] [ERROR] Failed to load resource: net::ERR_NETWORK_CHANGED @ http://localhost:3000/en/login?reason=idle&_rsc=vC3-Au21QXuX1vqq:0
[15203746ms] [ERROR] Failed to fetch RSC payload for http://localhost:3000/en/login?reason=idle. Falling back to browser navigation. TypeError: Failed to fetch
    at createFetch (http://localhost:3000/_next/static/chunks/node_modules_next_dist_client_0r5nbpw._.js:8207:21)
    at async fetchServerResponse (http://localhost:3000/_next/static/chunks/node_modules_next_dist_client_0r5nbpw._.js:8051:21)
    at async fetchMissingDynamicData (http://localhost:3000/_next/static/chunks/node_modules_next_dist_client_0r5nbpw._.js:9464:24) @ http://localhost:3000/_next/static/chunks/node_modules_next_dist_1ybzpk2._.js:3318
[15203747ms] [ERROR] Failed to load resource: net::ERR_NETWORK_CHANGED @ http://localhost:3000/en/login?reason=idle&_rsc=vC3-Au21QXuX1vqq:0
[15203748ms] [ERROR] Failed to fetch RSC payload for http://localhost:3000/en/login?reason=idle. Falling back to browser navigation. TypeError: Failed to fetch
    at createFetch (http://localhost:3000/_next/static/chunks/node_modules_next_dist_client_0r5nbpw._.js:8207:21)
    at async fetchServerResponse (http://localhost:3000/_next/static/chunks/node_modules_next_dist_client_0r5nbpw._.js:8051:21)
    at async fetchMissingDynamicData (http://localhost:3000/_next/static/chunks/node_modules_next_dist_client_0r5nbpw._.js:9464:24) @ http://localhost:3000/_next/static/chunks/node_modules_next_dist_1ybzpk2._.js:3318
[15203749ms] [ERROR] Failed to load resource: net::ERR_NETWORK_CHANGED @ http://localhost:3000/en/login?reason=idle&_rsc=vC3-Au21QXuX1vqq:0
[15203749ms] [ERROR] Failed to fetch RSC payload for http://localhost:3000/en/login?reason=idle. Falling back to browser navigation. TypeError: Failed to fetch
    at createFetch (http://localhost:3000/_next/static/chunks/node_modules_next_dist_client_0r5nbpw._.js:8207:21)
    at async fetchServerResponse (http://localhost:3000/_next/static/chunks/node_modules_next_dist_client_0r5nbpw._.js:8051:21)
    at async fetchMissingDynamicData (http://localhost:3000/_next/static/chunks/node_modules_next_dist_client_0r5nbpw._.js:9464:24) @ http://localhost:3000/_next/static/chunks/node_modules_next_dist_1ybzpk2._.js:3318
[15203750ms] [ERROR] Failed to load resource: net::ERR_NETWORK_CHANGED @ http://localhost:3000/en/login?reason=idle&_rsc=vC3-Au21QXuX1vqq:0
[15203751ms] [ERROR] Failed to fetch RSC payload for http://localhost:3000/en/login?reason=idle. Falling back to browser navigation. TypeError: Failed to fetch
    at createFetch (http://localhost:3000/_next/static/chunks/node_modules_next_dist_client_0r5nbpw._.js:8207:21)
    at async fetchServerResponse (http://localhost:3000/_next/static/chunks/node_modules_next_dist_client_0r5nbpw._.js:8051:21)
    at async fetchMissingDynamicData (http://localhost:3000/_next/static/chunks/node_modules_next_dist_client_0r5nbpw._.js:9464:24) @ http://localhost:3000/_next/static/chunks/node_modules_next_dist_1ybzpk2._.js:3318
[15203752ms] [ERROR] Failed to load resource: net::ERR_NETWORK_CHANGED @ http://localhost:3000/en/login?reason=idle&_rsc=vC3-Au21QXuX1vqq:0
[15203752ms] [ERROR] Failed to fetch RSC payload for http://localhost:3000/en/login?reason=idle. Falling back to browser navigation. TypeError: Failed to fetch
    at createFetch (http://localhost:3000/_next/static/chunks/node_modules_next_dist_client_0r5nbpw._.js:8207:21)
    at async fetchServerResponse (http://localhost:3000/_next/static/chunks/node_modules_next_dist_client_0r5nbpw._.js:8051:21)
    at async fetchMissingDynamicData (http://localhost:3000/_next/static/chunks/node_modules_next_dist_client_0r5nbpw._.js:9464:24) @ http://localhost:3000/_next/static/chunks/node_modules_next_dist_1ybzpk2._.js:3318
[15203753ms] [ERROR] Failed to load resource: net::ERR_NETWORK_CHANGED @ http://localhost:3000/en/login?reason=idle&_rsc=vC3-Au21QXuX1vqq:0
[15203753ms] [ERROR] Failed to fetch RSC payload for http://localhost:3000/en/login?reason=idle. Falling back to browser navigation. TypeError: Failed to fetch
    at createFetch (http://localhost:3000/_next/static/chunks/node_modules_next_dist_client_0r5nbpw._.js:8207:21)
    at async fetchServerResponse (http://localhost:3000/_next/static/chunks/node_modules_next_dist_client_0r5nbpw._.js:8051:21)
    at async fetchMissingDynamicData (http://localhost:3000/_next/static/chunks/node_modules_next_dist_client_0r5nbpw._.js:9464:24) @ http://localhost:3000/_next/static/chunks/node_modules_next_dist_1ybzpk2._.js:3318
[15203755ms] [ERROR] Failed to load resource: net::ERR_NETWORK_CHANGED @ http://localhost:3000/en/login?reason=idle&_rsc=vC3-Au21QXuX1vqq:0
[15203755ms] [ERROR] Failed to fetch RSC payload for http://localhost:3000/en/login?reason=idle. Falling back to browser navigation. TypeError: Failed to fetch
    at createFetch (http://localhost:3000/_next/static/chunks/node_modules_next_dist_client_0r5nbpw._.js:8207:21)
    at async fetchServerResponse (http://localhost:3000/_next/static/chunks/node_modules_next_dist_client_0r5nbpw._.js:8051:21)
    at async fetchMissingDynamicData (http://localhost:3000/_next/static/chunks/node_modules_next_dist_client_0r5nbpw._.js:9464:24) @ http://localhost:3000/_next/static/chunks/node_modules_next_dist_1ybzpk2._.js:3318
[15203756ms] [ERROR] Failed to load resource: net::ERR_NETWORK_CHANGED @ http://localhost:3000/en/login?reason=idle&_rsc=vC3-Au21QXuX1vqq:0
[15203756ms] [ERROR] Failed to fetch RSC payload for http://localhost:3000/en/login?reason=idle. Falling back to browser navigation. TypeError: Failed to fetch
    at createFetch (http://localhost:3000/_next/static/chunks/node_modules_next_dist_client_0r5nbpw._.js:8207:21)
    at async fetchServerResponse (http://localhost:3000/_next/static/chunks/node_modules_next_dist_client_0r5nbpw._.js:8051:21)
    at async fetchMissingDynamicData (http://localhost:3000/_next/static/chunks/node_modules_next_dist_client_0r5nbpw._.js:9464:24) @ http://localhost:3000/_next/static/chunks/node_modules_next_dist_1ybzpk2._.js:3318
[15203757ms] [ERROR] Failed to load resource: net::ERR_NETWORK_CHANGED @ http://localhost:3000/en/login?reason=idle&_rsc=vC3-Au21QXuX1vqq:0
[15203757ms] [ERROR] Failed to fetch RSC payload for http://localhost:3000/en/login?reason=idle. Falling back to browser navigation. TypeError: Failed to fetch
    at createFetch (http://localhost:3000/_next/static/chunks/node_modules_next_dist_client_0r5nbpw._.js:8207:21)
    at async fetchServerResponse (http://localhost:3000/_next/static/chunks/node_modules_next_dist_client_0r5nbpw._.js:8051:21)
    at async fetchMissingDynamicData (http://localhost:3000/_next/static/chunks/node_modules_next_dist_client_0r5nbpw._.js:9464:24) @ http://localhost:3000/_next/static/chunks/node_modules_next_dist_1ybzpk2._.js:3318
[15203759ms] [ERROR] Failed to load resource: net::ERR_NETWORK_CHANGED @ http://localhost:3000/en/login?reason=idle&_rsc=vC3-Au21QXuX1vqq:0
[15203759ms] [ERROR] Failed to fetch RSC payload for http://localhost:3000/en/login?reason=idle. Falling back to browser navigation. TypeError: Failed to fetch
    at createFetch (http://localhost:3000/_next/static/chunks/node_modules_next_dist_client_0r5nbpw._.js:8207:21)
    at async fetchServerResponse (http://localhost:3000/_next/static/chunks/node_modules_next_dist_client_0r5nbpw._.js:8051:21)
    at async fetchMissingDynamicData (http://localhost:3000/_next/static/chunks/node_modules_next_dist_client_0r5nbpw._.js:9464:24) @ http://localhost:3000/_next/static/chunks/node_modules_next_dist_1ybzpk2._.js:3318
[15203760ms] [ERROR] Failed to load resource: net::ERR_NETWORK_CHANGED @ http://localhost:3000/en/login?reason=idle&_rsc=vC3-Au21QXuX1vqq:0
[15203760ms] [ERROR] Failed to fetch RSC payload for http://localhost:3000/en/login?reason=idle. Falling back to browser navigation. TypeError: Failed to fetch
    at createFetch (http://localhost:3000/_next/static/chunks/node_modules_next_dist_client_0r5nbpw._.js:8207:21)
    at async fetchServerResponse (http://localhost:3000/_next/static/chunks/node_modules_next_dist_client_0r5nbpw._.js:8051:21)
    at async fetchMissingDynamicData (http://localhost:3000/_next/static/chunks/node_modules_next_dist_client_0r5nbpw._.js:9464:24) @ http://localhost:3000/_next/static/chunks/node_modules_next_dist_1ybzpk2._.js:3318
[15203761ms] [ERROR] Failed to load resource: net::ERR_NETWORK_CHANGED @ http://localhost:3000/en/login?reason=idle&_rsc=vC3-Au21QXuX1vqq:0
[15203761ms] [ERROR] Failed to fetch RSC payload for http://localhost:3000/en/login?reason=idle. Falling back to browser navigation. TypeError: Failed to fetch
    at createFetch (http://localhost:3000/_next/static/chunks/node_modules_next_dist_client_0r5nbpw._.js:8207:21)
    at async fetchServerResponse (http://localhost:3000/_next/static/chunks/node_modules_next_dist_client_0r5nbpw._.js:8051:21)
    at async fetchMissingDynamicData (http://localhost:3000/_next/static/chunks/node_modules_next_dist_client_0r5nbpw._.js:9464:24) @ http://localhost:3000/_next/static/chunks/node_modules_next_dist_1ybzpk2._.js:3318
[15203762ms] [ERROR] Failed to load resource: net::ERR_NETWORK_CHANGED @ http://localhost:3000/en/login?reason=idle&_rsc=vC3-Au21QXuX1vqq:0
[15203763ms] [ERROR] Failed to fetch RSC payload for http://localhost:3000/en/login?reason=idle. Falling back to browser navigation. TypeError: Failed to fetch
    at createFetch (http://localhost:3000/_next/static/chunks/node_modules_next_dist_client_0r5nbpw._.js:8207:21)
    at async fetchServerResponse (http://localhost:3000/_next/static/chunks/node_modules_next_dist_client_0r5nbpw._.js:8051:21)
    at async fetchMissingDynamicData (http://localhost:3000/_next/static/chunks/node_modules_next_dist_client_0r5nbpw._.js:9464:24) @ http://localhost:3000/_next/static/chunks/node_modules_next_dist_1ybzpk2._.js:3318
[15203764ms] [ERROR] Failed to load resource: net::ERR_NETWORK_CHANGED @ http://localhost:3000/en/login?reason=idle&_rsc=vC3-Au21QXuX1vqq:0
[15203764ms] [ERROR] Failed to fetch RSC payload for http://localhost:3000/en/login?reason=idle. Falling back to browser navigation. TypeError: Failed to fetch
    at createFetch (http://localhost:3000/_next/static/chunks/node_modules_next_dist_client_0r5nbpw._.js:8207:21)
    at async fetchServerResponse (http://localhost:3000/_next/static/chunks/node_modules_next_dist_client_0r5nbpw._.js:8051:21)
    at async fetchMissingDynamicData (http://localhost:3000/_next/static/chunks/node_modules_next_dist_client_0r5nbpw._.js:9464:24) @ http://localhost:3000/_next/static/chunks/node_modules_next_dist_1ybzpk2._.js:3318
[15203767ms] [ERROR] Failed to load resource: net::ERR_NETWORK_CHANGED @ http://localhost:3000/en/login?reason=idle&_rsc=vC3-Au21QXuX1vqq:0
[15203767ms] [ERROR] Failed to fetch RSC payload for http://localhost:3000/en/login?reason=idle. Falling back to browser navigation. TypeError: Failed to fetch
    at createFetch (http://localhost:3000/_next/static/chunks/node_modules_next_dist_client_0r5nbpw._.js:8207:21)
    at async fetchServerResponse (http://localhost:3000/_next/static/chunks/node_modules_next_dist_client_0r5nbpw._.js:8051:21)
    at async fetchMissingDynamicData (http://localhost:3000/_next/static/chunks/node_modules_next_dist_client_0r5nbpw._.js:9464:24) @ http://localhost:3000/_next/static/chunks/node_modules_next_dist_1ybzpk2._.js:3318
[15203768ms] [ERROR] Failed to load resource: net::ERR_NETWORK_CHANGED @ http://localhost:3000/en/login?reason=idle&_rsc=vC3-Au21QXuX1vqq:0
[15203768ms] [ERROR] Failed to fetch RSC payload for http://localhost:3000/en/login?reason=idle. Falling back to browser navigation. TypeError: Failed to fetch
    at createFetch (http://localhost:3000/_next/static/chunks/node_modules_next_dist_client_0r5nbpw._.js:8207:21)
    at async fetchServerResponse (http://localhost:3000/_next/static/chunks/node_modules_next_dist_client_0r5nbpw._.js:8051:21)
    at async fetchMissingDynamicData (http://localhost:3000/_next/static/chunks/node_modules_next_dist_client_0r5nbpw._.js:9464:24) @ http://localhost:3000/_next/static/chunks/node_modules_next_dist_1ybzpk2._.js:3318
[15203769ms] [ERROR] Failed to load resource: net::ERR_NETWORK_CHANGED @ http://localhost:3000/en/login?reason=idle&_rsc=vC3-Au21QXuX1vqq:0
[15203769ms] [ERROR] Failed to fetch RSC payload for http://localhost:3000/en/login?reason=idle. Falling back to browser navigation. TypeError: Failed to fetch
    at createFetch (http://localhost:3000/_next/static/chunks/node_modules_next_dist_client_0r5nbpw._.js:8207:21)
    at async fetchServerResponse (http://localhost:3000/_next/static/chunks/node_modules_next_dist_client_0r5nbpw._.js:8051:21)
    at async fetchMissingDynamicData (http://localhost:3000/_next/static/chunks/node_modules_next_dist_client_0r5nbpw._.js:9464:24) @ http://localhost:3000/_next/static/chunks/node_modules_next_dist_1ybzpk2._.js:3318
[15203770ms] [ERROR] Failed to load resource: net::ERR_NETWORK_CHANGED @ http://localhost:3000/en/login?reason=idle&_rsc=vC3-Au21QXuX1vqq:0
[15203770ms] [ERROR] Failed to fetch RSC payload for http://localhost:3000/en/login?reason=idle. Falling back to browser navigation. TypeError: Failed to fetch
    at createFetch (http://localhost:3000/_next/static/chunks/node_modules_next_dist_client_0r5nbpw._.js:8207:21)
    at async fetchServerResponse (http://localhost:3000/_next/static/chunks/node_modules_next_dist_client_0r5nbpw._.js:8051:21)
    at async fetchMissingDynamicData (http://localhost:3000/_next/static/chunks/node_modules_next_dist_client_0r5nbpw._.js:9464:24) @ http://localhost:3000/_next/static/chunks/node_modules_next_dist_1ybzpk2._.js:3318
[15203772ms] [ERROR] Failed to load resource: net::ERR_NETWORK_CHANGED @ http://localhost:3000/en/login?reason=idle&_rsc=vC3-Au21QXuX1vqq:0
[15203772ms] [ERROR] Failed to fetch RSC payload for http://localhost:3000/en/login?reason=idle. Falling back to browser navigation. TypeError: Failed to fetch
    at createFetch (http://localhost:3000/_next/static/chunks/node_modules_next_dist_client_0r5nbpw._.js:8207:21)
    at async fetchServerResponse (http://localhost:3000/_next/static/chunks/node_modules_next_dist_client_0r5nbpw._.js:8051:21)
    at async fetchMissingDynamicData (http://localhost:3000/_next/static/chunks/node_modules_next_dist_client_0r5nbpw._.js:9464:24) @ http://localhost:3000/_next/static/chunks/node_modules_next_dist_1ybzpk2._.js:3318
[15203773ms] [ERROR] Failed to load resource: net::ERR_NETWORK_CHANGED @ http://localhost:3000/en/login?reason=idle&_rsc=vC3-Au21QXuX1vqq:0
[15203773ms] [ERROR] Failed to fetch RSC payload for http://localhost:3000/en/login?reason=idle. Falling back to browser navigation. TypeError: Failed to fetch
    at createFetch (http://localhost:3000/_next/static/chunks/node_modules_next_dist_client_0r5nbpw._.js:8207:21)
    at async fetchServerResponse (http://localhost:3000/_next/static/chunks/node_modules_next_dist_client_0r5nbpw._.js:8051:21)
    at async fetchMissingDynamicData (http://localhost:3000/_next/static/chunks/node_modules_next_dist_client_0r5nbpw._.js:9464:24) @ http://localhost:3000/_next/static/chunks/node_modules_next_dist_1ybzpk2._.js:3318
[15203774ms] [ERROR] Failed to load resource: net::ERR_NETWORK_CHANGED @ http://localhost:3000/en/login?reason=idle&_rsc=vC3-Au21QXuX1vqq:0
[15203775ms] [ERROR] Failed to fetch RSC payload for http://localhost:3000/en/login?reason=idle. Falling back to browser navigation. TypeError: Failed to fetch
    at createFetch (http://localhost:3000/_next/static/chunks/node_modules_next_dist_client_0r5nbpw._.js:8207:21)
    at async fetchServerResponse (http://localhost:3000/_next/static/chunks/node_modules_next_dist_client_0r5nbpw._.js:8051:21)
    at async fetchMissingDynamicData (http://localhost:3000/_next/static/chunks/node_modules_next_dist_client_0r5nbpw._.js:9464:24) @ http://localhost:3000/_next/static/chunks/node_modules_next_dist_1ybzpk2._.js:3318
[15203776ms] [ERROR] Failed to load resource: net::ERR_NETWORK_CHANGED @ http://localhost:3000/en/login?reason=idle&_rsc=vC3-Au21QXuX1vqq:0
[15203776ms] [ERROR] Failed to fetch RSC payload for http://localhost:3000/en/login?reason=idle. Falling back to browser navigation. TypeError: Failed to fetch
    at createFetch (http://localhost:3000/_next/static/chunks/node_modules_next_dist_client_0r5nbpw._.js:8207:21)
    at async fetchServerResponse (http://localhost:3000/_next/static/chunks/node_modules_next_dist_client_0r5nbpw._.js:8051:21)
    at async fetchMissingDynamicData (http://localhost:3000/_next/static/chunks/node_modules_next_dist_client_0r5nbpw._.js:9464:24) @ http://localhost:3000/_next/static/chunks/node_modules_next_dist_1ybzpk2._.js:3318
[15203778ms] [ERROR] Failed to load resource: net::ERR_NETWORK_CHANGED @ http://localhost:3000/en/login?reason=idle&_rsc=vC3-Au21QXuX1vqq:0
[15203778ms] [ERROR] Failed to fetch RSC payload for http://localhost:3000/en/login?reason=idle. Falling back to browser navigation. TypeError: Failed to fetch
    at createFetch (http://localhost:3000/_next/static/chunks/node_modules_next_dist_client_0r5nbpw._.js:8207:21)
    at async fetchServerResponse (http://localhost:3000/_next/static/chunks/node_modules_next_dist_client_0r5nbpw._.js:8051:21)
    at async fetchMissingDynamicData (http://localhost:3000/_next/static/chunks/node_modules_next_dist_client_0r5nbpw._.js:9464:24) @ http://localhost:3000/_next/static/chunks/node_modules_next_dist_1ybzpk2._.js:3318
[15203779ms] [ERROR] Failed to load resource: net::ERR_NETWORK_CHANGED @ http://localhost:3000/en/login?reason=idle&_rsc=vC3-Au21QXuX1vqq:0
[15203780ms] [ERROR] Failed to fetch RSC payload for http://localhost:3000/en/login?reason=idle. Falling back to browser navigation. TypeError: Failed to fetch
    at createFetch (http://localhost:3000/_next/static/chunks/node_modules_next_dist_client_0r5nbpw._.js:8207:21)
    at async fetchServerResponse (http://localhost:3000/_next/static/chunks/node_modules_next_dist_client_0r5nbpw._.js:8051:21)
    at async fetchMissingDynamicData (http://localhost:3000/_next/static/chunks/node_modules_next_dist_client_0r5nbpw._.js:9464:24) @ http://localhost:3000/_next/static/chunks/node_modules_next_dist_1ybzpk2._.js:3318
[15203781ms] [ERROR] Failed to load resource: net::ERR_NETWORK_CHANGED @ http://localhost:3000/en/login?reason=idle&_rsc=vC3-Au21QXuX1vqq:0
[15203781ms] [ERROR] Failed to fetch RSC payload for http://localhost:3000/en/login?reason=idle. Falling back to browser navigation. TypeError: Failed to fetch
    at createFetch (http://localhost:3000/_next/static/chunks/node_modules_next_dist_client_0r5nbpw._.js:8207:21)
    at async fetchServerResponse (http://localhost:3000/_next/static/chunks/node_modules_next_dist_client_0r5nbpw._.js:8051:21)
    at async fetchMissingDynamicData (http://localhost:3000/_next/static/chunks/node_modules_next_dist_client_0r5nbpw._.js:9464:24) @ http://localhost:3000/_next/static/chunks/node_modules_next_dist_1ybzpk2._.js:3318
[15203783ms] [ERROR] Failed to load resource: net::ERR_NETWORK_CHANGED @ http://localhost:3000/en/login?reason=idle&_rsc=vC3-Au21QXuX1vqq:0
[15203784ms] [ERROR] Failed to fetch RSC payload for http://localhost:3000/en/login?reason=idle. Falling back to browser navigation. TypeError: Failed to fetch
    at createFetch (http://localhost:3000/_next/static/chunks/node_modules_next_dist_client_0r5nbpw._.js:8207:21)
    at async fetchServerResponse (http://localhost:3000/_next/static/chunks/node_modules_next_dist_client_0r5nbpw._.js:8051:21)
    at async fetchMissingDynamicData (http://localhost:3000/_next/static/chunks/node_modules_next_dist_client_0r5nbpw._.js:9464:24) @ http://localhost:3000/_next/static/chunks/node_modules_next_dist_1ybzpk2._.js:3318
[15203787ms] [ERROR] Failed to load resource: net::ERR_NETWORK_CHANGED @ http://localhost:3000/en/login?reason=idle&_rsc=vC3-Au21QXuX1vqq:0
[15203787ms] [ERROR] Failed to fetch RSC payload for http://localhost:3000/en/login?reason=idle. Falling back to browser navigation. TypeError: Failed to fetch
    at createFetch (http://localhost:3000/_next/static/chunks/node_modules_next_dist_client_0r5nbpw._.js:8207:21)
    at async fetchServerResponse (http://localhost:3000/_next/static/chunks/node_modules_next_dist_client_0r5nbpw._.js:8051:21)
    at async fetchMissingDynamicData (http://localhost:3000/_next/static/chunks/node_modules_next_dist_client_0r5nbpw._.js:9464:24) @ http://localhost:3000/_next/static/chunks/node_modules_next_dist_1ybzpk2._.js:3318
[15203788ms] [ERROR] Failed to load resource: net::ERR_NETWORK_CHANGED @ http://localhost:3000/en/login?reason=idle&_rsc=vC3-Au21QXuX1vqq:0
[15203789ms] [ERROR] Failed to fetch RSC payload for http://localhost:3000/en/login?reason=idle. Falling back to browser navigation. TypeError: Failed to fetch
    at createFetch (http://localhost:3000/_next/static/chunks/node_modules_next_dist_client_0r5nbpw._.js:8207:21)
    at async fetchServerResponse (http://localhost:3000/_next/static/chunks/node_modules_next_dist_client_0r5nbpw._.js:8051:21)
    at async fetchMissingDynamicData (http://localhost:3000/_next/static/chunks/node_modules_next_dist_client_0r5nbpw._.js:9464:24) @ http://localhost:3000/_next/static/chunks/node_modules_next_dist_1ybzpk2._.js:3318
[15203790ms] [ERROR] Failed to load resource: net::ERR_NETWORK_CHANGED @ http://localhost:3000/en/login?reason=idle&_rsc=vC3-Au21QXuX1vqq:0
[15203790ms] [ERROR] Failed to fetch RSC payload for http://localhost:3000/en/login?reason=idle. Falling back to browser navigation. TypeError: Failed to fetch
    at createFetch (http://localhost:3000/_next/static/chunks/node_modules_next_dist_client_0r5nbpw._.js:8207:21)
    at async fetchServerResponse (http://localhost:3000/_next/static/chunks/node_modules_next_dist_client_0r5nbpw._.js:8051:21)
    at async fetchMissingDynamicData (http://localhost:3000/_next/static/chunks/node_modules_next_dist_client_0r5nbpw._.js:9464:24) @ http://localhost:3000/_next/static/chunks/node_modules_next_dist_1ybzpk2._.js:3318
[15203793ms] [ERROR] Failed to load resource: net::ERR_NETWORK_CHANGED @ http://localhost:3000/en/login?reason=idle&_rsc=vC3-Au21QXuX1vqq:0
[15203793ms] [ERROR] Failed to fetch RSC payload for http://localhost:3000/en/login?reason=idle. Falling back to browser navigation. TypeError: Failed to fetch
    at createFetch (http://localhost:3000/_next/static/chunks/node_modules_next_dist_client_0r5nbpw._.js:8207:21)
    at async fetchServerResponse (http://localhost:3000/_next/static/chunks/node_modules_next_dist_client_0r5nbpw._.js:8051:21)
    at async fetchMissingDynamicData (http://localhost:3000/_next/static/chunks/node_modules_next_dist_client_0r5nbpw._.js:9464:24) @ http://localhost:3000/_next/static/chunks/node_modules_next_dist_1ybzpk2._.js:3318
[15203797ms] [ERROR] Failed to load resource: net::ERR_NETWORK_CHANGED @ http://localhost:3000/en/login?reason=idle&_rsc=vC3-Au21QXuX1vqq:0
[15203798ms] [ERROR] Failed to fetch RSC payload for http://localhost:3000/en/login?reason=idle. Falling back to browser navigation. TypeError: Failed to fetch
    at createFetch (http://localhost:3000/_next/static/chunks/node_modules_next_dist_client_0r5nbpw._.js:8207:21)
    at async fetchServerResponse (http://localhost:3000/_next/static/chunks/node_modules_next_dist_client_0r5nbpw._.js:8051:21)
    at async fetchMissingDynamicData (http://localhost:3000/_next/static/chunks/node_modules_next_dist_client_0r5nbpw._.js:9464:24) @ http://localhost:3000/_next/static/chunks/node_modules_next_dist_1ybzpk2._.js:3318
[15203801ms] [ERROR] Failed to load resource: net::ERR_NETWORK_CHANGED @ http://localhost:3000/en/login?reason=idle&_rsc=vC3-Au21QXuX1vqq:0
[15203801ms] [ERROR] Failed to fetch RSC payload for http://localhost:3000/en/login?reason=idle. Falling back to browser navigation. TypeError: Failed to fetch
    at createFetch (http://localhost:3000/_next/static/chunks/node_modules_next_dist_client_0r5nbpw._.js:8207:21)
    at async fetchServerResponse (http://localhost:3000/_next/static/chunks/node_modules_next_dist_client_0r5nbpw._.js:8051:21)
    at async fetchMissingDynamicData (http://localhost:3000/_next/static/chunks/node_modules_next_dist_client_0r5nbpw._.js:9464:24) @ http://localhost:3000/_next/static/chunks/node_modules_next_dist_1ybzpk2._.js:3318
[15203803ms] [ERROR] Failed to load resource: net::ERR_NETWORK_CHANGED @ http://localhost:3000/en/login?reason=idle&_rsc=vC3-Au21QXuX1vqq:0
[15203804ms] [ERROR] Failed to fetch RSC payload for http://localhost:3000/en/login?reason=idle. Falling back to browser navigation. TypeError: Failed to fetch
    at createFetch (http://localhost:3000/_next/static/chunks/node_modules_next_dist_client_0r5nbpw._.js:8207:21)
    at async fetchServerResponse (http://localhost:3000/_next/static/chunks/node_modules_next_dist_client_0r5nbpw._.js:8051:21)
    at async fetchMissingDynamicData (http://localhost:3000/_next/static/chunks/node_modules_next_dist_client_0r5nbpw._.js:9464:24) @ http://localhost:3000/_next/static/chunks/node_modules_next_dist_1ybzpk2._.js:3318
[15203806ms] [ERROR] Failed to load resource: net::ERR_NETWORK_CHANGED @ http://localhost:3000/en/login?reason=idle&_rsc=vC3-Au21QXuX1vqq:0
[15203807ms] [ERROR] Failed to fetch RSC payload for http://localhost:3000/en/login?reason=idle. Falling back to browser navigation. TypeError: Failed to fetch
    at createFetch (http://localhost:3000/_next/static/chunks/node_modules_next_dist_client_0r5nbpw._.js:8207:21)
    at async fetchServerResponse (http://localhost:3000/_next/static/chunks/node_modules_next_dist_client_0r5nbpw._.js:8051:21)
    at async fetchMissingDynamicData (http://localhost:3000/_next/static/chunks/node_modules_next_dist_client_0r5nbpw._.js:9464:24) @ http://localhost:3000/_next/static/chunks/node_modules_next_dist_1ybzpk2._.js:3318
[15203809ms] [ERROR] Failed to load resource: net::ERR_NETWORK_CHANGED @ http://localhost:3000/en/login?reason=idle&_rsc=vC3-Au21QXuX1vqq:0
[15203809ms] [ERROR] Failed to fetch RSC payload for http://localhost:3000/en/login?reason=idle. Falling back to browser navigation. TypeError: Failed to fetch
    at createFetch (http://localhost:3000/_next/static/chunks/node_modules_next_dist_client_0r5nbpw._.js:8207:21)
    at async fetchServerResponse (http://localhost:3000/_next/static/chunks/node_modules_next_dist_client_0r5nbpw._.js:8051:21)
    at async fetchMissingDynamicData (http://localhost:3000/_next/static/chunks/node_modules_next_dist_client_0r5nbpw._.js:9464:24) @ http://localhost:3000/_next/static/chunks/node_modules_next_dist_1ybzpk2._.js:3318
[15203810ms] [ERROR] Failed to load resource: net::ERR_NETWORK_CHANGED @ http://localhost:3000/en/login?reason=idle&_rsc=vC3-Au21QXuX1vqq:0
[15203810ms] [ERROR] Failed to fetch RSC payload for http://localhost:3000/en/login?reason=idle. Falling back to browser navigation. TypeError: Failed to fetch
    at createFetch (http://localhost:3000/_next/static/chunks/node_modules_next_dist_client_0r5nbpw._.js:8207:21)
    at async fetchServerResponse (http://localhost:3000/_next/static/chunks/node_modules_next_dist_client_0r5nbpw._.js:8051:21)
    at async fetchMissingDynamicData (http://localhost:3000/_next/static/chunks/node_modules_next_dist_client_0r5nbpw._.js:9464:24) @ http://localhost:3000/_next/static/chunks/node_modules_next_dist_1ybzpk2._.js:3318
[15203812ms] [ERROR] Failed to load resource: net::ERR_NETWORK_CHANGED @ http://localhost:3000/en/login?reason=idle&_rsc=vC3-Au21QXuX1vqq:0
[15203812ms] [ERROR] Failed to fetch RSC payload for http://localhost:3000/en/login?reason=idle. Falling back to browser navigation. TypeError: Failed to fetch
    at createFetch (http://localhost:3000/_next/static/chunks/node_modules_next_dist_client_0r5nbpw._.js:8207:21)
    at async fetchServerResponse (http://localhost:3000/_next/static/chunks/node_modules_next_dist_client_0r5nbpw._.js:8051:21)
    at async fetchMissingDynamicData (http://localhost:3000/_next/static/chunks/node_modules_next_dist_client_0r5nbpw._.js:9464:24) @ http://localhost:3000/_next/static/chunks/node_modules_next_dist_1ybzpk2._.js:3318
[15203813ms] [ERROR] Failed to load resource: net::ERR_NETWORK_CHANGED @ http://localhost:3000/en/login?reason=idle&_rsc=vC3-Au21QXuX1vqq:0
[15203813ms] [ERROR] Failed to fetch RSC payload for http://localhost:3000/en/login?reason=idle. Falling back to browser navigation. TypeError: Failed to fetch
    at createFetch (http://localhost:3000/_next/static/chunks/node_modules_next_dist_client_0r5nbpw._.js:8207:21)
    at async fetchServerResponse (http://localhost:3000/_next/static/chunks/node_modules_next_dist_client_0r5nbpw._.js:8051:21)
    at async fetchMissingDynamicData (http://localhost:3000/_next/static/chunks/node_modules_next_dist_client_0r5nbpw._.js:9464:24) @ http://localhost:3000/_next/static/chunks/node_modules_next_dist_1ybzpk2._.js:3318
[15203815ms] [ERROR] Failed to load resource: net::ERR_NETWORK_CHANGED @ http://localhost:3000/en/login?reason=idle&_rsc=vC3-Au21QXuX1vqq:0
[15203815ms] [ERROR] Failed to fetch RSC payload for http://localhost:3000/en/login?reason=idle. Falling back to browser navigation. TypeError: Failed to fetch
    at createFetch (http://localhost:3000/_next/static/chunks/node_modules_next_dist_client_0r5nbpw._.js:8207:21)
    at async fetchServerResponse (http://localhost:3000/_next/static/chunks/node_modules_next_dist_client_0r5nbpw._.js:8051:21)
    at async fetchMissingDynamicData (http://localhost:3000/_next/static/chunks/node_modules_next_dist_client_0r5nbpw._.js:9464:24) @ http://localhost:3000/_next/static/chunks/node_modules_next_dist_1ybzpk2._.js:3318
[15203816ms] [ERROR] Failed to load resource: net::ERR_NETWORK_CHANGED @ http://localhost:3000/en/login?reason=idle&_rsc=vC3-Au21QXuX1vqq:0
[15203816ms] [ERROR] Failed to fetch RSC payload for http://localhost:3000/en/login?reason=idle. Falling back to browser navigation. TypeError: Failed to fetch
    at createFetch (http://localhost:3000/_next/static/chunks/node_modules_next_dist_client_0r5nbpw._.js:8207:21)
    at async fetchServerResponse (http://localhost:3000/_next/static/chunks/node_modules_next_dist_client_0r5nbpw._.js:8051:21)
    at async fetchMissingDynamicData (http://localhost:3000/_next/static/chunks/node_modules_next_dist_client_0r5nbpw._.js:9464:24) @ http://localhost:3000/_next/static/chunks/node_modules_next_dist_1ybzpk2._.js:3318
[15203817ms] [ERROR] Failed to load resource: net::ERR_NETWORK_CHANGED @ http://localhost:3000/en/login?reason=idle&_rsc=vC3-Au21QXuX1vqq:0
[15203817ms] [ERROR] Failed to fetch RSC payload for http://localhost:3000/en/login?reason=idle. Falling back to browser navigation. TypeError: Failed to fetch
    at createFetch (http://localhost:3000/_next/static/chunks/node_modules_next_dist_client_0r5nbpw._.js:8207:21)
    at async fetchServerResponse (http://localhost:3000/_next/static/chunks/node_modules_next_dist_client_0r5nbpw._.js:8051:21)
    at async fetchMissingDynamicData (http://localhost:3000/_next/static/chunks/node_modules_next_dist_client_0r5nbpw._.js:9464:24) @ http://localhost:3000/_next/static/chunks/node_modules_next_dist_1ybzpk2._.js:3318
[15203818ms] [ERROR] Failed to load resource: net::ERR_NETWORK_CHANGED @ http://localhost:3000/en/login?reason=idle&_rsc=vC3-Au21QXuX1vqq:0
[15203818ms] [ERROR] Failed to fetch RSC payload for http://localhost:3000/en/login?reason=idle. Falling back to browser navigation. TypeError: Failed to fetch
    at createFetch (http://localhost:3000/_next/static/chunks/node_modules_next_dist_client_0r5nbpw._.js:8207:21)
    at async fetchServerResponse (http://localhost:3000/_next/static/chunks/node_modules_next_dist_client_0r5nbpw._.js:8051:21)
    at async fetchMissingDynamicData (http://localhost:3000/_next/static/chunks/node_modules_next_dist_client_0r5nbpw._.js:9464:24) @ http://localhost:3000/_next/static/chunks/node_modules_next_dist_1ybzpk2._.js:3318
[15203819ms] [ERROR] Failed to load resource: net::ERR_NETWORK_CHANGED @ http://localhost:3000/en/login?reason=idle&_rsc=vC3-Au21QXuX1vqq:0
[15203820ms] [ERROR] Failed to fetch RSC payload for http://localhost:3000/en/login?reason=idle. Falling back to browser navigation. TypeError: Failed to fetch
    at createFetch (http://localhost:3000/_next/static/chunks/node_modules_next_dist_client_0r5nbpw._.js:8207:21)
    at async fetchServerResponse (http://localhost:3000/_next/static/chunks/node_modules_next_dist_client_0r5nbpw._.js:8051:21)
    at async fetchMissingDynamicData (http://localhost:3000/_next/static/chunks/node_modules_next_dist_client_0r5nbpw._.js:9464:24) @ http://localhost:3000/_next/static/chunks/node_modules_next_dist_1ybzpk2._.js:3318
[15203821ms] [ERROR] Failed to load resource: net::ERR_NETWORK_CHANGED @ http://localhost:3000/en/login?reason=idle&_rsc=vC3-Au21QXuX1vqq:0
[15203821ms] [ERROR] Failed to fetch RSC payload for http://localhost:3000/en/login?reason=idle. Falling back to browser navigation. TypeError: Failed to fetch
    at createFetch (http://localhost:3000/_next/static/chunks/node_modules_next_dist_client_0r5nbpw._.js:8207:21)
    at async fetchServerResponse (http://localhost:3000/_next/static/chunks/node_modules_next_dist_client_0r5nbpw._.js:8051:21)
    at async fetchMissingDynamicData (http://localhost:3000/_next/static/chunks/node_modules_next_dist_client_0r5nbpw._.js:9464:24) @ http://localhost:3000/_next/static/chunks/node_modules_next_dist_1ybzpk2._.js:3318
[15203823ms] [ERROR] Failed to load resource: net::ERR_NETWORK_CHANGED @ http://localhost:3000/en/login?reason=idle&_rsc=vC3-Au21QXuX1vqq:0
[15203823ms] [ERROR] Failed to fetch RSC payload for http://localhost:3000/en/login?reason=idle. Falling back to browser navigation. TypeError: Failed to fetch
    at createFetch (http://localhost:3000/_next/static/chunks/node_modules_next_dist_client_0r5nbpw._.js:8207:21)
    at async fetchServerResponse (http://localhost:3000/_next/static/chunks/node_modules_next_dist_client_0r5nbpw._.js:8051:21)
    at async fetchMissingDynamicData (http://localhost:3000/_next/static/chunks/node_modules_next_dist_client_0r5nbpw._.js:9464:24) @ http://localhost:3000/_next/static/chunks/node_modules_next_dist_1ybzpk2._.js:3318
[15203825ms] [ERROR] Failed to load resource: net::ERR_NETWORK_CHANGED @ http://localhost:3000/en/login?reason=idle&_rsc=vC3-Au21QXuX1vqq:0
[15203825ms] [ERROR] Failed to fetch RSC payload for http://localhost:3000/en/login?reason=idle. Falling back to browser navigation. TypeError: Failed to fetch
    at createFetch (http://localhost:3000/_next/static/chunks/node_modules_next_dist_client_0r5nbpw._.js:8207:21)
    at async fetchServerResponse (http://localhost:3000/_next/static/chunks/node_modules_next_dist_client_0r5nbpw._.js:8051:21)
    at async fetchMissingDynamicData (http://localhost:3000/_next/static/chunks/node_modules_next_dist_client_0r5nbpw._.js:9464:24) @ http://localhost:3000/_next/static/chunks/node_modules_next_dist_1ybzpk2._.js:3318
[15203826ms] [ERROR] Failed to load resource: net::ERR_NETWORK_CHANGED @ http://localhost:3000/en/login?reason=idle&_rsc=vC3-Au21QXuX1vqq:0
[15203827ms] [ERROR] Failed to fetch RSC payload for http://localhost:3000/en/login?reason=idle. Falling back to browser navigation. TypeError: Failed to fetch
    at createFetch (http://localhost:3000/_next/static/chunks/node_modules_next_dist_client_0r5nbpw._.js:8207:21)
    at async fetchServerResponse (http://localhost:3000/_next/static/chunks/node_modules_next_dist_client_0r5nbpw._.js:8051:21)
    at async fetchMissingDynamicData (http://localhost:3000/_next/static/chunks/node_modules_next_dist_client_0r5nbpw._.js:9464:24) @ http://localhost:3000/_next/static/chunks/node_modules_next_dist_1ybzpk2._.js:3318
[15203828ms] [ERROR] Failed to load resource: net::ERR_NETWORK_CHANGED @ http://localhost:3000/en/login?reason=idle&_rsc=vC3-Au21QXuX1vqq:0
[15203828ms] [ERROR] Failed to fetch RSC payload for http://localhost:3000/en/login?reason=idle. Falling back to browser navigation. TypeError: Failed to fetch
    at createFetch (http://localhost:3000/_next/static/chunks/node_modules_next_dist_client_0r5nbpw._.js:8207:21)
    at async fetchServerResponse (http://localhost:3000/_next/static/chunks/node_modules_next_dist_client_0r5nbpw._.js:8051:21)
    at async fetchMissingDynamicData (http://localhost:3000/_next/static/chunks/node_modules_next_dist_client_0r5nbpw._.js:9464:24) @ http://localhost:3000/_next/static/chunks/node_modules_next_dist_1ybzpk2._.js:3318
[15203831ms] [ERROR] Failed to load resource: net::ERR_NETWORK_CHANGED @ http://localhost:3000/en/login?reason=idle&_rsc=vC3-Au21QXuX1vqq:0
[15203831ms] [ERROR] Failed to fetch RSC payload for http://localhost:3000/en/login?reason=idle. Falling back to browser navigation. TypeError: Failed to fetch
    at createFetch (http://localhost:3000/_next/static/chunks/node_modules_next_dist_client_0r5nbpw._.js:8207:21)
    at async fetchServerResponse (http://localhost:3000/_next/static/chunks/node_modules_next_dist_client_0r5nbpw._.js:8051:21)
    at async fetchMissingDynamicData (http://localhost:3000/_next/static/chunks/node_modules_next_dist_client_0r5nbpw._.js:9464:24) @ http://localhost:3000/_next/static/chunks/node_modules_next_dist_1ybzpk2._.js:3318
[15203832ms] [ERROR] Failed to load resource: net::ERR_NETWORK_CHANGED @ http://localhost:3000/en/login?reason=idle&_rsc=vC3-Au21QXuX1vqq:0
[15203832ms] [ERROR] Failed to fetch RSC payload for http://localhost:3000/en/login?reason=idle. Falling back to browser navigation. TypeError: Failed to fetch
    at createFetch (http://localhost:3000/_next/static/chunks/node_modules_next_dist_client_0r5nbpw._.js:8207:21)
    at async fetchServerResponse (http://localhost:3000/_next/static/chunks/node_modules_next_dist_client_0r5nbpw._.js:8051:21)
    at async fetchMissingDynamicData (http://localhost:3000/_next/static/chunks/node_modules_next_dist_client_0r5nbpw._.js:9464:24) @ http://localhost:3000/_next/static/chunks/node_modules_next_dist_1ybzpk2._.js:3318
[15203834ms] [ERROR] Failed to load resource: net::ERR_NETWORK_CHANGED @ http://localhost:3000/en/login?reason=idle&_rsc=vC3-Au21QXuX1vqq:0
[15203834ms] [ERROR] Failed to fetch RSC payload for http://localhost:3000/en/login?reason=idle. Falling back to browser navigation. TypeError: Failed to fetch
    at createFetch (http://localhost:3000/_next/static/chunks/node_modules_next_dist_client_0r5nbpw._.js:8207:21)
    at async fetchServerResponse (http://localhost:3000/_next/static/chunks/node_modules_next_dist_client_0r5nbpw._.js:8051:21)
    at async fetchMissingDynamicData (http://localhost:3000/_next/static/chunks/node_modules_next_dist_client_0r5nbpw._.js:9464:24) @ http://localhost:3000/_next/static/chunks/node_modules_next_dist_1ybzpk2._.js:3318
[15203835ms] [ERROR] Failed to load resource: net::ERR_NETWORK_CHANGED @ http://localhost:3000/en/login?reason=idle&_rsc=vC3-Au21QXuX1vqq:0
[15203835ms] [ERROR] Failed to fetch RSC payload for http://localhost:3000/en/login?reason=idle. Falling back to browser navigation. TypeError: Failed to fetch
    at createFetch (http://localhost:3000/_next/static/chunks/node_modules_next_dist_client_0r5nbpw._.js:8207:21)
    at async fetchServerResponse (http://localhost:3000/_next/static/chunks/node_modules_next_dist_client_0r5nbpw._.js:8051:21)
    at async fetchMissingDynamicData (http://localhost:3000/_next/static/chunks/node_modules_next_dist_client_0r5nbpw._.js:9464:24) @ http://localhost:3000/_next/static/chunks/node_modules_next_dist_1ybzpk2._.js:3318
[15203837ms] [ERROR] Failed to load resource: net::ERR_NETWORK_CHANGED @ http://localhost:3000/en/login?reason=idle&_rsc=vC3-Au21QXuX1vqq:0
[15203837ms] [ERROR] Failed to fetch RSC payload for http://localhost:3000/en/login?reason=idle. Falling back to browser navigation. TypeError: Failed to fetch
    at createFetch (http://localhost:3000/_next/static/chunks/node_modules_next_dist_client_0r5nbpw._.js:8207:21)
    at async fetchServerResponse (http://localhost:3000/_next/static/chunks/node_modules_next_dist_client_0r5nbpw._.js:8051:21)
    at async fetchMissingDynamicData (http://localhost:3000/_next/static/chunks/node_modules_next_dist_client_0r5nbpw._.js:9464:24) @ http://localhost:3000/_next/static/chunks/node_modules_next_dist_1ybzpk2._.js:3318
[15203838ms] [ERROR] Failed to load resource: net::ERR_NETWORK_CHANGED @ http://localhost:3000/en/login?reason=idle&_rsc=vC3-Au21QXuX1vqq:0
[15203838ms] [ERROR] Failed to fetch RSC payload for http://localhost:3000/en/login?reason=idle. Falling back to browser navigation. TypeError: Failed to fetch
    at createFetch (http://localhost:3000/_next/static/chunks/node_modules_next_dist_client_0r5nbpw._.js:8207:21)
    at async fetchServerResponse (http://localhost:3000/_next/static/chunks/node_modules_next_dist_client_0r5nbpw._.js:8051:21)
    at async fetchMissingDynamicData (http://localhost:3000/_next/static/chunks/node_modules_next_dist_client_0r5nbpw._.js:9464:24) @ http://localhost:3000/_next/static/chunks/node_modules_next_dist_1ybzpk2._.js:3318
[15203840ms] [ERROR] Failed to load resource: net::ERR_NETWORK_CHANGED @ http://localhost:3000/en/login?reason=idle&_rsc=vC3-Au21QXuX1vqq:0
[15203840ms] [ERROR] Failed to fetch RSC payload for http://localhost:3000/en/login?reason=idle. Falling back to browser navigation. TypeError: Failed to fetch
    at createFetch (http://localhost:3000/_next/static/chunks/node_modules_next_dist_client_0r5nbpw._.js:8207:21)
    at async fetchServerResponse (http://localhost:3000/_next/static/chunks/node_modules_next_dist_client_0r5nbpw._.js:8051:21)
    at async fetchMissingDynamicData (http://localhost:3000/_next/static/chunks/node_modules_next_dist_client_0r5nbpw._.js:9464:24) @ http://localhost:3000/_next/static/chunks/node_modules_next_dist_1ybzpk2._.js:3318
[15203841ms] [ERROR] Failed to load resource: net::ERR_NETWORK_CHANGED @ http://localhost:3000/en/login?reason=idle&_rsc=vC3-Au21QXuX1vqq:0
[15203841ms] [ERROR] Failed to fetch RSC payload for http://localhost:3000/en/login?reason=idle. Falling back to browser navigation. TypeError: Failed to fetch
    at createFetch (http://localhost:3000/_next/static/chunks/node_modules_next_dist_client_0r5nbpw._.js:8207:21)
    at async fetchServerResponse (http://localhost:3000/_next/static/chunks/node_modules_next_dist_client_0r5nbpw._.js:8051:21)
    at async fetchMissingDynamicData (http://localhost:3000/_next/static/chunks/node_modules_next_dist_client_0r5nbpw._.js:9464:24) @ http://localhost:3000/_next/static/chunks/node_modules_next_dist_1ybzpk2._.js:3318
[15203843ms] [ERROR] Failed to load resource: net::ERR_NETWORK_CHANGED @ http://localhost:3000/en/login?reason=idle&_rsc=vC3-Au21QXuX1vqq:0
[15203843ms] [ERROR] Failed to fetch RSC payload for http://localhost:3000/en/login?reason=idle. Falling back to browser navigation. TypeError: Failed to fetch
    at createFetch (http://localhost:3000/_next/static/chunks/node_modules_next_dist_client_0r5nbpw._.js:8207:21)
    at async fetchServerResponse (http://localhost:3000/_next/static/chunks/node_modules_next_dist_client_0r5nbpw._.js:8051:21)
    at async fetchMissingDynamicData (http://localhost:3000/_next/static/chunks/node_modules_next_dist_client_0r5nbpw._.js:9464:24) @ http://localhost:3000/_next/static/chunks/node_modules_next_dist_1ybzpk2._.js:3318
[15203844ms] [ERROR] Failed to load resource: net::ERR_NETWORK_CHANGED @ http://localhost:3000/en/login?reason=idle&_rsc=vC3-Au21QXuX1vqq:0
[15203844ms] [ERROR] Failed to fetch RSC payload for http://localhost:3000/en/login?reason=idle. Falling back to browser navigation. TypeError: Failed to fetch
    at createFetch (http://localhost:3000/_next/static/chunks/node_modules_next_dist_client_0r5nbpw._.js:8207:21)
    at async fetchServerResponse (http://localhost:3000/_next/static/chunks/node_modules_next_dist_client_0r5nbpw._.js:8051:21)
    at async fetchMissingDynamicData (http://localhost:3000/_next/static/chunks/node_modules_next_dist_client_0r5nbpw._.js:9464:24) @ http://localhost:3000/_next/static/chunks/node_modules_next_dist_1ybzpk2._.js:3318
[15203846ms] [ERROR] Failed to load resource: net::ERR_NETWORK_CHANGED @ http://localhost:3000/en/login?reason=idle&_rsc=vC3-Au21QXuX1vqq:0
[15203846ms] [ERROR] Failed to fetch RSC payload for http://localhost:3000/en/login?reason=idle. Falling back to browser navigation. TypeError: Failed to fetch
    at createFetch (http://localhost:3000/_next/static/chunks/node_modules_next_dist_client_0r5nbpw._.js:8207:21)
    at async fetchServerResponse (http://localhost:3000/_next/static/chunks/node_modules_next_dist_client_0r5nbpw._.js:8051:21)
    at async fetchMissingDynamicData (http://localhost:3000/_next/static/chunks/node_modules_next_dist_client_0r5nbpw._.js:9464:24) @ http://localhost:3000/_next/static/chunks/node_modules_next_dist_1ybzpk2._.js:3318
[15203847ms] [ERROR] Failed to load resource: net::ERR_NETWORK_CHANGED @ http://localhost:3000/en/login?reason=idle&_rsc=vC3-Au21QXuX1vqq:0
[15203847ms] [ERROR] Failed to fetch RSC payload for http://localhost:3000/en/login?reason=idle. Falling back to browser navigation. TypeError: Failed to fetch
    at createFetch (http://localhost:3000/_next/static/chunks/node_modules_next_dist_client_0r5nbpw._.js:8207:21)
    at async fetchServerResponse (http://localhost:3000/_next/static/chunks/node_modules_next_dist_client_0r5nbpw._.js:8051:21)
    at async fetchMissingDynamicData (http://localhost:3000/_next/static/chunks/node_modules_next_dist_client_0r5nbpw._.js:9464:24) @ http://localhost:3000/_next/static/chunks/node_modules_next_dist_1ybzpk2._.js:3318
[15203848ms] [ERROR] Failed to load resource: net::ERR_NETWORK_CHANGED @ http://localhost:3000/en/login?reason=idle&_rsc=vC3-Au21QXuX1vqq:0
[15203848ms] [ERROR] Failed to fetch RSC payload for http://localhost:3000/en/login?reason=idle. Falling back to browser navigation. TypeError: Failed to fetch
    at createFetch (http://localhost:3000/_next/static/chunks/node_modules_next_dist_client_0r5nbpw._.js:8207:21)
    at async fetchServerResponse (http://localhost:3000/_next/static/chunks/node_modules_next_dist_client_0r5nbpw._.js:8051:21)
    at async fetchMissingDynamicData (http://localhost:3000/_next/static/chunks/node_modules_next_dist_client_0r5nbpw._.js:9464:24) @ http://localhost:3000/_next/static/chunks/node_modules_next_dist_1ybzpk2._.js:3318
[15203849ms] [ERROR] Failed to load resource: net::ERR_NETWORK_CHANGED @ http://localhost:3000/en/login?reason=idle&_rsc=vC3-Au21QXuX1vqq:0
[15203849ms] [ERROR] Failed to fetch RSC payload for http://localhost:3000/en/login?reason=idle. Falling back to browser navigation. TypeError: Failed to fetch
    at createFetch (http://localhost:3000/_next/static/chunks/node_modules_next_dist_client_0r5nbpw._.js:8207:21)
    at async fetchServerResponse (http://localhost:3000/_next/static/chunks/node_modules_next_dist_client_0r5nbpw._.js:8051:21)
    at async fetchMissingDynamicData (http://localhost:3000/_next/static/chunks/node_modules_next_dist_client_0r5nbpw._.js:9464:24) @ http://localhost:3000/_next/static/chunks/node_modules_next_dist_1ybzpk2._.js:3318
[15203852ms] [ERROR] Failed to load resource: net::ERR_NETWORK_CHANGED @ http://localhost:3000/en/login?reason=idle&_rsc=vC3-Au21QXuX1vqq:0
[15203852ms] [ERROR] Failed to fetch RSC payload for http://localhost:3000/en/login?reason=idle. Falling back to browser navigation. TypeError: Failed to fetch
    at createFetch (http://localhost:3000/_next/static/chunks/node_modules_next_dist_client_0r5nbpw._.js:8207:21)
    at async fetchServerResponse (http://localhost:3000/_next/static/chunks/node_modules_next_dist_client_0r5nbpw._.js:8051:21)
    at async fetchMissingDynamicData (http://localhost:3000/_next/static/chunks/node_modules_next_dist_client_0r5nbpw._.js:9464:24) @ http://localhost:3000/_next/static/chunks/node_modules_next_dist_1ybzpk2._.js:3318
[15203853ms] [ERROR] Failed to load resource: net::ERR_NETWORK_CHANGED @ http://localhost:3000/en/login?reason=idle&_rsc=vC3-Au21QXuX1vqq:0
[15203853ms] [ERROR] Failed to fetch RSC payload for http://localhost:3000/en/login?reason=idle. Falling back to browser navigation. TypeError: Failed to fetch
    at createFetch (http://localhost:3000/_next/static/chunks/node_modules_next_dist_client_0r5nbpw._.js:8207:21)
    at async fetchServerResponse (http://localhost:3000/_next/static/chunks/node_modules_next_dist_client_0r5nbpw._.js:8051:21)
    at async fetchMissingDynamicData (http://localhost:3000/_next/static/chunks/node_modules_next_dist_client_0r5nbpw._.js:9464:24) @ http://localhost:3000/_next/static/chunks/node_modules_next_dist_1ybzpk2._.js:3318
[15203854ms] [ERROR] Failed to load resource: net::ERR_NETWORK_CHANGED @ http://localhost:3000/en/login?reason=idle&_rsc=vC3-Au21QXuX1vqq:0
[15203854ms] [ERROR] Failed to fetch RSC payload for http://localhost:3000/en/login?reason=idle. Falling back to browser navigation. TypeError: Failed to fetch
    at createFetch (http://localhost:3000/_next/static/chunks/node_modules_next_dist_client_0r5nbpw._.js:8207:21)
    at async fetchServerResponse (http://localhost:3000/_next/static/chunks/node_modules_next_dist_client_0r5nbpw._.js:8051:21)
    at async fetchMissingDynamicData (http://localhost:3000/_next/static/chunks/node_modules_next_dist_client_0r5nbpw._.js:9464:24) @ http://localhost:3000/_next/static/chunks/node_modules_next_dist_1ybzpk2._.js:3318
[15203857ms] [ERROR] Failed to load resource: net::ERR_NETWORK_CHANGED @ http://localhost:3000/en/login?reason=idle&_rsc=vC3-Au21QXuX1vqq:0
[15203857ms] [ERROR] Failed to fetch RSC payload for http://localhost:3000/en/login?reason=idle. Falling back to browser navigation. TypeError: Failed to fetch
    at createFetch (http://localhost:3000/_next/static/chunks/node_modules_next_dist_client_0r5nbpw._.js:8207:21)
    at async fetchServerResponse (http://localhost:3000/_next/static/chunks/node_modules_next_dist_client_0r5nbpw._.js:8051:21)
    at async fetchMissingDynamicData (http://localhost:3000/_next/static/chunks/node_modules_next_dist_client_0r5nbpw._.js:9464:24) @ http://localhost:3000/_next/static/chunks/node_modules_next_dist_1ybzpk2._.js:3318
[15203859ms] [ERROR] Failed to load resource: net::ERR_NETWORK_CHANGED @ http://localhost:3000/en/login?reason=idle&_rsc=vC3-Au21QXuX1vqq:0
[15203860ms] [ERROR] Failed to fetch RSC payload for http://localhost:3000/en/login?reason=idle. Falling back to browser navigation. TypeError: Failed to fetch
    at createFetch (http://localhost:3000/_next/static/chunks/node_modules_next_dist_client_0r5nbpw._.js:8207:21)
    at async fetchServerResponse (http://localhost:3000/_next/static/chunks/node_modules_next_dist_client_0r5nbpw._.js:8051:21)
    at async fetchMissingDynamicData (http://localhost:3000/_next/static/chunks/node_modules_next_dist_client_0r5nbpw._.js:9464:24) @ http://localhost:3000/_next/static/chunks/node_modules_next_dist_1ybzpk2._.js:3318
[15203861ms] [ERROR] Failed to load resource: net::ERR_NETWORK_CHANGED @ http://localhost:3000/en/login?reason=idle&_rsc=vC3-Au21QXuX1vqq:0
[15203861ms] [ERROR] Failed to fetch RSC payload for http://localhost:3000/en/login?reason=idle. Falling back to browser navigation. TypeError: Failed to fetch
    at createFetch (http://localhost:3000/_next/static/chunks/node_modules_next_dist_client_0r5nbpw._.js:8207:21)
    at async fetchServerResponse (http://localhost:3000/_next/static/chunks/node_modules_next_dist_client_0r5nbpw._.js:8051:21)
    at async fetchMissingDynamicData (http://localhost:3000/_next/static/chunks/node_modules_next_dist_client_0r5nbpw._.js:9464:24) @ http://localhost:3000/_next/static/chunks/node_modules_next_dist_1ybzpk2._.js:3318
[15203862ms] [ERROR] Failed to load resource: net::ERR_NETWORK_CHANGED @ http://localhost:3000/en/login?reason=idle&_rsc=vC3-Au21QXuX1vqq:0
[15203862ms] [ERROR] Failed to fetch RSC payload for http://localhost:3000/en/login?reason=idle. Falling back to browser navigation. TypeError: Failed to fetch
    at createFetch (http://localhost:3000/_next/static/chunks/node_modules_next_dist_client_0r5nbpw._.js:8207:21)
    at async fetchServerResponse (http://localhost:3000/_next/static/chunks/node_modules_next_dist_client_0r5nbpw._.js:8051:21)
    at async fetchMissingDynamicData (http://localhost:3000/_next/static/chunks/node_modules_next_dist_client_0r5nbpw._.js:9464:24) @ http://localhost:3000/_next/static/chunks/node_modules_next_dist_1ybzpk2._.js:3318
[15203863ms] [ERROR] Failed to load resource: net::ERR_NETWORK_CHANGED @ http://localhost:3000/en/login?reason=idle&_rsc=vC3-Au21QXuX1vqq:0
[15203864ms] [ERROR] Failed to fetch RSC payload for http://localhost:3000/en/login?reason=idle. Falling back to browser navigation. TypeError: Failed to fetch
    at createFetch (http://localhost:3000/_next/static/chunks/node_modules_next_dist_client_0r5nbpw._.js:8207:21)
    at async fetchServerResponse (http://localhost:3000/_next/static/chunks/node_modules_next_dist_client_0r5nbpw._.js:8051:21)
    at async fetchMissingDynamicData (http://localhost:3000/_next/static/chunks/node_modules_next_dist_client_0r5nbpw._.js:9464:24) @ http://localhost:3000/_next/static/chunks/node_modules_next_dist_1ybzpk2._.js:3318
[15203866ms] [ERROR] Failed to load resource: net::ERR_NETWORK_CHANGED @ http://localhost:3000/en/login?reason=idle&_rsc=vC3-Au21QXuX1vqq:0
[15203867ms] [ERROR] Failed to fetch RSC payload for http://localhost:3000/en/login?reason=idle. Falling back to browser navigation. TypeError: Failed to fetch
    at createFetch (http://localhost:3000/_next/static/chunks/node_modules_next_dist_client_0r5nbpw._.js:8207:21)
    at async fetchServerResponse (http://localhost:3000/_next/static/chunks/node_modules_next_dist_client_0r5nbpw._.js:8051:21)
    at async fetchMissingDynamicData (http://localhost:3000/_next/static/chunks/node_modules_next_dist_client_0r5nbpw._.js:9464:24) @ http://localhost:3000/_next/static/chunks/node_modules_next_dist_1ybzpk2._.js:3318
[15203869ms] [ERROR] Failed to load resource: net::ERR_NETWORK_CHANGED @ http://localhost:3000/en/login?reason=idle&_rsc=vC3-Au21QXuX1vqq:0
[15203869ms] [ERROR] Failed to fetch RSC payload for http://localhost:3000/en/login?reason=idle. Falling back to browser navigation. TypeError: Failed to fetch
    at createFetch (http://localhost:3000/_next/static/chunks/node_modules_next_dist_client_0r5nbpw._.js:8207:21)
    at async fetchServerResponse (http://localhost:3000/_next/static/chunks/node_modules_next_dist_client_0r5nbpw._.js:8051:21)
    at async fetchMissingDynamicData (http://localhost:3000/_next/static/chunks/node_modules_next_dist_client_0r5nbpw._.js:9464:24) @ http://localhost:3000/_next/static/chunks/node_modules_next_dist_1ybzpk2._.js:3318
[15203871ms] [ERROR] Failed to load resource: net::ERR_NETWORK_CHANGED @ http://localhost:3000/en/login?reason=idle&_rsc=vC3-Au21QXuX1vqq:0
[15203871ms] [ERROR] Failed to fetch RSC payload for http://localhost:3000/en/login?reason=idle. Falling back to browser navigation. TypeError: Failed to fetch
    at createFetch (http://localhost:3000/_next/static/chunks/node_modules_next_dist_client_0r5nbpw._.js:8207:21)
    at async fetchServerResponse (http://localhost:3000/_next/static/chunks/node_modules_next_dist_client_0r5nbpw._.js:8051:21)
    at async fetchMissingDynamicData (http://localhost:3000/_next/static/chunks/node_modules_next_dist_client_0r5nbpw._.js:9464:24) @ http://localhost:3000/_next/static/chunks/node_modules_next_dist_1ybzpk2._.js:3318
[15203872ms] [ERROR] Failed to load resource: net::ERR_NETWORK_CHANGED @ http://localhost:3000/en/login?reason=idle&_rsc=vC3-Au21QXuX1vqq:0
[15203873ms] [ERROR] Failed to fetch RSC payload for http://localhost:3000/en/login?reason=idle. Falling back to browser navigation. TypeError: Failed to fetch
    at createFetch (http://localhost:3000/_next/static/chunks/node_modules_next_dist_client_0r5nbpw._.js:8207:21)
    at async fetchServerResponse (http://localhost:3000/_next/static/chunks/node_modules_next_dist_client_0r5nbpw._.js:8051:21)
    at async fetchMissingDynamicData (http://localhost:3000/_next/static/chunks/node_modules_next_dist_client_0r5nbpw._.js:9464:24) @ http://localhost:3000/_next/static/chunks/node_modules_next_dist_1ybzpk2._.js:3318
[15203874ms] [ERROR] Failed to load resource: net::ERR_NETWORK_CHANGED @ http://localhost:3000/en/login?reason=idle&_rsc=vC3-Au21QXuX1vqq:0
[15203875ms] [ERROR] Failed to fetch RSC payload for http://localhost:3000/en/login?reason=idle. Falling back to browser navigation. TypeError: Failed to fetch
    at createFetch (http://localhost:3000/_next/static/chunks/node_modules_next_dist_client_0r5nbpw._.js:8207:21)
    at async fetchServerResponse (http://localhost:3000/_next/static/chunks/node_modules_next_dist_client_0r5nbpw._.js:8051:21)
    at async fetchMissingDynamicData (http://localhost:3000/_next/static/chunks/node_modules_next_dist_client_0r5nbpw._.js:9464:24) @ http://localhost:3000/_next/static/chunks/node_modules_next_dist_1ybzpk2._.js:3318
[15203877ms] [ERROR] Failed to load resource: net::ERR_NETWORK_CHANGED @ http://localhost:3000/en/login?reason=idle&_rsc=vC3-Au21QXuX1vqq:0
[15203877ms] [ERROR] Failed to fetch RSC payload for http://localhost:3000/en/login?reason=idle. Falling back to browser navigation. TypeError: Failed to fetch
    at createFetch (http://localhost:3000/_next/static/chunks/node_modules_next_dist_client_0r5nbpw._.js:8207:21)
    at async fetchServerResponse (http://localhost:3000/_next/static/chunks/node_modules_next_dist_client_0r5nbpw._.js:8051:21)
    at async fetchMissingDynamicData (http://localhost:3000/_next/static/chunks/node_modules_next_dist_client_0r5nbpw._.js:9464:24) @ http://localhost:3000/_next/static/chunks/node_modules_next_dist_1ybzpk2._.js:3318
[15203878ms] [ERROR] Failed to load resource: net::ERR_NETWORK_CHANGED @ http://localhost:3000/en/login?reason=idle&_rsc=vC3-Au21QXuX1vqq:0
[15203878ms] [ERROR] Failed to fetch RSC payload for http://localhost:3000/en/login?reason=idle. Falling back to browser navigation. TypeError: Failed to fetch
    at createFetch (http://localhost:3000/_next/static/chunks/node_modules_next_dist_client_0r5nbpw._.js:8207:21)
    at async fetchServerResponse (http://localhost:3000/_next/static/chunks/node_modules_next_dist_client_0r5nbpw._.js:8051:21)
    at async fetchMissingDynamicData (http://localhost:3000/_next/static/chunks/node_modules_next_dist_client_0r5nbpw._.js:9464:24) @ http://localhost:3000/_next/static/chunks/node_modules_next_dist_1ybzpk2._.js:3318
[15203879ms] [ERROR] Failed to load resource: net::ERR_NETWORK_CHANGED @ http://localhost:3000/en/login?reason=idle&_rsc=vC3-Au21QXuX1vqq:0
[15203880ms] [ERROR] Failed to fetch RSC payload for http://localhost:3000/en/login?reason=idle. Falling back to browser navigation. TypeError: Failed to fetch
    at createFetch (http://localhost:3000/_next/static/chunks/node_modules_next_dist_client_0r5nbpw._.js:8207:21)
    at async fetchServerResponse (http://localhost:3000/_next/static/chunks/node_modules_next_dist_client_0r5nbpw._.js:8051:21)
    at async fetchMissingDynamicData (http://localhost:3000/_next/static/chunks/node_modules_next_dist_client_0r5nbpw._.js:9464:24) @ http://localhost:3000/_next/static/chunks/node_modules_next_dist_1ybzpk2._.js:3318
[15203880ms] [ERROR] Failed to load resource: net::ERR_NETWORK_CHANGED @ http://localhost:3000/en/login?reason=idle&_rsc=vC3-Au21QXuX1vqq:0
[15203881ms] [ERROR] Failed to fetch RSC payload for http://localhost:3000/en/login?reason=idle. Falling back to browser navigation. TypeError: Failed to fetch
    at createFetch (http://localhost:3000/_next/static/chunks/node_modules_next_dist_client_0r5nbpw._.js:8207:21)
    at async fetchServerResponse (http://localhost:3000/_next/static/chunks/node_modules_next_dist_client_0r5nbpw._.js:8051:21)
    at async fetchMissingDynamicData (http://localhost:3000/_next/static/chunks/node_modules_next_dist_client_0r5nbpw._.js:9464:24) @ http://localhost:3000/_next/static/chunks/node_modules_next_dist_1ybzpk2._.js:3318
[15203882ms] [ERROR] Failed to load resource: net::ERR_NETWORK_CHANGED @ http://localhost:3000/en/login?reason=idle&_rsc=vC3-Au21QXuX1vqq:0
[15203882ms] [ERROR] Failed to fetch RSC payload for http://localhost:3000/en/login?reason=idle. Falling back to browser navigation. TypeError: Failed to fetch
    at createFetch (http://localhost:3000/_next/static/chunks/node_modules_next_dist_client_0r5nbpw._.js:8207:21)
    at async fetchServerResponse (http://localhost:3000/_next/static/chunks/node_modules_next_dist_client_0r5nbpw._.js:8051:21)
    at async fetchMissingDynamicData (http://localhost:3000/_next/static/chunks/node_modules_next_dist_client_0r5nbpw._.js:9464:24) @ http://localhost:3000/_next/static/chunks/node_modules_next_dist_1ybzpk2._.js:3318
[15203883ms] [ERROR] Failed to load resource: net::ERR_NETWORK_CHANGED @ http://localhost:3000/en/login?reason=idle&_rsc=vC3-Au21QXuX1vqq:0
[15203883ms] [ERROR] Failed to fetch RSC payload for http://localhost:3000/en/login?reason=idle. Falling back to browser navigation. TypeError: Failed to fetch
    at createFetch (http://localhost:3000/_next/static/chunks/node_modules_next_dist_client_0r5nbpw._.js:8207:21)
    at async fetchServerResponse (http://localhost:3000/_next/static/chunks/node_modules_next_dist_client_0r5nbpw._.js:8051:21)
    at async fetchMissingDynamicData (http://localhost:3000/_next/static/chunks/node_modules_next_dist_client_0r5nbpw._.js:9464:24) @ http://localhost:3000/_next/static/chunks/node_modules_next_dist_1ybzpk2._.js:3318
[15203885ms] [ERROR] Failed to load resource: net::ERR_NETWORK_CHANGED @ http://localhost:3000/en/login?reason=idle&_rsc=vC3-Au21QXuX1vqq:0
[15203885ms] [ERROR] Failed to fetch RSC payload for http://localhost:3000/en/login?reason=idle. Falling back to browser navigation. TypeError: Failed to fetch
    at createFetch (http://localhost:3000/_next/static/chunks/node_modules_next_dist_client_0r5nbpw._.js:8207:21)
    at async fetchServerResponse (http://localhost:3000/_next/static/chunks/node_modules_next_dist_client_0r5nbpw._.js:8051:21)
    at async fetchMissingDynamicData (http://localhost:3000/_next/static/chunks/node_modules_next_dist_client_0r5nbpw._.js:9464:24) @ http://localhost:3000/_next/static/chunks/node_modules_next_dist_1ybzpk2._.js:3318
[15203888ms] [ERROR] Failed to load resource: net::ERR_NETWORK_CHANGED @ http://localhost:3000/en/login?reason=idle&_rsc=vC3-Au21QXuX1vqq:0
[15203889ms] [ERROR] Failed to fetch RSC payload for http://localhost:3000/en/login?reason=idle. Falling back to browser navigation. TypeError: Failed to fetch
    at createFetch (http://localhost:3000/_next/static/chunks/node_modules_next_dist_client_0r5nbpw._.js:8207:21)
    at async fetchServerResponse (http://localhost:3000/_next/static/chunks/node_modules_next_dist_client_0r5nbpw._.js:8051:21)
    at async fetchMissingDynamicData (http://localhost:3000/_next/static/chunks/node_modules_next_dist_client_0r5nbpw._.js:9464:24) @ http://localhost:3000/_next/static/chunks/node_modules_next_dist_1ybzpk2._.js:3318
[15203892ms] [ERROR] Failed to load resource: net::ERR_NETWORK_CHANGED @ http://localhost:3000/en/login?reason=idle&_rsc=vC3-Au21QXuX1vqq:0
[15203892ms] [ERROR] Failed to fetch RSC payload for http://localhost:3000/en/login?reason=idle. Falling back to browser navigation. TypeError: Failed to fetch
    at createFetch (http://localhost:3000/_next/static/chunks/node_modules_next_dist_client_0r5nbpw._.js:8207:21)
    at async fetchServerResponse (http://localhost:3000/_next/static/chunks/node_modules_next_dist_client_0r5nbpw._.js:8051:21)
    at async fetchMissingDynamicData (http://localhost:3000/_next/static/chunks/node_modules_next_dist_client_0r5nbpw._.js:9464:24) @ http://localhost:3000/_next/static/chunks/node_modules_next_dist_1ybzpk2._.js:3318
[15203894ms] [ERROR] Failed to load resource: net::ERR_NETWORK_CHANGED @ http://localhost:3000/en/login?reason=idle&_rsc=vC3-Au21QXuX1vqq:0
[15203894ms] [ERROR] Failed to fetch RSC payload for http://localhost:3000/en/login?reason=idle. Falling back to browser navigation. TypeError: Failed to fetch
    at createFetch (http://localhost:3000/_next/static/chunks/node_modules_next_dist_client_0r5nbpw._.js:8207:21)
    at async fetchServerResponse (http://localhost:3000/_next/static/chunks/node_modules_next_dist_client_0r5nbpw._.js:8051:21)
    at async fetchMissingDynamicData (http://localhost:3000/_next/static/chunks/node_modules_next_dist_client_0r5nbpw._.js:9464:24) @ http://localhost:3000/_next/static/chunks/node_modules_next_dist_1ybzpk2._.js:3318
[15203895ms] [ERROR] Failed to load resource: net::ERR_NETWORK_CHANGED @ http://localhost:3000/en/login?reason=idle&_rsc=vC3-Au21QXuX1vqq:0
[15203895ms] [ERROR] Failed to fetch RSC payload for http://localhost:3000/en/login?reason=idle. Falling back to browser navigation. TypeError: Failed to fetch
    at createFetch (http://localhost:3000/_next/static/chunks/node_modules_next_dist_client_0r5nbpw._.js:8207:21)
    at async fetchServerResponse (http://localhost:3000/_next/static/chunks/node_modules_next_dist_client_0r5nbpw._.js:8051:21)
    at async fetchMissingDynamicData (http://localhost:3000/_next/static/chunks/node_modules_next_dist_client_0r5nbpw._.js:9464:24) @ http://localhost:3000/_next/static/chunks/node_modules_next_dist_1ybzpk2._.js:3318
[15203897ms] [ERROR] Failed to load resource: net::ERR_NETWORK_CHANGED @ http://localhost:3000/en/login?reason=idle&_rsc=vC3-Au21QXuX1vqq:0
[15203897ms] [ERROR] Failed to fetch RSC payload for http://localhost:3000/en/login?reason=idle. Falling back to browser navigation. TypeError: Failed to fetch
    at createFetch (http://localhost:3000/_next/static/chunks/node_modules_next_dist_client_0r5nbpw._.js:8207:21)
    at async fetchServerResponse (http://localhost:3000/_next/static/chunks/node_modules_next_dist_client_0r5nbpw._.js:8051:21)
    at async fetchMissingDynamicData (http://localhost:3000/_next/static/chunks/node_modules_next_dist_client_0r5nbpw._.js:9464:24) @ http://localhost:3000/_next/static/chunks/node_modules_next_dist_1ybzpk2._.js:3318
[15203898ms] [ERROR] Failed to load resource: net::ERR_NETWORK_CHANGED @ http://localhost:3000/en/login?reason=idle&_rsc=vC3-Au21QXuX1vqq:0
[15203899ms] [ERROR] Failed to fetch RSC payload for http://localhost:3000/en/login?reason=idle. Falling back to browser navigation. TypeError: Failed to fetch
    at createFetch (http://localhost:3000/_next/static/chunks/node_modules_next_dist_client_0r5nbpw._.js:8207:21)
    at async fetchServerResponse (http://localhost:3000/_next/static/chunks/node_modules_next_dist_client_0r5nbpw._.js:8051:21)
    at async fetchMissingDynamicData (http://localhost:3000/_next/static/chunks/node_modules_next_dist_client_0r5nbpw._.js:9464:24) @ http://localhost:3000/_next/static/chunks/node_modules_next_dist_1ybzpk2._.js:3318
[15203900ms] [ERROR] Failed to load resource: net::ERR_NETWORK_CHANGED @ http://localhost:3000/en/login?reason=idle&_rsc=vC3-Au21QXuX1vqq:0
[15203900ms] [ERROR] Failed to fetch RSC payload for http://localhost:3000/en/login?reason=idle. Falling back to browser navigation. TypeError: Failed to fetch
    at createFetch (http://localhost:3000/_next/static/chunks/node_modules_next_dist_client_0r5nbpw._.js:8207:21)
    at async fetchServerResponse (http://localhost:3000/_next/static/chunks/node_modules_next_dist_client_0r5nbpw._.js:8051:21)
    at async fetchMissingDynamicData (http://localhost:3000/_next/static/chunks/node_modules_next_dist_client_0r5nbpw._.js:9464:24) @ http://localhost:3000/_next/static/chunks/node_modules_next_dist_1ybzpk2._.js:3318
[15203901ms] [ERROR] Failed to load resource: net::ERR_NETWORK_CHANGED @ http://localhost:3000/en/login?reason=idle&_rsc=vC3-Au21QXuX1vqq:0
[15203901ms] [ERROR] Failed to fetch RSC payload for http://localhost:3000/en/login?reason=idle. Falling back to browser navigation. TypeError: Failed to fetch
    at createFetch (http://localhost:3000/_next/static/chunks/node_modules_next_dist_client_0r5nbpw._.js:8207:21)
    at async fetchServerResponse (http://localhost:3000/_next/static/chunks/node_modules_next_dist_client_0r5nbpw._.js:8051:21)
    at async fetchMissingDynamicData (http://localhost:3000/_next/static/chunks/node_modules_next_dist_client_0r5nbpw._.js:9464:24) @ http://localhost:3000/_next/static/chunks/node_modules_next_dist_1ybzpk2._.js:3318
[15203902ms] [ERROR] Failed to load resource: net::ERR_NETWORK_CHANGED @ http://localhost:3000/en/login?reason=idle&_rsc=vC3-Au21QXuX1vqq:0
[15203902ms] [ERROR] Failed to fetch RSC payload for http://localhost:3000/en/login?reason=idle. Falling back to browser navigation. TypeError: Failed to fetch
    at createFetch (http://localhost:3000/_next/static/chunks/node_modules_next_dist_client_0r5nbpw._.js:8207:21)
    at async fetchServerResponse (http://localhost:3000/_next/static/chunks/node_modules_next_dist_client_0r5nbpw._.js:8051:21)
    at async fetchMissingDynamicData (http://localhost:3000/_next/static/chunks/node_modules_next_dist_client_0r5nbpw._.js:9464:24) @ http://localhost:3000/_next/static/chunks/node_modules_next_dist_1ybzpk2._.js:3318
[15203903ms] [ERROR] Failed to load resource: net::ERR_NETWORK_CHANGED @ http://localhost:3000/en/login?reason=idle&_rsc=vC3-Au21QXuX1vqq:0
[15203904ms] [ERROR] Failed to fetch RSC payload for http://localhost:3000/en/login?reason=idle. Falling back to browser navigation. TypeError: Failed to fetch
    at createFetch (http://localhost:3000/_next/static/chunks/node_modules_next_dist_client_0r5nbpw._.js:8207:21)
    at async fetchServerResponse (http://localhost:3000/_next/static/chunks/node_modules_next_dist_client_0r5nbpw._.js:8051:21)
    at async fetchMissingDynamicData (http://localhost:3000/_next/static/chunks/node_modules_next_dist_client_0r5nbpw._.js:9464:24) @ http://localhost:3000/_next/static/chunks/node_modules_next_dist_1ybzpk2._.js:3318
[15203906ms] [ERROR] Failed to load resource: net::ERR_NETWORK_CHANGED @ http://localhost:3000/en/login?reason=idle&_rsc=vC3-Au21QXuX1vqq:0
[15203906ms] [ERROR] Failed to fetch RSC payload for http://localhost:3000/en/login?reason=idle. Falling back to browser navigation. TypeError: Failed to fetch
    at createFetch (http://localhost:3000/_next/static/chunks/node_modules_next_dist_client_0r5nbpw._.js:8207:21)
    at async fetchServerResponse (http://localhost:3000/_next/static/chunks/node_modules_next_dist_client_0r5nbpw._.js:8051:21)
    at async fetchMissingDynamicData (http://localhost:3000/_next/static/chunks/node_modules_next_dist_client_0r5nbpw._.js:9464:24) @ http://localhost:3000/_next/static/chunks/node_modules_next_dist_1ybzpk2._.js:3318
[15203908ms] [ERROR] Failed to load resource: net::ERR_NETWORK_CHANGED @ http://localhost:3000/en/login?reason=idle&_rsc=vC3-Au21QXuX1vqq:0
[15203908ms] [ERROR] Failed to fetch RSC payload for http://localhost:3000/en/login?reason=idle. Falling back to browser navigation. TypeError: Failed to fetch
    at createFetch (http://localhost:3000/_next/static/chunks/node_modules_next_dist_client_0r5nbpw._.js:8207:21)
    at async fetchServerResponse (http://localhost:3000/_next/static/chunks/node_modules_next_dist_client_0r5nbpw._.js:8051:21)
    at async fetchMissingDynamicData (http://localhost:3000/_next/static/chunks/node_modules_next_dist_client_0r5nbpw._.js:9464:24) @ http://localhost:3000/_next/static/chunks/node_modules_next_dist_1ybzpk2._.js:3318
[15203910ms] [ERROR] Failed to load resource: net::ERR_NETWORK_CHANGED @ http://localhost:3000/en/login?reason=idle&_rsc=vC3-Au21QXuX1vqq:0
[15203911ms] [ERROR] Failed to fetch RSC payload for http://localhost:3000/en/login?reason=idle. Falling back to browser navigation. TypeError: Failed to fetch
    at createFetch (http://localhost:3000/_next/static/chunks/node_modules_next_dist_client_0r5nbpw._.js:8207:21)
    at async fetchServerResponse (http://localhost:3000/_next/static/chunks/node_modules_next_dist_client_0r5nbpw._.js:8051:21)
    at async fetchMissingDynamicData (http://localhost:3000/_next/static/chunks/node_modules_next_dist_client_0r5nbpw._.js:9464:24) @ http://localhost:3000/_next/static/chunks/node_modules_next_dist_1ybzpk2._.js:3318
[15203913ms] [ERROR] Failed to load resource: net::ERR_NETWORK_CHANGED @ http://localhost:3000/en/login?reason=idle&_rsc=vC3-Au21QXuX1vqq:0
[15203913ms] [ERROR] Failed to fetch RSC payload for http://localhost:3000/en/login?reason=idle. Falling back to browser navigation. TypeError: Failed to fetch
    at createFetch (http://localhost:3000/_next/static/chunks/node_modules_next_dist_client_0r5nbpw._.js:8207:21)
    at async fetchServerResponse (http://localhost:3000/_next/static/chunks/node_modules_next_dist_client_0r5nbpw._.js:8051:21)
    at async fetchMissingDynamicData (http://localhost:3000/_next/static/chunks/node_modules_next_dist_client_0r5nbpw._.js:9464:24) @ http://localhost:3000/_next/static/chunks/node_modules_next_dist_1ybzpk2._.js:3318
[15203915ms] [ERROR] Failed to load resource: net::ERR_NETWORK_CHANGED @ http://localhost:3000/en/login?reason=idle&_rsc=vC3-Au21QXuX1vqq:0
[15203915ms] [ERROR] Failed to fetch RSC payload for http://localhost:3000/en/login?reason=idle. Falling back to browser navigation. TypeError: Failed to fetch
    at createFetch (http://localhost:3000/_next/static/chunks/node_modules_next_dist_client_0r5nbpw._.js:8207:21)
    at async fetchServerResponse (http://localhost:3000/_next/static/chunks/node_modules_next_dist_client_0r5nbpw._.js:8051:21)
    at async fetchMissingDynamicData (http://localhost:3000/_next/static/chunks/node_modules_next_dist_client_0r5nbpw._.js:9464:24) @ http://localhost:3000/_next/static/chunks/node_modules_next_dist_1ybzpk2._.js:3318
[15203917ms] [ERROR] Failed to load resource: net::ERR_NETWORK_CHANGED @ http://localhost:3000/en/login?reason=idle&_rsc=vC3-Au21QXuX1vqq:0
[15203918ms] [ERROR] Failed to fetch RSC payload for http://localhost:3000/en/login?reason=idle. Falling back to browser navigation. TypeError: Failed to fetch
    at createFetch (http://localhost:3000/_next/static/chunks/node_modules_next_dist_client_0r5nbpw._.js:8207:21)
    at async fetchServerResponse (http://localhost:3000/_next/static/chunks/node_modules_next_dist_client_0r5nbpw._.js:8051:21)
    at async fetchMissingDynamicData (http://localhost:3000/_next/static/chunks/node_modules_next_dist_client_0r5nbpw._.js:9464:24) @ http://localhost:3000/_next/static/chunks/node_modules_next_dist_1ybzpk2._.js:3318
[15203919ms] [ERROR] Failed to load resource: net::ERR_NETWORK_CHANGED @ http://localhost:3000/en/login?reason=idle&_rsc=vC3-Au21QXuX1vqq:0
[15203919ms] [ERROR] Failed to fetch RSC payload for http://localhost:3000/en/login?reason=idle. Falling back to browser navigation. TypeError: Failed to fetch
    at createFetch (http://localhost:3000/_next/static/chunks/node_modules_next_dist_client_0r5nbpw._.js:8207:21)
    at async fetchServerResponse (http://localhost:3000/_next/static/chunks/node_modules_next_dist_client_0r5nbpw._.js:8051:21)
    at async fetchMissingDynamicData (http://localhost:3000/_next/static/chunks/node_modules_next_dist_client_0r5nbpw._.js:9464:24) @ http://localhost:3000/_next/static/chunks/node_modules_next_dist_1ybzpk2._.js:3318
[15203921ms] [ERROR] Failed to load resource: net::ERR_NETWORK_CHANGED @ http://localhost:3000/en/login?reason=idle&_rsc=vC3-Au21QXuX1vqq:0
[15203922ms] [ERROR] Failed to fetch RSC payload for http://localhost:3000/en/login?reason=idle. Falling back to browser navigation. TypeError: Failed to fetch
    at createFetch (http://localhost:3000/_next/static/chunks/node_modules_next_dist_client_0r5nbpw._.js:8207:21)
    at async fetchServerResponse (http://localhost:3000/_next/static/chunks/node_modules_next_dist_client_0r5nbpw._.js:8051:21)
    at async fetchMissingDynamicData (http://localhost:3000/_next/static/chunks/node_modules_next_dist_client_0r5nbpw._.js:9464:24) @ http://localhost:3000/_next/static/chunks/node_modules_next_dist_1ybzpk2._.js:3318
[15203922ms] [ERROR] Failed to load resource: net::ERR_NETWORK_CHANGED @ http://localhost:3000/en/login?reason=idle&_rsc=vC3-Au21QXuX1vqq:0
[15203923ms] [ERROR] Failed to fetch RSC payload for http://localhost:3000/en/login?reason=idle. Falling back to browser navigation. TypeError: Failed to fetch
    at createFetch (http://localhost:3000/_next/static/chunks/node_modules_next_dist_client_0r5nbpw._.js:8207:21)
    at async fetchServerResponse (http://localhost:3000/_next/static/chunks/node_modules_next_dist_client_0r5nbpw._.js:8051:21)
    at async fetchMissingDynamicData (http://localhost:3000/_next/static/chunks/node_modules_next_dist_client_0r5nbpw._.js:9464:24) @ http://localhost:3000/_next/static/chunks/node_modules_next_dist_1ybzpk2._.js:3318
[15203923ms] [ERROR] Failed to load resource: net::ERR_NETWORK_CHANGED @ http://localhost:3000/en/login?reason=idle&_rsc=vC3-Au21QXuX1vqq:0
[15203923ms] [ERROR] Failed to fetch RSC payload for http://localhost:3000/en/login?reason=idle. Falling back to browser navigation. TypeError: Failed to fetch
    at createFetch (http://localhost:3000/_next/static/chunks/node_modules_next_dist_client_0r5nbpw._.js:8207:21)
    at async fetchServerResponse (http://localhost:3000/_next/static/chunks/node_modules_next_dist_client_0r5nbpw._.js:8051:21)
    at async fetchMissingDynamicData (http://localhost:3000/_next/static/chunks/node_modules_next_dist_client_0r5nbpw._.js:9464:24) @ http://localhost:3000/_next/static/chunks/node_modules_next_dist_1ybzpk2._.js:3318
[15203924ms] [ERROR] Failed to load resource: net::ERR_NETWORK_CHANGED @ http://localhost:3000/en/login?reason=idle&_rsc=vC3-Au21QXuX1vqq:0
[15203924ms] [ERROR] Failed to fetch RSC payload for http://localhost:3000/en/login?reason=idle. Falling back to browser navigation. TypeError: Failed to fetch
    at createFetch (http://localhost:3000/_next/static/chunks/node_modules_next_dist_client_0r5nbpw._.js:8207:21)
    at async fetchServerResponse (http://localhost:3000/_next/static/chunks/node_modules_next_dist_client_0r5nbpw._.js:8051:21)
    at async fetchMissingDynamicData (http://localhost:3000/_next/static/chunks/node_modules_next_dist_client_0r5nbpw._.js:9464:24) @ http://localhost:3000/_next/static/chunks/node_modules_next_dist_1ybzpk2._.js:3318
[15203925ms] [ERROR] Failed to load resource: net::ERR_NETWORK_CHANGED @ http://localhost:3000/en/login?reason=idle&_rsc=vC3-Au21QXuX1vqq:0
[15203925ms] [ERROR] Failed to fetch RSC payload for http://localhost:3000/en/login?reason=idle. Falling back to browser navigation. TypeError: Failed to fetch
    at createFetch (http://localhost:3000/_next/static/chunks/node_modules_next_dist_client_0r5nbpw._.js:8207:21)
    at async fetchServerResponse (http://localhost:3000/_next/static/chunks/node_modules_next_dist_client_0r5nbpw._.js:8051:21)
    at async fetchMissingDynamicData (http://localhost:3000/_next/static/chunks/node_modules_next_dist_client_0r5nbpw._.js:9464:24) @ http://localhost:3000/_next/static/chunks/node_modules_next_dist_1ybzpk2._.js:3318
[15203926ms] [ERROR] Failed to load resource: net::ERR_NETWORK_CHANGED @ http://localhost:3000/en/login?reason=idle&_rsc=vC3-Au21QXuX1vqq:0
[15203926ms] [ERROR] Failed to fetch RSC payload for http://localhost:3000/en/login?reason=idle. Falling back to browser navigation. TypeError: Failed to fetch
    at createFetch (http://localhost:3000/_next/static/chunks/node_modules_next_dist_client_0r5nbpw._.js:8207:21)
    at async fetchServerResponse (http://localhost:3000/_next/static/chunks/node_modules_next_dist_client_0r5nbpw._.js:8051:21)
    at async fetchMissingDynamicData (http://localhost:3000/_next/static/chunks/node_modules_next_dist_client_0r5nbpw._.js:9464:24) @ http://localhost:3000/_next/static/chunks/node_modules_next_dist_1ybzpk2._.js:3318
[15203927ms] [ERROR] Failed to load resource: net::ERR_NETWORK_CHANGED @ http://localhost:3000/en/login?reason=idle&_rsc=vC3-Au21QXuX1vqq:0
[15203927ms] [ERROR] Failed to fetch RSC payload for http://localhost:3000/en/login?reason=idle. Falling back to browser navigation. TypeError: Failed to fetch
    at createFetch (http://localhost:3000/_next/static/chunks/node_modules_next_dist_client_0r5nbpw._.js:8207:21)
    at async fetchServerResponse (http://localhost:3000/_next/static/chunks/node_modules_next_dist_client_0r5nbpw._.js:8051:21)
    at async fetchMissingDynamicData (http://localhost:3000/_next/static/chunks/node_modules_next_dist_client_0r5nbpw._.js:9464:24) @ http://localhost:3000/_next/static/chunks/node_modules_next_dist_1ybzpk2._.js:3318
[15203928ms] [ERROR] Failed to load resource: net::ERR_NETWORK_CHANGED @ http://localhost:3000/en/login?reason=idle&_rsc=vC3-Au21QXuX1vqq:0
[15203928ms] [ERROR] Failed to fetch RSC payload for http://localhost:3000/en/login?reason=idle. Falling back to browser navigation. TypeError: Failed to fetch
    at createFetch (http://localhost:3000/_next/static/chunks/node_modules_next_dist_client_0r5nbpw._.js:8207:21)
    at async fetchServerResponse (http://localhost:3000/_next/static/chunks/node_modules_next_dist_client_0r5nbpw._.js:8051:21)
    at async fetchMissingDynamicData (http://localhost:3000/_next/static/chunks/node_modules_next_dist_client_0r5nbpw._.js:9464:24) @ http://localhost:3000/_next/static/chunks/node_modules_next_dist_1ybzpk2._.js:3318
[15203929ms] [ERROR] Failed to load resource: net::ERR_NETWORK_CHANGED @ http://localhost:3000/en/login?reason=idle&_rsc=vC3-Au21QXuX1vqq:0
[15203929ms] [ERROR] Failed to fetch RSC payload for http://localhost:3000/en/login?reason=idle. Falling back to browser navigation. TypeError: Failed to fetch
    at createFetch (http://localhost:3000/_next/static/chunks/node_modules_next_dist_client_0r5nbpw._.js:8207:21)
    at async fetchServerResponse (http://localhost:3000/_next/static/chunks/node_modules_next_dist_client_0r5nbpw._.js:8051:21)
    at async fetchMissingDynamicData (http://localhost:3000/_next/static/chunks/node_modules_next_dist_client_0r5nbpw._.js:9464:24) @ http://localhost:3000/_next/static/chunks/node_modules_next_dist_1ybzpk2._.js:3318
[15203930ms] [ERROR] Failed to load resource: net::ERR_NETWORK_CHANGED @ http://localhost:3000/en/login?reason=idle&_rsc=vC3-Au21QXuX1vqq:0
[15203930ms] [ERROR] Failed to fetch RSC payload for http://localhost:3000/en/login?reason=idle. Falling back to browser navigation. TypeError: Failed to fetch
    at createFetch (http://localhost:3000/_next/static/chunks/node_modules_next_dist_client_0r5nbpw._.js:8207:21)
    at async fetchServerResponse (http://localhost:3000/_next/static/chunks/node_modules_next_dist_client_0r5nbpw._.js:8051:21)
    at async fetchMissingDynamicData (http://localhost:3000/_next/static/chunks/node_modules_next_dist_client_0r5nbpw._.js:9464:24) @ http://localhost:3000/_next/static/chunks/node_modules_next_dist_1ybzpk2._.js:3318
[15203931ms] [ERROR] Failed to load resource: net::ERR_NETWORK_CHANGED @ http://localhost:3000/en/login?reason=idle&_rsc=vC3-Au21QXuX1vqq:0
[15203931ms] [ERROR] Failed to fetch RSC payload for http://localhost:3000/en/login?reason=idle. Falling back to browser navigation. TypeError: Failed to fetch
    at createFetch (http://localhost:3000/_next/static/chunks/node_modules_next_dist_client_0r5nbpw._.js:8207:21)
    at async fetchServerResponse (http://localhost:3000/_next/static/chunks/node_modules_next_dist_client_0r5nbpw._.js:8051:21)
    at async fetchMissingDynamicData (http://localhost:3000/_next/static/chunks/node_modules_next_dist_client_0r5nbpw._.js:9464:24) @ http://localhost:3000/_next/static/chunks/node_modules_next_dist_1ybzpk2._.js:3318
[15203933ms] [ERROR] Failed to load resource: net::ERR_NETWORK_CHANGED @ http://localhost:3000/en/login?reason=idle&_rsc=vC3-Au21QXuX1vqq:0
[15203933ms] [ERROR] Failed to fetch RSC payload for http://localhost:3000/en/login?reason=idle. Falling back to browser navigation. TypeError: Failed to fetch
    at createFetch (http://localhost:3000/_next/static/chunks/node_modules_next_dist_client_0r5nbpw._.js:8207:21)
    at async fetchServerResponse (http://localhost:3000/_next/static/chunks/node_modules_next_dist_client_0r5nbpw._.js:8051:21)
    at async fetchMissingDynamicData (http://localhost:3000/_next/static/chunks/node_modules_next_dist_client_0r5nbpw._.js:9464:24) @ http://localhost:3000/_next/static/chunks/node_modules_next_dist_1ybzpk2._.js:3318
[15203935ms] [ERROR] Failed to load resource: net::ERR_NETWORK_CHANGED @ http://localhost:3000/en/login?reason=idle&_rsc=vC3-Au21QXuX1vqq:0
[15203935ms] [ERROR] Failed to fetch RSC payload for http://localhost:3000/en/login?reason=idle. Falling back to browser navigation. TypeError: Failed to fetch
    at createFetch (http://localhost:3000/_next/static/chunks/node_modules_next_dist_client_0r5nbpw._.js:8207:21)
    at async fetchServerResponse (http://localhost:3000/_next/static/chunks/node_modules_next_dist_client_0r5nbpw._.js:8051:21)
    at async fetchMissingDynamicData (http://localhost:3000/_next/static/chunks/node_modules_next_dist_client_0r5nbpw._.js:9464:24) @ http://localhost:3000/_next/static/chunks/node_modules_next_dist_1ybzpk2._.js:3318
[15203937ms] [ERROR] Failed to load resource: net::ERR_NETWORK_CHANGED @ http://localhost:3000/en/login?reason=idle&_rsc=vC3-Au21QXuX1vqq:0
[15203937ms] [ERROR] Failed to fetch RSC payload for http://localhost:3000/en/login?reason=idle. Falling back to browser navigation. TypeError: Failed to fetch
    at createFetch (http://localhost:3000/_next/static/chunks/node_modules_next_dist_client_0r5nbpw._.js:8207:21)
    at async fetchServerResponse (http://localhost:3000/_next/static/chunks/node_modules_next_dist_client_0r5nbpw._.js:8051:21)
    at async fetchMissingDynamicData (http://localhost:3000/_next/static/chunks/node_modules_next_dist_client_0r5nbpw._.js:9464:24) @ http://localhost:3000/_next/static/chunks/node_modules_next_dist_1ybzpk2._.js:3318
[15203939ms] [ERROR] Failed to load resource: net::ERR_NETWORK_CHANGED @ http://localhost:3000/en/login?reason=idle&_rsc=vC3-Au21QXuX1vqq:0
[15203939ms] [ERROR] Failed to fetch RSC payload for http://localhost:3000/en/login?reason=idle. Falling back to browser navigation. TypeError: Failed to fetch
    at createFetch (http://localhost:3000/_next/static/chunks/node_modules_next_dist_client_0r5nbpw._.js:8207:21)
    at async fetchServerResponse (http://localhost:3000/_next/static/chunks/node_modules_next_dist_client_0r5nbpw._.js:8051:21)
    at async fetchMissingDynamicData (http://localhost:3000/_next/static/chunks/node_modules_next_dist_client_0r5nbpw._.js:9464:24) @ http://localhost:3000/_next/static/chunks/node_modules_next_dist_1ybzpk2._.js:3318
[15203942ms] [ERROR] Failed to load resource: net::ERR_NETWORK_CHANGED @ http://localhost:3000/en/login?reason=idle&_rsc=vC3-Au21QXuX1vqq:0
[15203942ms] [ERROR] Failed to fetch RSC payload for http://localhost:3000/en/login?reason=idle. Falling back to browser navigation. TypeError: Failed to fetch
    at createFetch (http://localhost:3000/_next/static/chunks/node_modules_next_dist_client_0r5nbpw._.js:8207:21)
    at async fetchServerResponse (http://localhost:3000/_next/static/chunks/node_modules_next_dist_client_0r5nbpw._.js:8051:21)
    at async fetchMissingDynamicData (http://localhost:3000/_next/static/chunks/node_modules_next_dist_client_0r5nbpw._.js:9464:24) @ http://localhost:3000/_next/static/chunks/node_modules_next_dist_1ybzpk2._.js:3318
[15203944ms] [ERROR] Failed to load resource: net::ERR_NETWORK_CHANGED @ http://localhost:3000/en/login?reason=idle&_rsc=vC3-Au21QXuX1vqq:0
[15203944ms] [ERROR] Failed to fetch RSC payload for http://localhost:3000/en/login?reason=idle. Falling back to browser navigation. TypeError: Failed to fetch
    at createFetch (http://localhost:3000/_next/static/chunks/node_modules_next_dist_client_0r5nbpw._.js:8207:21)
    at async fetchServerResponse (http://localhost:3000/_next/static/chunks/node_modules_next_dist_client_0r5nbpw._.js:8051:21)
    at async fetchMissingDynamicData (http://localhost:3000/_next/static/chunks/node_modules_next_dist_client_0r5nbpw._.js:9464:24) @ http://localhost:3000/_next/static/chunks/node_modules_next_dist_1ybzpk2._.js:3318
[15203947ms] [ERROR] Failed to load resource: net::ERR_NETWORK_CHANGED @ http://localhost:3000/en/login?reason=idle&_rsc=vC3-Au21QXuX1vqq:0
[15203947ms] [ERROR] Failed to fetch RSC payload for http://localhost:3000/en/login?reason=idle. Falling back to browser navigation. TypeError: Failed to fetch
    at createFetch (http://localhost:3000/_next/static/chunks/node_modules_next_dist_client_0r5nbpw._.js:8207:21)
    at async fetchServerResponse (http://localhost:3000/_next/static/chunks/node_modules_next_dist_client_0r5nbpw._.js:8051:21)
    at async fetchMissingDynamicData (http://localhost:3000/_next/static/chunks/node_modules_next_dist_client_0r5nbpw._.js:9464:24) @ http://localhost:3000/_next/static/chunks/node_modules_next_dist_1ybzpk2._.js:3318
[15203949ms] [ERROR] Failed to load resource: net::ERR_NETWORK_CHANGED @ http://localhost:3000/en/login?reason=idle&_rsc=vC3-Au21QXuX1vqq:0
[15203949ms] [ERROR] Failed to fetch RSC payload for http://localhost:3000/en/login?reason=idle. Falling back to browser navigation. TypeError: Failed to fetch
    at createFetch (http://localhost:3000/_next/static/chunks/node_modules_next_dist_client_0r5nbpw._.js:8207:21)
    at async fetchServerResponse (http://localhost:3000/_next/static/chunks/node_modules_next_dist_client_0r5nbpw._.js:8051:21)
    at async fetchMissingDynamicData (http://localhost:3000/_next/static/chunks/node_modules_next_dist_client_0r5nbpw._.js:9464:24) @ http://localhost:3000/_next/static/chunks/node_modules_next_dist_1ybzpk2._.js:3318
[15203950ms] [ERROR] Failed to load resource: net::ERR_NETWORK_CHANGED @ http://localhost:3000/en/login?reason=idle&_rsc=vC3-Au21QXuX1vqq:0
[15203951ms] [ERROR] Failed to fetch RSC payload for http://localhost:3000/en/login?reason=idle. Falling back to browser navigation. TypeError: Failed to fetch
    at createFetch (http://localhost:3000/_next/static/chunks/node_modules_next_dist_client_0r5nbpw._.js:8207:21)
    at async fetchServerResponse (http://localhost:3000/_next/static/chunks/node_modules_next_dist_client_0r5nbpw._.js:8051:21)
    at async fetchMissingDynamicData (http://localhost:3000/_next/static/chunks/node_modules_next_dist_client_0r5nbpw._.js:9464:24) @ http://localhost:3000/_next/static/chunks/node_modules_next_dist_1ybzpk2._.js:3318
[15203952ms] [ERROR] Failed to load resource: net::ERR_NETWORK_CHANGED @ http://localhost:3000/en/login?reason=idle&_rsc=vC3-Au21QXuX1vqq:0
[15203952ms] [ERROR] Failed to fetch RSC payload for http://localhost:3000/en/login?reason=idle. Falling back to browser navigation. TypeError: Failed to fetch
    at createFetch (http://localhost:3000/_next/static/chunks/node_modules_next_dist_client_0r5nbpw._.js:8207:21)
    at async fetchServerResponse (http://localhost:3000/_next/static/chunks/node_modules_next_dist_client_0r5nbpw._.js:8051:21)
    at async fetchMissingDynamicData (http://localhost:3000/_next/static/chunks/node_modules_next_dist_client_0r5nbpw._.js:9464:24) @ http://localhost:3000/_next/static/chunks/node_modules_next_dist_1ybzpk2._.js:3318
[15203954ms] [ERROR] Failed to load resource: net::ERR_NETWORK_CHANGED @ http://localhost:3000/en/login?reason=idle&_rsc=vC3-Au21QXuX1vqq:0
[15203955ms] [ERROR] Failed to fetch RSC payload for http://localhost:3000/en/login?reason=idle. Falling back to browser navigation. TypeError: Failed to fetch
    at createFetch (http://localhost:3000/_next/static/chunks/node_modules_next_dist_client_0r5nbpw._.js:8207:21)
    at async fetchServerResponse (http://localhost:3000/_next/static/chunks/node_modules_next_dist_client_0r5nbpw._.js:8051:21)
    at async fetchMissingDynamicData (http://localhost:3000/_next/static/chunks/node_modules_next_dist_client_0r5nbpw._.js:9464:24) @ http://localhost:3000/_next/static/chunks/node_modules_next_dist_1ybzpk2._.js:3318
[15203956ms] [ERROR] Failed to load resource: net::ERR_NETWORK_CHANGED @ http://localhost:3000/en/login?reason=idle&_rsc=vC3-Au21QXuX1vqq:0
[15203956ms] [ERROR] Failed to fetch RSC payload for http://localhost:3000/en/login?reason=idle. Falling back to browser navigation. TypeError: Failed to fetch
    at createFetch (http://localhost:3000/_next/static/chunks/node_modules_next_dist_client_0r5nbpw._.js:8207:21)
    at async fetchServerResponse (http://localhost:3000/_next/static/chunks/node_modules_next_dist_client_0r5nbpw._.js:8051:21)
    at async fetchMissingDynamicData (http://localhost:3000/_next/static/chunks/node_modules_next_dist_client_0r5nbpw._.js:9464:24) @ http://localhost:3000/_next/static/chunks/node_modules_next_dist_1ybzpk2._.js:3318
[15203958ms] [ERROR] Failed to load resource: net::ERR_NETWORK_CHANGED @ http://localhost:3000/en/login?reason=idle&_rsc=vC3-Au21QXuX1vqq:0
[15203958ms] [ERROR] Failed to fetch RSC payload for http://localhost:3000/en/login?reason=idle. Falling back to browser navigation. TypeError: Failed to fetch
    at createFetch (http://localhost:3000/_next/static/chunks/node_modules_next_dist_client_0r5nbpw._.js:8207:21)
    at async fetchServerResponse (http://localhost:3000/_next/static/chunks/node_modules_next_dist_client_0r5nbpw._.js:8051:21)
    at async fetchMissingDynamicData (http://localhost:3000/_next/static/chunks/node_modules_next_dist_client_0r5nbpw._.js:9464:24) @ http://localhost:3000/_next/static/chunks/node_modules_next_dist_1ybzpk2._.js:3318
[15203960ms] [ERROR] Failed to load resource: net::ERR_NETWORK_CHANGED @ http://localhost:3000/en/login?reason=idle&_rsc=vC3-Au21QXuX1vqq:0
[15203960ms] [ERROR] Failed to fetch RSC payload for http://localhost:3000/en/login?reason=idle. Falling back to browser navigation. TypeError: Failed to fetch
    at createFetch (http://localhost:3000/_next/static/chunks/node_modules_next_dist_client_0r5nbpw._.js:8207:21)
    at async fetchServerResponse (http://localhost:3000/_next/static/chunks/node_modules_next_dist_client_0r5nbpw._.js:8051:21)
    at async fetchMissingDynamicData (http://localhost:3000/_next/static/chunks/node_modules_next_dist_client_0r5nbpw._.js:9464:24) @ http://localhost:3000/_next/static/chunks/node_modules_next_dist_1ybzpk2._.js:3318
[15203962ms] [ERROR] Failed to load resource: net::ERR_NETWORK_CHANGED @ http://localhost:3000/en/login?reason=idle&_rsc=vC3-Au21QXuX1vqq:0
[15203962ms] [ERROR] Failed to fetch RSC payload for http://localhost:3000/en/login?reason=idle. Falling back to browser navigation. TypeError: Failed to fetch
    at createFetch (http://localhost:3000/_next/static/chunks/node_modules_next_dist_client_0r5nbpw._.js:8207:21)
    at async fetchServerResponse (http://localhost:3000/_next/static/chunks/node_modules_next_dist_client_0r5nbpw._.js:8051:21)
    at async fetchMissingDynamicData (http://localhost:3000/_next/static/chunks/node_modules_next_dist_client_0r5nbpw._.js:9464:24) @ http://localhost:3000/_next/static/chunks/node_modules_next_dist_1ybzpk2._.js:3318
[15203964ms] [ERROR] Failed to load resource: net::ERR_NETWORK_CHANGED @ http://localhost:3000/en/login?reason=idle&_rsc=vC3-Au21QXuX1vqq:0
[15203964ms] [ERROR] Failed to fetch RSC payload for http://localhost:3000/en/login?reason=idle. Falling back to browser navigation. TypeError: Failed to fetch
    at createFetch (http://localhost:3000/_next/static/chunks/node_modules_next_dist_client_0r5nbpw._.js:8207:21)
    at async fetchServerResponse (http://localhost:3000/_next/static/chunks/node_modules_next_dist_client_0r5nbpw._.js:8051:21)
    at async fetchMissingDynamicData (http://localhost:3000/_next/static/chunks/node_modules_next_dist_client_0r5nbpw._.js:9464:24) @ http://localhost:3000/_next/static/chunks/node_modules_next_dist_1ybzpk2._.js:3318
[15203967ms] [ERROR] Failed to load resource: net::ERR_NETWORK_CHANGED @ http://localhost:3000/en/login?reason=idle&_rsc=vC3-Au21QXuX1vqq:0
[15203967ms] [ERROR] Failed to fetch RSC payload for http://localhost:3000/en/login?reason=idle. Falling back to browser navigation. TypeError: Failed to fetch
    at createFetch (http://localhost:3000/_next/static/chunks/node_modules_next_dist_client_0r5nbpw._.js:8207:21)
    at async fetchServerResponse (http://localhost:3000/_next/static/chunks/node_modules_next_dist_client_0r5nbpw._.js:8051:21)
    at async fetchMissingDynamicData (http://localhost:3000/_next/static/chunks/node_modules_next_dist_client_0r5nbpw._.js:9464:24) @ http://localhost:3000/_next/static/chunks/node_modules_next_dist_1ybzpk2._.js:3318
[15203969ms] [ERROR] Failed to load resource: net::ERR_NETWORK_CHANGED @ http://localhost:3000/en/login?reason=idle&_rsc=vC3-Au21QXuX1vqq:0
[15203969ms] [ERROR] Failed to fetch RSC payload for http://localhost:3000/en/login?reason=idle. Falling back to browser navigation. TypeError: Failed to fetch
    at createFetch (http://localhost:3000/_next/static/chunks/node_modules_next_dist_client_0r5nbpw._.js:8207:21)
    at async fetchServerResponse (http://localhost:3000/_next/static/chunks/node_modules_next_dist_client_0r5nbpw._.js:8051:21)
    at async fetchMissingDynamicData (http://localhost:3000/_next/static/chunks/node_modules_next_dist_client_0r5nbpw._.js:9464:24) @ http://localhost:3000/_next/static/chunks/node_modules_next_dist_1ybzpk2._.js:3318
[15203970ms] [ERROR] Failed to load resource: net::ERR_NETWORK_CHANGED @ http://localhost:3000/en/login?reason=idle&_rsc=vC3-Au21QXuX1vqq:0
[15203970ms] [ERROR] Failed to fetch RSC payload for http://localhost:3000/en/login?reason=idle. Falling back to browser navigation. TypeError: Failed to fetch
    at createFetch (http://localhost:3000/_next/static/chunks/node_modules_next_dist_client_0r5nbpw._.js:8207:21)
    at async fetchServerResponse (http://localhost:3000/_next/static/chunks/node_modules_next_dist_client_0r5nbpw._.js:8051:21)
    at async fetchMissingDynamicData (http://localhost:3000/_next/static/chunks/node_modules_next_dist_client_0r5nbpw._.js:9464:24) @ http://localhost:3000/_next/static/chunks/node_modules_next_dist_1ybzpk2._.js:3318
[15203971ms] [ERROR] Failed to load resource: net::ERR_NETWORK_CHANGED @ http://localhost:3000/en/login?reason=idle&_rsc=vC3-Au21QXuX1vqq:0
[15203971ms] [ERROR] Failed to fetch RSC payload for http://localhost:3000/en/login?reason=idle. Falling back to browser navigation. TypeError: Failed to fetch
    at createFetch (http://localhost:3000/_next/static/chunks/node_modules_next_dist_client_0r5nbpw._.js:8207:21)
    at async fetchServerResponse (http://localhost:3000/_next/static/chunks/node_modules_next_dist_client_0r5nbpw._.js:8051:21)
    at async fetchMissingDynamicData (http://localhost:3000/_next/static/chunks/node_modules_next_dist_client_0r5nbpw._.js:9464:24) @ http://localhost:3000/_next/static/chunks/node_modules_next_dist_1ybzpk2._.js:3318
[15203973ms] [ERROR] Failed to load resource: net::ERR_NETWORK_CHANGED @ http://localhost:3000/en/login?reason=idle&_rsc=vC3-Au21QXuX1vqq:0
[15203973ms] [ERROR] Failed to fetch RSC payload for http://localhost:3000/en/login?reason=idle. Falling back to browser navigation. TypeError: Failed to fetch
    at createFetch (http://localhost:3000/_next/static/chunks/node_modules_next_dist_client_0r5nbpw._.js:8207:21)
    at async fetchServerResponse (http://localhost:3000/_next/static/chunks/node_modules_next_dist_client_0r5nbpw._.js:8051:21)
    at async fetchMissingDynamicData (http://localhost:3000/_next/static/chunks/node_modules_next_dist_client_0r5nbpw._.js:9464:24) @ http://localhost:3000/_next/static/chunks/node_modules_next_dist_1ybzpk2._.js:3318
[15203974ms] [ERROR] Failed to load resource: net::ERR_NETWORK_CHANGED @ http://localhost:3000/en/login?reason=idle&_rsc=vC3-Au21QXuX1vqq:0
[15203974ms] [ERROR] Failed to fetch RSC payload for http://localhost:3000/en/login?reason=idle. Falling back to browser navigation. TypeError: Failed to fetch
    at createFetch (http://localhost:3000/_next/static/chunks/node_modules_next_dist_client_0r5nbpw._.js:8207:21)
    at async fetchServerResponse (http://localhost:3000/_next/static/chunks/node_modules_next_dist_client_0r5nbpw._.js:8051:21)
    at async fetchMissingDynamicData (http://localhost:3000/_next/static/chunks/node_modules_next_dist_client_0r5nbpw._.js:9464:24) @ http://localhost:3000/_next/static/chunks/node_modules_next_dist_1ybzpk2._.js:3318
[15203976ms] [ERROR] Failed to load resource: net::ERR_NETWORK_CHANGED @ http://localhost:3000/en/login?reason=idle&_rsc=vC3-Au21QXuX1vqq:0
[15203976ms] [ERROR] Failed to fetch RSC payload for http://localhost:3000/en/login?reason=idle. Falling back to browser navigation. TypeError: Failed to fetch
    at createFetch (http://localhost:3000/_next/static/chunks/node_modules_next_dist_client_0r5nbpw._.js:8207:21)
    at async fetchServerResponse (http://localhost:3000/_next/static/chunks/node_modules_next_dist_client_0r5nbpw._.js:8051:21)
    at async fetchMissingDynamicData (http://localhost:3000/_next/static/chunks/node_modules_next_dist_client_0r5nbpw._.js:9464:24) @ http://localhost:3000/_next/static/chunks/node_modules_next_dist_1ybzpk2._.js:3318
[15203977ms] [ERROR] Failed to load resource: net::ERR_NETWORK_CHANGED @ http://localhost:3000/en/login?reason=idle&_rsc=vC3-Au21QXuX1vqq:0
[15203977ms] [ERROR] Failed to fetch RSC payload for http://localhost:3000/en/login?reason=idle. Falling back to browser navigation. TypeError: Failed to fetch
    at createFetch (http://localhost:3000/_next/static/chunks/node_modules_next_dist_client_0r5nbpw._.js:8207:21)
    at async fetchServerResponse (http://localhost:3000/_next/static/chunks/node_modules_next_dist_client_0r5nbpw._.js:8051:21)
    at async fetchMissingDynamicData (http://localhost:3000/_next/static/chunks/node_modules_next_dist_client_0r5nbpw._.js:9464:24) @ http://localhost:3000/_next/static/chunks/node_modules_next_dist_1ybzpk2._.js:3318
[15203979ms] [ERROR] Failed to load resource: net::ERR_NETWORK_CHANGED @ http://localhost:3000/en/login?reason=idle&_rsc=vC3-Au21QXuX1vqq:0
[15203979ms] [ERROR] Failed to fetch RSC payload for http://localhost:3000/en/login?reason=idle. Falling back to browser navigation. TypeError: Failed to fetch
    at createFetch (http://localhost:3000/_next/static/chunks/node_modules_next_dist_client_0r5nbpw._.js:8207:21)
    at async fetchServerResponse (http://localhost:3000/_next/static/chunks/node_modules_next_dist_client_0r5nbpw._.js:8051:21)
    at async fetchMissingDynamicData (http://localhost:3000/_next/static/chunks/node_modules_next_dist_client_0r5nbpw._.js:9464:24) @ http://localhost:3000/_next/static/chunks/node_modules_next_dist_1ybzpk2._.js:3318
[15203980ms] [ERROR] Failed to load resource: net::ERR_NETWORK_CHANGED @ http://localhost:3000/en/login?reason=idle&_rsc=vC3-Au21QXuX1vqq:0
[15203980ms] [ERROR] Failed to fetch RSC payload for http://localhost:3000/en/login?reason=idle. Falling back to browser navigation. TypeError: Failed to fetch
    at createFetch (http://localhost:3000/_next/static/chunks/node_modules_next_dist_client_0r5nbpw._.js:8207:21)
    at async fetchServerResponse (http://localhost:3000/_next/static/chunks/node_modules_next_dist_client_0r5nbpw._.js:8051:21)
    at async fetchMissingDynamicData (http://localhost:3000/_next/static/chunks/node_modules_next_dist_client_0r5nbpw._.js:9464:24) @ http://localhost:3000/_next/static/chunks/node_modules_next_dist_1ybzpk2._.js:3318
[15203981ms] [ERROR] Failed to load resource: net::ERR_NETWORK_CHANGED @ http://localhost:3000/en/login?reason=idle&_rsc=vC3-Au21QXuX1vqq:0
[15203982ms] [ERROR] Failed to fetch RSC payload for http://localhost:3000/en/login?reason=idle. Falling back to browser navigation. TypeError: Failed to fetch
    at createFetch (http://localhost:3000/_next/static/chunks/node_modules_next_dist_client_0r5nbpw._.js:8207:21)
    at async fetchServerResponse (http://localhost:3000/_next/static/chunks/node_modules_next_dist_client_0r5nbpw._.js:8051:21)
    at async fetchMissingDynamicData (http://localhost:3000/_next/static/chunks/node_modules_next_dist_client_0r5nbpw._.js:9464:24) @ http://localhost:3000/_next/static/chunks/node_modules_next_dist_1ybzpk2._.js:3318
[15203983ms] [ERROR] Failed to load resource: net::ERR_NETWORK_CHANGED @ http://localhost:3000/en/login?reason=idle&_rsc=vC3-Au21QXuX1vqq:0
[15203984ms] [ERROR] Failed to fetch RSC payload for http://localhost:3000/en/login?reason=idle. Falling back to browser navigation. TypeError: Failed to fetch
    at createFetch (http://localhost:3000/_next/static/chunks/node_modules_next_dist_client_0r5nbpw._.js:8207:21)
    at async fetchServerResponse (http://localhost:3000/_next/static/chunks/node_modules_next_dist_client_0r5nbpw._.js:8051:21)
    at async fetchMissingDynamicData (http://localhost:3000/_next/static/chunks/node_modules_next_dist_client_0r5nbpw._.js:9464:24) @ http://localhost:3000/_next/static/chunks/node_modules_next_dist_1ybzpk2._.js:3318
[15203986ms] [ERROR] Failed to load resource: net::ERR_NETWORK_CHANGED @ http://localhost:3000/en/login?reason=idle&_rsc=vC3-Au21QXuX1vqq:0
[15203986ms] [ERROR] Failed to fetch RSC payload for http://localhost:3000/en/login?reason=idle. Falling back to browser navigation. TypeError: Failed to fetch
    at createFetch (http://localhost:3000/_next/static/chunks/node_modules_next_dist_client_0r5nbpw._.js:8207:21)
    at async fetchServerResponse (http://localhost:3000/_next/static/chunks/node_modules_next_dist_client_0r5nbpw._.js:8051:21)
    at async fetchMissingDynamicData (http://localhost:3000/_next/static/chunks/node_modules_next_dist_client_0r5nbpw._.js:9464:24) @ http://localhost:3000/_next/static/chunks/node_modules_next_dist_1ybzpk2._.js:3318
[15203987ms] [ERROR] Failed to load resource: net::ERR_NETWORK_CHANGED @ http://localhost:3000/en/login?reason=idle&_rsc=vC3-Au21QXuX1vqq:0
[15203987ms] [ERROR] Failed to fetch RSC payload for http://localhost:3000/en/login?reason=idle. Falling back to browser navigation. TypeError: Failed to fetch
    at createFetch (http://localhost:3000/_next/static/chunks/node_modules_next_dist_client_0r5nbpw._.js:8207:21)
    at async fetchServerResponse (http://localhost:3000/_next/static/chunks/node_modules_next_dist_client_0r5nbpw._.js:8051:21)
    at async fetchMissingDynamicData (http://localhost:3000/_next/static/chunks/node_modules_next_dist_client_0r5nbpw._.js:9464:24) @ http://localhost:3000/_next/static/chunks/node_modules_next_dist_1ybzpk2._.js:3318
[15203989ms] [ERROR] Failed to load resource: net::ERR_NETWORK_CHANGED @ http://localhost:3000/en/login?reason=idle&_rsc=vC3-Au21QXuX1vqq:0
[15203989ms] [ERROR] Failed to fetch RSC payload for http://localhost:3000/en/login?reason=idle. Falling back to browser navigation. TypeError: Failed to fetch
    at createFetch (http://localhost:3000/_next/static/chunks/node_modules_next_dist_client_0r5nbpw._.js:8207:21)
    at async fetchServerResponse (http://localhost:3000/_next/static/chunks/node_modules_next_dist_client_0r5nbpw._.js:8051:21)
    at async fetchMissingDynamicData (http://localhost:3000/_next/static/chunks/node_modules_next_dist_client_0r5nbpw._.js:9464:24) @ http://localhost:3000/_next/static/chunks/node_modules_next_dist_1ybzpk2._.js:3318
[15203990ms] [ERROR] Failed to load resource: net::ERR_NETWORK_CHANGED @ http://localhost:3000/en/login?reason=idle&_rsc=vC3-Au21QXuX1vqq:0
[15203990ms] [ERROR] Failed to fetch RSC payload for http://localhost:3000/en/login?reason=idle. Falling back to browser navigation. TypeError: Failed to fetch
    at createFetch (http://localhost:3000/_next/static/chunks/node_modules_next_dist_client_0r5nbpw._.js:8207:21)
    at async fetchServerResponse (http://localhost:3000/_next/static/chunks/node_modules_next_dist_client_0r5nbpw._.js:8051:21)
    at async fetchMissingDynamicData (http://localhost:3000/_next/static/chunks/node_modules_next_dist_client_0r5nbpw._.js:9464:24) @ http://localhost:3000/_next/static/chunks/node_modules_next_dist_1ybzpk2._.js:3318
[15203991ms] [ERROR] Failed to load resource: net::ERR_NETWORK_CHANGED @ http://localhost:3000/en/login?reason=idle&_rsc=vC3-Au21QXuX1vqq:0
[15203991ms] [ERROR] Failed to fetch RSC payload for http://localhost:3000/en/login?reason=idle. Falling back to browser navigation. TypeError: Failed to fetch
    at createFetch (http://localhost:3000/_next/static/chunks/node_modules_next_dist_client_0r5nbpw._.js:8207:21)
    at async fetchServerResponse (http://localhost:3000/_next/static/chunks/node_modules_next_dist_client_0r5nbpw._.js:8051:21)
    at async fetchMissingDynamicData (http://localhost:3000/_next/static/chunks/node_modules_next_dist_client_0r5nbpw._.js:9464:24) @ http://localhost:3000/_next/static/chunks/node_modules_next_dist_1ybzpk2._.js:3318
[15203993ms] [ERROR] Failed to load resource: net::ERR_NETWORK_CHANGED @ http://localhost:3000/en/login?reason=idle&_rsc=vC3-Au21QXuX1vqq:0
[15203993ms] [ERROR] Failed to fetch RSC payload for http://localhost:3000/en/login?reason=idle. Falling back to browser navigation. TypeError: Failed to fetch
    at createFetch (http://localhost:3000/_next/static/chunks/node_modules_next_dist_client_0r5nbpw._.js:8207:21)
    at async fetchServerResponse (http://localhost:3000/_next/static/chunks/node_modules_next_dist_client_0r5nbpw._.js:8051:21)
    at async fetchMissingDynamicData (http://localhost:3000/_next/static/chunks/node_modules_next_dist_client_0r5nbpw._.js:9464:24) @ http://localhost:3000/_next/static/chunks/node_modules_next_dist_1ybzpk2._.js:3318
[15203994ms] [ERROR] Failed to load resource: net::ERR_NETWORK_CHANGED @ http://localhost:3000/en/login?reason=idle&_rsc=vC3-Au21QXuX1vqq:0
[15203994ms] [ERROR] Failed to fetch RSC payload for http://localhost:3000/en/login?reason=idle. Falling back to browser navigation. TypeError: Failed to fetch
    at createFetch (http://localhost:3000/_next/static/chunks/node_modules_next_dist_client_0r5nbpw._.js:8207:21)
    at async fetchServerResponse (http://localhost:3000/_next/static/chunks/node_modules_next_dist_client_0r5nbpw._.js:8051:21)
    at async fetchMissingDynamicData (http://localhost:3000/_next/static/chunks/node_modules_next_dist_client_0r5nbpw._.js:9464:24) @ http://localhost:3000/_next/static/chunks/node_modules_next_dist_1ybzpk2._.js:3318
[15203996ms] [ERROR] Failed to load resource: net::ERR_NETWORK_CHANGED @ http://localhost:3000/en/login?reason=idle&_rsc=vC3-Au21QXuX1vqq:0
[15203997ms] [ERROR] Failed to fetch RSC payload for http://localhost:3000/en/login?reason=idle. Falling back to browser navigation. TypeError: Failed to fetch
    at createFetch (http://localhost:3000/_next/static/chunks/node_modules_next_dist_client_0r5nbpw._.js:8207:21)
    at async fetchServerResponse (http://localhost:3000/_next/static/chunks/node_modules_next_dist_client_0r5nbpw._.js:8051:21)
    at async fetchMissingDynamicData (http://localhost:3000/_next/static/chunks/node_modules_next_dist_client_0r5nbpw._.js:9464:24) @ http://localhost:3000/_next/static/chunks/node_modules_next_dist_1ybzpk2._.js:3318
[15203998ms] [ERROR] Failed to load resource: net::ERR_NETWORK_CHANGED @ http://localhost:3000/en/login?reason=idle&_rsc=vC3-Au21QXuX1vqq:0
[15203999ms] [ERROR] Failed to fetch RSC payload for http://localhost:3000/en/login?reason=idle. Falling back to browser navigation. TypeError: Failed to fetch
    at createFetch (http://localhost:3000/_next/static/chunks/node_modules_next_dist_client_0r5nbpw._.js:8207:21)
    at async fetchServerResponse (http://localhost:3000/_next/static/chunks/node_modules_next_dist_client_0r5nbpw._.js:8051:21)
    at async fetchMissingDynamicData (http://localhost:3000/_next/static/chunks/node_modules_next_dist_client_0r5nbpw._.js:9464:24) @ http://localhost:3000/_next/static/chunks/node_modules_next_dist_1ybzpk2._.js:3318
[15204001ms] [ERROR] Failed to load resource: net::ERR_NETWORK_CHANGED @ http://localhost:3000/en/login?reason=idle&_rsc=vC3-Au21QXuX1vqq:0
[15204001ms] [ERROR] Failed to fetch RSC payload for http://localhost:3000/en/login?reason=idle. Falling back to browser navigation. TypeError: Failed to fetch
    at createFetch (http://localhost:3000/_next/static/chunks/node_modules_next_dist_client_0r5nbpw._.js:8207:21)
    at async fetchServerResponse (http://localhost:3000/_next/static/chunks/node_modules_next_dist_client_0r5nbpw._.js:8051:21)
    at async fetchMissingDynamicData (http://localhost:3000/_next/static/chunks/node_modules_next_dist_client_0r5nbpw._.js:9464:24) @ http://localhost:3000/_next/static/chunks/node_modules_next_dist_1ybzpk2._.js:3318
[15204003ms] [ERROR] Failed to load resource: net::ERR_NETWORK_CHANGED @ http://localhost:3000/en/login?reason=idle&_rsc=vC3-Au21QXuX1vqq:0
[15204003ms] [ERROR] Failed to fetch RSC payload for http://localhost:3000/en/login?reason=idle. Falling back to browser navigation. TypeError: Failed to fetch
    at createFetch (http://localhost:3000/_next/static/chunks/node_modules_next_dist_client_0r5nbpw._.js:8207:21)
    at async fetchServerResponse (http://localhost:3000/_next/static/chunks/node_modules_next_dist_client_0r5nbpw._.js:8051:21)
    at async fetchMissingDynamicData (http://localhost:3000/_next/static/chunks/node_modules_next_dist_client_0r5nbpw._.js:9464:24) @ http://localhost:3000/_next/static/chunks/node_modules_next_dist_1ybzpk2._.js:3318
[15204004ms] [ERROR] Failed to load resource: net::ERR_NETWORK_CHANGED @ http://localhost:3000/en/login?reason=idle&_rsc=vC3-Au21QXuX1vqq:0
[15204004ms] [ERROR] Failed to fetch RSC payload for http://localhost:3000/en/login?reason=idle. Falling back to browser navigation. TypeError: Failed to fetch
    at createFetch (http://localhost:3000/_next/static/chunks/node_modules_next_dist_client_0r5nbpw._.js:8207:21)
    at async fetchServerResponse (http://localhost:3000/_next/static/chunks/node_modules_next_dist_client_0r5nbpw._.js:8051:21)
    at async fetchMissingDynamicData (http://localhost:3000/_next/static/chunks/node_modules_next_dist_client_0r5nbpw._.js:9464:24) @ http://localhost:3000/_next/static/chunks/node_modules_next_dist_1ybzpk2._.js:3318
[15204005ms] [ERROR] Failed to load resource: net::ERR_NETWORK_CHANGED @ http://localhost:3000/en/login?reason=idle&_rsc=vC3-Au21QXuX1vqq:0
[15204005ms] [ERROR] Failed to fetch RSC payload for http://localhost:3000/en/login?reason=idle. Falling back to browser navigation. TypeError: Failed to fetch
    at createFetch (http://localhost:3000/_next/static/chunks/node_modules_next_dist_client_0r5nbpw._.js:8207:21)
    at async fetchServerResponse (http://localhost:3000/_next/static/chunks/node_modules_next_dist_client_0r5nbpw._.js:8051:21)
    at async fetchMissingDynamicData (http://localhost:3000/_next/static/chunks/node_modules_next_dist_client_0r5nbpw._.js:9464:24) @ http://localhost:3000/_next/static/chunks/node_modules_next_dist_1ybzpk2._.js:3318
[15204006ms] [ERROR] Failed to load resource: net::ERR_NETWORK_CHANGED @ http://localhost:3000/en/login?reason=idle&_rsc=vC3-Au21QXuX1vqq:0
[15204007ms] [ERROR] Failed to fetch RSC payload for http://localhost:3000/en/login?reason=idle. Falling back to browser navigation. TypeError: Failed to fetch
    at createFetch (http://localhost:3000/_next/static/chunks/node_modules_next_dist_client_0r5nbpw._.js:8207:21)
    at async fetchServerResponse (http://localhost:3000/_next/static/chunks/node_modules_next_dist_client_0r5nbpw._.js:8051:21)
    at async fetchMissingDynamicData (http://localhost:3000/_next/static/chunks/node_modules_next_dist_client_0r5nbpw._.js:9464:24) @ http://localhost:3000/_next/static/chunks/node_modules_next_dist_1ybzpk2._.js:3318
[15204008ms] [ERROR] Failed to load resource: net::ERR_NETWORK_CHANGED @ http://localhost:3000/en/login?reason=idle&_rsc=vC3-Au21QXuX1vqq:0
[15204008ms] [ERROR] Failed to fetch RSC payload for http://localhost:3000/en/login?reason=idle. Falling back to browser navigation. TypeError: Failed to fetch
    at createFetch (http://localhost:3000/_next/static/chunks/node_modules_next_dist_client_0r5nbpw._.js:8207:21)
    at async fetchServerResponse (http://localhost:3000/_next/static/chunks/node_modules_next_dist_client_0r5nbpw._.js:8051:21)
    at async fetchMissingDynamicData (http://localhost:3000/_next/static/chunks/node_modules_next_dist_client_0r5nbpw._.js:9464:24) @ http://localhost:3000/_next/static/chunks/node_modules_next_dist_1ybzpk2._.js:3318
[15204009ms] [ERROR] Failed to load resource: net::ERR_NETWORK_CHANGED @ http://localhost:3000/en/login?reason=idle&_rsc=vC3-Au21QXuX1vqq:0
[15204009ms] [ERROR] Failed to fetch RSC payload for http://localhost:3000/en/login?reason=idle. Falling back to browser navigation. TypeError: Failed to fetch
    at createFetch (http://localhost:3000/_next/static/chunks/node_modules_next_dist_client_0r5nbpw._.js:8207:21)
    at async fetchServerResponse (http://localhost:3000/_next/static/chunks/node_modules_next_dist_client_0r5nbpw._.js:8051:21)
    at async fetchMissingDynamicData (http://localhost:3000/_next/static/chunks/node_modules_next_dist_client_0r5nbpw._.js:9464:24) @ http://localhost:3000/_next/static/chunks/node_modules_next_dist_1ybzpk2._.js:3318
[15204010ms] [ERROR] Failed to load resource: net::ERR_NETWORK_CHANGED @ http://localhost:3000/en/login?reason=idle&_rsc=vC3-Au21QXuX1vqq:0
[15204011ms] [ERROR] Failed to fetch RSC payload for http://localhost:3000/en/login?reason=idle. Falling back to browser navigation. TypeError: Failed to fetch
    at createFetch (http://localhost:3000/_next/static/chunks/node_modules_next_dist_client_0r5nbpw._.js:8207:21)
    at async fetchServerResponse (http://localhost:3000/_next/static/chunks/node_modules_next_dist_client_0r5nbpw._.js:8051:21)
    at async fetchMissingDynamicData (http://localhost:3000/_next/static/chunks/node_modules_next_dist_client_0r5nbpw._.js:9464:24) @ http://localhost:3000/_next/static/chunks/node_modules_next_dist_1ybzpk2._.js:3318
[15204012ms] [ERROR] Failed to load resource: net::ERR_NETWORK_CHANGED @ http://localhost:3000/en/login?reason=idle&_rsc=vC3-Au21QXuX1vqq:0
[15204012ms] [ERROR] Failed to fetch RSC payload for http://localhost:3000/en/login?reason=idle. Falling back to browser navigation. TypeError: Failed to fetch
    at createFetch (http://localhost:3000/_next/static/chunks/node_modules_next_dist_client_0r5nbpw._.js:8207:21)
    at async fetchServerResponse (http://localhost:3000/_next/static/chunks/node_modules_next_dist_client_0r5nbpw._.js:8051:21)
    at async fetchMissingDynamicData (http://localhost:3000/_next/static/chunks/node_modules_next_dist_client_0r5nbpw._.js:9464:24) @ http://localhost:3000/_next/static/chunks/node_modules_next_dist_1ybzpk2._.js:3318
[15204013ms] [ERROR] Failed to load resource: net::ERR_NETWORK_CHANGED @ http://localhost:3000/en/login?reason=idle&_rsc=vC3-Au21QXuX1vqq:0
[15204014ms] [ERROR] Failed to fetch RSC payload for http://localhost:3000/en/login?reason=idle. Falling back to browser navigation. TypeError: Failed to fetch
    at createFetch (http://localhost:3000/_next/static/chunks/node_modules_next_dist_client_0r5nbpw._.js:8207:21)
    at async fetchServerResponse (http://localhost:3000/_next/static/chunks/node_modules_next_dist_client_0r5nbpw._.js:8051:21)
    at async fetchMissingDynamicData (http://localhost:3000/_next/static/chunks/node_modules_next_dist_client_0r5nbpw._.js:9464:24) @ http://localhost:3000/_next/static/chunks/node_modules_next_dist_1ybzpk2._.js:3318
[15204015ms] [ERROR] Failed to load resource: net::ERR_NETWORK_CHANGED @ http://localhost:3000/en/login?reason=idle&_rsc=vC3-Au21QXuX1vqq:0
[15204015ms] [ERROR] Failed to fetch RSC payload for http://localhost:3000/en/login?reason=idle. Falling back to browser navigation. TypeError: Failed to fetch
    at createFetch (http://localhost:3000/_next/static/chunks/node_modules_next_dist_client_0r5nbpw._.js:8207:21)
    at async fetchServerResponse (http://localhost:3000/_next/static/chunks/node_modules_next_dist_client_0r5nbpw._.js:8051:21)
    at async fetchMissingDynamicData (http://localhost:3000/_next/static/chunks/node_modules_next_dist_client_0r5nbpw._.js:9464:24) @ http://localhost:3000/_next/static/chunks/node_modules_next_dist_1ybzpk2._.js:3318
[15204016ms] [ERROR] Failed to load resource: net::ERR_NETWORK_CHANGED @ http://localhost:3000/en/login?reason=idle&_rsc=vC3-Au21QXuX1vqq:0
[15204016ms] [ERROR] Failed to fetch RSC payload for http://localhost:3000/en/login?reason=idle. Falling back to browser navigation. TypeError: Failed to fetch
    at createFetch (http://localhost:3000/_next/static/chunks/node_modules_next_dist_client_0r5nbpw._.js:8207:21)
    at async fetchServerResponse (http://localhost:3000/_next/static/chunks/node_modules_next_dist_client_0r5nbpw._.js:8051:21)
    at async fetchMissingDynamicData (http://localhost:3000/_next/static/chunks/node_modules_next_dist_client_0r5nbpw._.js:9464:24) @ http://localhost:3000/_next/static/chunks/node_modules_next_dist_1ybzpk2._.js:3318
[15204017ms] [ERROR] Failed to load resource: net::ERR_NETWORK_CHANGED @ http://localhost:3000/en/login?reason=idle&_rsc=vC3-Au21QXuX1vqq:0
[15204017ms] [ERROR] Failed to fetch RSC payload for http://localhost:3000/en/login?reason=idle. Falling back to browser navigation. TypeError: Failed to fetch
    at createFetch (http://localhost:3000/_next/static/chunks/node_modules_next_dist_client_0r5nbpw._.js:8207:21)
    at async fetchServerResponse (http://localhost:3000/_next/static/chunks/node_modules_next_dist_client_0r5nbpw._.js:8051:21)
    at async fetchMissingDynamicData (http://localhost:3000/_next/static/chunks/node_modules_next_dist_client_0r5nbpw._.js:9464:24) @ http://localhost:3000/_next/static/chunks/node_modules_next_dist_1ybzpk2._.js:3318
[15204018ms] [ERROR] Failed to load resource: net::ERR_NETWORK_CHANGED @ http://localhost:3000/en/login?reason=idle&_rsc=vC3-Au21QXuX1vqq:0
[15204018ms] [ERROR] Failed to fetch RSC payload for http://localhost:3000/en/login?reason=idle. Falling back to browser navigation. TypeError: Failed to fetch
    at createFetch (http://localhost:3000/_next/static/chunks/node_modules_next_dist_client_0r5nbpw._.js:8207:21)
    at async fetchServerResponse (http://localhost:3000/_next/static/chunks/node_modules_next_dist_client_0r5nbpw._.js:8051:21)
    at async fetchMissingDynamicData (http://localhost:3000/_next/static/chunks/node_modules_next_dist_client_0r5nbpw._.js:9464:24) @ http://localhost:3000/_next/static/chunks/node_modules_next_dist_1ybzpk2._.js:3318
[15204019ms] [ERROR] Failed to load resource: net::ERR_NETWORK_CHANGED @ http://localhost:3000/en/login?reason=idle&_rsc=vC3-Au21QXuX1vqq:0
[15204019ms] [ERROR] Failed to fetch RSC payload for http://localhost:3000/en/login?reason=idle. Falling back to browser navigation. TypeError: Failed to fetch
    at createFetch (http://localhost:3000/_next/static/chunks/node_modules_next_dist_client_0r5nbpw._.js:8207:21)
    at async fetchServerResponse (http://localhost:3000/_next/static/chunks/node_modules_next_dist_client_0r5nbpw._.js:8051:21)
    at async fetchMissingDynamicData (http://localhost:3000/_next/static/chunks/node_modules_next_dist_client_0r5nbpw._.js:9464:24) @ http://localhost:3000/_next/static/chunks/node_modules_next_dist_1ybzpk2._.js:3318
[15204020ms] [ERROR] Failed to load resource: net::ERR_NETWORK_CHANGED @ http://localhost:3000/en/login?reason=idle&_rsc=vC3-Au21QXuX1vqq:0
[15204020ms] [ERROR] Failed to fetch RSC payload for http://localhost:3000/en/login?reason=idle. Falling back to browser navigation. TypeError: Failed to fetch
    at createFetch (http://localhost:3000/_next/static/chunks/node_modules_next_dist_client_0r5nbpw._.js:8207:21)
    at async fetchServerResponse (http://localhost:3000/_next/static/chunks/node_modules_next_dist_client_0r5nbpw._.js:8051:21)
    at async fetchMissingDynamicData (http://localhost:3000/_next/static/chunks/node_modules_next_dist_client_0r5nbpw._.js:9464:24) @ http://localhost:3000/_next/static/chunks/node_modules_next_dist_1ybzpk2._.js:3318
[15204021ms] [ERROR] Failed to load resource: net::ERR_NETWORK_CHANGED @ http://localhost:3000/en/login?reason=idle&_rsc=vC3-Au21QXuX1vqq:0
[15204021ms] [ERROR] Failed to fetch RSC payload for http://localhost:3000/en/login?reason=idle. Falling back to browser navigation. TypeError: Failed to fetch
    at createFetch (http://localhost:3000/_next/static/chunks/node_modules_next_dist_client_0r5nbpw._.js:8207:21)
    at async fetchServerResponse (http://localhost:3000/_next/static/chunks/node_modules_next_dist_client_0r5nbpw._.js:8051:21)
    at async fetchMissingDynamicData (http://localhost:3000/_next/static/chunks/node_modules_next_dist_client_0r5nbpw._.js:9464:24) @ http://localhost:3000/_next/static/chunks/node_modules_next_dist_1ybzpk2._.js:3318
[15204022ms] [ERROR] Failed to load resource: net::ERR_NETWORK_CHANGED @ http://localhost:3000/en/login?reason=idle&_rsc=vC3-Au21QXuX1vqq:0
[15204022ms] [ERROR] Failed to fetch RSC payload for http://localhost:3000/en/login?reason=idle. Falling back to browser navigation. TypeError: Failed to fetch
    at createFetch (http://localhost:3000/_next/static/chunks/node_modules_next_dist_client_0r5nbpw._.js:8207:21)
    at async fetchServerResponse (http://localhost:3000/_next/static/chunks/node_modules_next_dist_client_0r5nbpw._.js:8051:21)
    at async fetchMissingDynamicData (http://localhost:3000/_next/static/chunks/node_modules_next_dist_client_0r5nbpw._.js:9464:24) @ http://localhost:3000/_next/static/chunks/node_modules_next_dist_1ybzpk2._.js:3318
[15204023ms] [ERROR] Failed to load resource: net::ERR_NETWORK_CHANGED @ http://localhost:3000/en/login?reason=idle&_rsc=vC3-Au21QXuX1vqq:0
[15204023ms] [ERROR] Failed to fetch RSC payload for http://localhost:3000/en/login?reason=idle. Falling back to browser navigation. TypeError: Failed to fetch
    at createFetch (http://localhost:3000/_next/static/chunks/node_modules_next_dist_client_0r5nbpw._.js:8207:21)
    at async fetchServerResponse (http://localhost:3000/_next/static/chunks/node_modules_next_dist_client_0r5nbpw._.js:8051:21)
    at async fetchMissingDynamicData (http://localhost:3000/_next/static/chunks/node_modules_next_dist_client_0r5nbpw._.js:9464:24) @ http://localhost:3000/_next/static/chunks/node_modules_next_dist_1ybzpk2._.js:3318
[15204024ms] [ERROR] Failed to load resource: net::ERR_NETWORK_CHANGED @ http://localhost:3000/en/login?reason=idle&_rsc=vC3-Au21QXuX1vqq:0
[15204024ms] [ERROR] Failed to fetch RSC payload for http://localhost:3000/en/login?reason=idle. Falling back to browser navigation. TypeError: Failed to fetch
    at createFetch (http://localhost:3000/_next/static/chunks/node_modules_next_dist_client_0r5nbpw._.js:8207:21)
    at async fetchServerResponse (http://localhost:3000/_next/static/chunks/node_modules_next_dist_client_0r5nbpw._.js:8051:21)
    at async fetchMissingDynamicData (http://localhost:3000/_next/static/chunks/node_modules_next_dist_client_0r5nbpw._.js:9464:24) @ http://localhost:3000/_next/static/chunks/node_modules_next_dist_1ybzpk2._.js:3318
[15204025ms] [ERROR] Failed to load resource: net::ERR_NETWORK_CHANGED @ http://localhost:3000/en/login?reason=idle&_rsc=vC3-Au21QXuX1vqq:0
[15204026ms] [ERROR] Failed to fetch RSC payload for http://localhost:3000/en/login?reason=idle. Falling back to browser navigation. TypeError: Failed to fetch
    at createFetch (http://localhost:3000/_next/static/chunks/node_modules_next_dist_client_0r5nbpw._.js:8207:21)
    at async fetchServerResponse (http://localhost:3000/_next/static/chunks/node_modules_next_dist_client_0r5nbpw._.js:8051:21)
    at async fetchMissingDynamicData (http://localhost:3000/_next/static/chunks/node_modules_next_dist_client_0r5nbpw._.js:9464:24) @ http://localhost:3000/_next/static/chunks/node_modules_next_dist_1ybzpk2._.js:3318
[15204027ms] [ERROR] Failed to load resource: net::ERR_NETWORK_CHANGED @ http://localhost:3000/en/login?reason=idle&_rsc=vC3-Au21QXuX1vqq:0
[15204028ms] [ERROR] Failed to fetch RSC payload for http://localhost:3000/en/login?reason=idle. Falling back to browser navigation. TypeError: Failed to fetch
    at createFetch (http://localhost:3000/_next/static/chunks/node_modules_next_dist_client_0r5nbpw._.js:8207:21)
    at async fetchServerResponse (http://localhost:3000/_next/static/chunks/node_modules_next_dist_client_0r5nbpw._.js:8051:21)
    at async fetchMissingDynamicData (http://localhost:3000/_next/static/chunks/node_modules_next_dist_client_0r5nbpw._.js:9464:24) @ http://localhost:3000/_next/static/chunks/node_modules_next_dist_1ybzpk2._.js:3318
[15204029ms] [ERROR] Failed to load resource: net::ERR_NETWORK_CHANGED @ http://localhost:3000/en/login?reason=idle&_rsc=vC3-Au21QXuX1vqq:0
[15204029ms] [ERROR] Failed to fetch RSC payload for http://localhost:3000/en/login?reason=idle. Falling back to browser navigation. TypeError: Failed to fetch
    at createFetch (http://localhost:3000/_next/static/chunks/node_modules_next_dist_client_0r5nbpw._.js:8207:21)
    at async fetchServerResponse (http://localhost:3000/_next/static/chunks/node_modules_next_dist_client_0r5nbpw._.js:8051:21)
    at async fetchMissingDynamicData (http://localhost:3000/_next/static/chunks/node_modules_next_dist_client_0r5nbpw._.js:9464:24) @ http://localhost:3000/_next/static/chunks/node_modules_next_dist_1ybzpk2._.js:3318
[15204031ms] [ERROR] Failed to load resource: net::ERR_NETWORK_CHANGED @ http://localhost:3000/en/login?reason=idle&_rsc=vC3-Au21QXuX1vqq:0
[15204032ms] [ERROR] Failed to fetch RSC payload for http://localhost:3000/en/login?reason=idle. Falling back to browser navigation. TypeError: Failed to fetch
    at createFetch (http://localhost:3000/_next/static/chunks/node_modules_next_dist_client_0r5nbpw._.js:8207:21)
    at async fetchServerResponse (http://localhost:3000/_next/static/chunks/node_modules_next_dist_client_0r5nbpw._.js:8051:21)
    at async fetchMissingDynamicData (http://localhost:3000/_next/static/chunks/node_modules_next_dist_client_0r5nbpw._.js:9464:24) @ http://localhost:3000/_next/static/chunks/node_modules_next_dist_1ybzpk2._.js:3318
[15204033ms] [ERROR] Failed to load resource: net::ERR_NETWORK_CHANGED @ http://localhost:3000/en/login?reason=idle&_rsc=vC3-Au21QXuX1vqq:0
[15204034ms] [ERROR] Failed to fetch RSC payload for http://localhost:3000/en/login?reason=idle. Falling back to browser navigation. TypeError: Failed to fetch
    at createFetch (http://localhost:3000/_next/static/chunks/node_modules_next_dist_client_0r5nbpw._.js:8207:21)
    at async fetchServerResponse (http://localhost:3000/_next/static/chunks/node_modules_next_dist_client_0r5nbpw._.js:8051:21)
    at async fetchMissingDynamicData (http://localhost:3000/_next/static/chunks/node_modules_next_dist_client_0r5nbpw._.js:9464:24) @ http://localhost:3000/_next/static/chunks/node_modules_next_dist_1ybzpk2._.js:3318
[15204035ms] [ERROR] Failed to load resource: net::ERR_NETWORK_CHANGED @ http://localhost:3000/en/login?reason=idle&_rsc=vC3-Au21QXuX1vqq:0
[15204035ms] [ERROR] Failed to fetch RSC payload for http://localhost:3000/en/login?reason=idle. Falling back to browser navigation. TypeError: Failed to fetch
    at createFetch (http://localhost:3000/_next/static/chunks/node_modules_next_dist_client_0r5nbpw._.js:8207:21)
    at async fetchServerResponse (http://localhost:3000/_next/static/chunks/node_modules_next_dist_client_0r5nbpw._.js:8051:21)
    at async fetchMissingDynamicData (http://localhost:3000/_next/static/chunks/node_modules_next_dist_client_0r5nbpw._.js:9464:24) @ http://localhost:3000/_next/static/chunks/node_modules_next_dist_1ybzpk2._.js:3318
[15204037ms] [ERROR] Failed to load resource: net::ERR_NETWORK_CHANGED @ http://localhost:3000/en/login?reason=idle&_rsc=vC3-Au21QXuX1vqq:0
[15204037ms] [ERROR] Failed to fetch RSC payload for http://localhost:3000/en/login?reason=idle. Falling back to browser navigation. TypeError: Failed to fetch
    at createFetch (http://localhost:3000/_next/static/chunks/node_modules_next_dist_client_0r5nbpw._.js:8207:21)
    at async fetchServerResponse (http://localhost:3000/_next/static/chunks/node_modules_next_dist_client_0r5nbpw._.js:8051:21)
    at async fetchMissingDynamicData (http://localhost:3000/_next/static/chunks/node_modules_next_dist_client_0r5nbpw._.js:9464:24) @ http://localhost:3000/_next/static/chunks/node_modules_next_dist_1ybzpk2._.js:3318
[15204038ms] [ERROR] Failed to load resource: net::ERR_NETWORK_CHANGED @ http://localhost:3000/en/login?reason=idle&_rsc=vC3-Au21QXuX1vqq:0
[15204038ms] [ERROR] Failed to fetch RSC payload for http://localhost:3000/en/login?reason=idle. Falling back to browser navigation. TypeError: Failed to fetch
    at createFetch (http://localhost:3000/_next/static/chunks/node_modules_next_dist_client_0r5nbpw._.js:8207:21)
    at async fetchServerResponse (http://localhost:3000/_next/static/chunks/node_modules_next_dist_client_0r5nbpw._.js:8051:21)
    at async fetchMissingDynamicData (http://localhost:3000/_next/static/chunks/node_modules_next_dist_client_0r5nbpw._.js:9464:24) @ http://localhost:3000/_next/static/chunks/node_modules_next_dist_1ybzpk2._.js:3318
[15204039ms] [ERROR] Failed to load resource: net::ERR_NETWORK_CHANGED @ http://localhost:3000/en/login?reason=idle&_rsc=vC3-Au21QXuX1vqq:0
[15204039ms] [ERROR] Failed to fetch RSC payload for http://localhost:3000/en/login?reason=idle. Falling back to browser navigation. TypeError: Failed to fetch
    at createFetch (http://localhost:3000/_next/static/chunks/node_modules_next_dist_client_0r5nbpw._.js:8207:21)
    at async fetchServerResponse (http://localhost:3000/_next/static/chunks/node_modules_next_dist_client_0r5nbpw._.js:8051:21)
    at async fetchMissingDynamicData (http://localhost:3000/_next/static/chunks/node_modules_next_dist_client_0r5nbpw._.js:9464:24) @ http://localhost:3000/_next/static/chunks/node_modules_next_dist_1ybzpk2._.js:3318
[15204040ms] [ERROR] Failed to load resource: net::ERR_NETWORK_CHANGED @ http://localhost:3000/en/login?reason=idle&_rsc=vC3-Au21QXuX1vqq:0
[15204040ms] [ERROR] Failed to fetch RSC payload for http://localhost:3000/en/login?reason=idle. Falling back to browser navigation. TypeError: Failed to fetch
    at createFetch (http://localhost:3000/_next/static/chunks/node_modules_next_dist_client_0r5nbpw._.js:8207:21)
    at async fetchServerResponse (http://localhost:3000/_next/static/chunks/node_modules_next_dist_client_0r5nbpw._.js:8051:21)
    at async fetchMissingDynamicData (http://localhost:3000/_next/static/chunks/node_modules_next_dist_client_0r5nbpw._.js:9464:24) @ http://localhost:3000/_next/static/chunks/node_modules_next_dist_1ybzpk2._.js:3318
[15204040ms] [ERROR] Failed to load resource: net::ERR_NETWORK_CHANGED @ http://localhost:3000/en/login?reason=idle&_rsc=vC3-Au21QXuX1vqq:0
[15204041ms] [ERROR] Failed to fetch RSC payload for http://localhost:3000/en/login?reason=idle. Falling back to browser navigation. TypeError: Failed to fetch
    at createFetch (http://localhost:3000/_next/static/chunks/node_modules_next_dist_client_0r5nbpw._.js:8207:21)
    at async fetchServerResponse (http://localhost:3000/_next/static/chunks/node_modules_next_dist_client_0r5nbpw._.js:8051:21)
    at async fetchMissingDynamicData (http://localhost:3000/_next/static/chunks/node_modules_next_dist_client_0r5nbpw._.js:9464:24) @ http://localhost:3000/_next/static/chunks/node_modules_next_dist_1ybzpk2._.js:3318
[15204042ms] [ERROR] Failed to load resource: net::ERR_NETWORK_CHANGED @ http://localhost:3000/en/login?reason=idle&_rsc=vC3-Au21QXuX1vqq:0
[15204042ms] [ERROR] Failed to fetch RSC payload for http://localhost:3000/en/login?reason=idle. Falling back to browser navigation. TypeError: Failed to fetch
    at createFetch (http://localhost:3000/_next/static/chunks/node_modules_next_dist_client_0r5nbpw._.js:8207:21)
    at async fetchServerResponse (http://localhost:3000/_next/static/chunks/node_modules_next_dist_client_0r5nbpw._.js:8051:21)
    at async fetchMissingDynamicData (http://localhost:3000/_next/static/chunks/node_modules_next_dist_client_0r5nbpw._.js:9464:24) @ http://localhost:3000/_next/static/chunks/node_modules_next_dist_1ybzpk2._.js:3318
[15204043ms] [ERROR] Failed to load resource: net::ERR_NETWORK_CHANGED @ http://localhost:3000/en/login?reason=idle&_rsc=vC3-Au21QXuX1vqq:0
[15204044ms] [ERROR] Failed to fetch RSC payload for http://localhost:3000/en/login?reason=idle. Falling back to browser navigation. TypeError: Failed to fetch
    at createFetch (http://localhost:3000/_next/static/chunks/node_modules_next_dist_client_0r5nbpw._.js:8207:21)
    at async fetchServerResponse (http://localhost:3000/_next/static/chunks/node_modules_next_dist_client_0r5nbpw._.js:8051:21)
    at async fetchMissingDynamicData (http://localhost:3000/_next/static/chunks/node_modules_next_dist_client_0r5nbpw._.js:9464:24) @ http://localhost:3000/_next/static/chunks/node_modules_next_dist_1ybzpk2._.js:3318
[15204045ms] [ERROR] Failed to load resource: net::ERR_NETWORK_CHANGED @ http://localhost:3000/en/login?reason=idle&_rsc=vC3-Au21QXuX1vqq:0
[15204045ms] [ERROR] Failed to fetch RSC payload for http://localhost:3000/en/login?reason=idle. Falling back to browser navigation. TypeError: Failed to fetch
    at createFetch (http://localhost:3000/_next/static/chunks/node_modules_next_dist_client_0r5nbpw._.js:8207:21)
    at async fetchServerResponse (http://localhost:3000/_next/static/chunks/node_modules_next_dist_client_0r5nbpw._.js:8051:21)
    at async fetchMissingDynamicData (http://localhost:3000/_next/static/chunks/node_modules_next_dist_client_0r5nbpw._.js:9464:24) @ http://localhost:3000/_next/static/chunks/node_modules_next_dist_1ybzpk2._.js:3318
[15204047ms] [ERROR] Failed to load resource: net::ERR_NETWORK_CHANGED @ http://localhost:3000/en/login?reason=idle&_rsc=vC3-Au21QXuX1vqq:0
[15204047ms] [ERROR] Failed to fetch RSC payload for http://localhost:3000/en/login?reason=idle. Falling back to browser navigation. TypeError: Failed to fetch
    at createFetch (http://localhost:3000/_next/static/chunks/node_modules_next_dist_client_0r5nbpw._.js:8207:21)
    at async fetchServerResponse (http://localhost:3000/_next/static/chunks/node_modules_next_dist_client_0r5nbpw._.js:8051:21)
    at async fetchMissingDynamicData (http://localhost:3000/_next/static/chunks/node_modules_next_dist_client_0r5nbpw._.js:9464:24) @ http://localhost:3000/_next/static/chunks/node_modules_next_dist_1ybzpk2._.js:3318
[15204048ms] [ERROR] Failed to load resource: net::ERR_NETWORK_CHANGED @ http://localhost:3000/en/login?reason=idle&_rsc=vC3-Au21QXuX1vqq:0
[15204048ms] [ERROR] Failed to fetch RSC payload for http://localhost:3000/en/login?reason=idle. Falling back to browser navigation. TypeError: Failed to fetch
    at createFetch (http://localhost:3000/_next/static/chunks/node_modules_next_dist_client_0r5nbpw._.js:8207:21)
    at async fetchServerResponse (http://localhost:3000/_next/static/chunks/node_modules_next_dist_client_0r5nbpw._.js:8051:21)
    at async fetchMissingDynamicData (http://localhost:3000/_next/static/chunks/node_modules_next_dist_client_0r5nbpw._.js:9464:24) @ http://localhost:3000/_next/static/chunks/node_modules_next_dist_1ybzpk2._.js:3318
[15204048ms] [ERROR] Failed to load resource: net::ERR_NETWORK_CHANGED @ http://localhost:3000/en/login?reason=idle&_rsc=vC3-Au21QXuX1vqq:0
[15204049ms] [ERROR] Failed to fetch RSC payload for http://localhost:3000/en/login?reason=idle. Falling back to browser navigation. TypeError: Failed to fetch
    at createFetch (http://localhost:3000/_next/static/chunks/node_modules_next_dist_client_0r5nbpw._.js:8207:21)
    at async fetchServerResponse (http://localhost:3000/_next/static/chunks/node_modules_next_dist_client_0r5nbpw._.js:8051:21)
    at async fetchMissingDynamicData (http://localhost:3000/_next/static/chunks/node_modules_next_dist_client_0r5nbpw._.js:9464:24) @ http://localhost:3000/_next/static/chunks/node_modules_next_dist_1ybzpk2._.js:3318
[15204050ms] [ERROR] Failed to load resource: net::ERR_NETWORK_CHANGED @ http://localhost:3000/en/login?reason=idle&_rsc=vC3-Au21QXuX1vqq:0
[15204050ms] [ERROR] Failed to fetch RSC payload for http://localhost:3000/en/login?reason=idle. Falling back to browser navigation. TypeError: Failed to fetch
    at createFetch (http://localhost:3000/_next/static/chunks/node_modules_next_dist_client_0r5nbpw._.js:8207:21)
    at async fetchServerResponse (http://localhost:3000/_next/static/chunks/node_modules_next_dist_client_0r5nbpw._.js:8051:21)
    at async fetchMissingDynamicData (http://localhost:3000/_next/static/chunks/node_modules_next_dist_client_0r5nbpw._.js:9464:24) @ http://localhost:3000/_next/static/chunks/node_modules_next_dist_1ybzpk2._.js:3318
[15204051ms] [ERROR] Failed to load resource: net::ERR_NETWORK_CHANGED @ http://localhost:3000/en/login?reason=idle&_rsc=vC3-Au21QXuX1vqq:0
[15204051ms] [ERROR] Failed to fetch RSC payload for http://localhost:3000/en/login?reason=idle. Falling back to browser navigation. TypeError: Failed to fetch
    at createFetch (http://localhost:3000/_next/static/chunks/node_modules_next_dist_client_0r5nbpw._.js:8207:21)
    at async fetchServerResponse (http://localhost:3000/_next/static/chunks/node_modules_next_dist_client_0r5nbpw._.js:8051:21)
    at async fetchMissingDynamicData (http://localhost:3000/_next/static/chunks/node_modules_next_dist_client_0r5nbpw._.js:9464:24) @ http://localhost:3000/_next/static/chunks/node_modules_next_dist_1ybzpk2._.js:3318
[15204052ms] [ERROR] Failed to load resource: net::ERR_NETWORK_CHANGED @ http://localhost:3000/en/login?reason=idle&_rsc=vC3-Au21QXuX1vqq:0
[15204052ms] [ERROR] Failed to fetch RSC payload for http://localhost:3000/en/login?reason=idle. Falling back to browser navigation. TypeError: Failed to fetch
    at createFetch (http://localhost:3000/_next/static/chunks/node_modules_next_dist_client_0r5nbpw._.js:8207:21)
    at async fetchServerResponse (http://localhost:3000/_next/static/chunks/node_modules_next_dist_client_0r5nbpw._.js:8051:21)
    at async fetchMissingDynamicData (http://localhost:3000/_next/static/chunks/node_modules_next_dist_client_0r5nbpw._.js:9464:24) @ http://localhost:3000/_next/static/chunks/node_modules_next_dist_1ybzpk2._.js:3318
[15204052ms] [ERROR] Failed to load resource: net::ERR_NETWORK_CHANGED @ http://localhost:3000/en/login?reason=idle&_rsc=vC3-Au21QXuX1vqq:0
[15204052ms] [ERROR] Failed to fetch RSC payload for http://localhost:3000/en/login?reason=idle. Falling back to browser navigation. TypeError: Failed to fetch
    at createFetch (http://localhost:3000/_next/static/chunks/node_modules_next_dist_client_0r5nbpw._.js:8207:21)
    at async fetchServerResponse (http://localhost:3000/_next/static/chunks/node_modules_next_dist_client_0r5nbpw._.js:8051:21)
    at async fetchMissingDynamicData (http://localhost:3000/_next/static/chunks/node_modules_next_dist_client_0r5nbpw._.js:9464:24) @ http://localhost:3000/_next/static/chunks/node_modules_next_dist_1ybzpk2._.js:3318
[15204053ms] [ERROR] Failed to load resource: net::ERR_NETWORK_CHANGED @ http://localhost:3000/en/login?reason=idle&_rsc=vC3-Au21QXuX1vqq:0
[15204053ms] [ERROR] Failed to fetch RSC payload for http://localhost:3000/en/login?reason=idle. Falling back to browser navigation. TypeError: Failed to fetch
    at createFetch (http://localhost:3000/_next/static/chunks/node_modules_next_dist_client_0r5nbpw._.js:8207:21)
    at async fetchServerResponse (http://localhost:3000/_next/static/chunks/node_modules_next_dist_client_0r5nbpw._.js:8051:21)
    at async fetchMissingDynamicData (http://localhost:3000/_next/static/chunks/node_modules_next_dist_client_0r5nbpw._.js:9464:24) @ http://localhost:3000/_next/static/chunks/node_modules_next_dist_1ybzpk2._.js:3318
[15204054ms] [ERROR] Failed to load resource: net::ERR_NETWORK_CHANGED @ http://localhost:3000/en/login?reason=idle&_rsc=vC3-Au21QXuX1vqq:0
[15204054ms] [ERROR] Failed to fetch RSC payload for http://localhost:3000/en/login?reason=idle. Falling back to browser navigation. TypeError: Failed to fetch
    at createFetch (http://localhost:3000/_next/static/chunks/node_modules_next_dist_client_0r5nbpw._.js:8207:21)
    at async fetchServerResponse (http://localhost:3000/_next/static/chunks/node_modules_next_dist_client_0r5nbpw._.js:8051:21)
    at async fetchMissingDynamicData (http://localhost:3000/_next/static/chunks/node_modules_next_dist_client_0r5nbpw._.js:9464:24) @ http://localhost:3000/_next/static/chunks/node_modules_next_dist_1ybzpk2._.js:3318
[15204055ms] [ERROR] Failed to load resource: net::ERR_NETWORK_CHANGED @ http://localhost:3000/en/login?reason=idle&_rsc=vC3-Au21QXuX1vqq:0
[15204055ms] [ERROR] Failed to fetch RSC payload for http://localhost:3000/en/login?reason=idle. Falling back to browser navigation. TypeError: Failed to fetch
    at createFetch (http://localhost:3000/_next/static/chunks/node_modules_next_dist_client_0r5nbpw._.js:8207:21)
    at async fetchServerResponse (http://localhost:3000/_next/static/chunks/node_modules_next_dist_client_0r5nbpw._.js:8051:21)
    at async fetchMissingDynamicData (http://localhost:3000/_next/static/chunks/node_modules_next_dist_client_0r5nbpw._.js:9464:24) @ http://localhost:3000/_next/static/chunks/node_modules_next_dist_1ybzpk2._.js:3318
[15204055ms] [ERROR] Failed to load resource: net::ERR_NETWORK_CHANGED @ http://localhost:3000/en/login?reason=idle&_rsc=vC3-Au21QXuX1vqq:0
[15204056ms] [ERROR] Failed to fetch RSC payload for http://localhost:3000/en/login?reason=idle. Falling back to browser navigation. TypeError: Failed to fetch
    at createFetch (http://localhost:3000/_next/static/chunks/node_modules_next_dist_client_0r5nbpw._.js:8207:21)
    at async fetchServerResponse (http://localhost:3000/_next/static/chunks/node_modules_next_dist_client_0r5nbpw._.js:8051:21)
    at async fetchMissingDynamicData (http://localhost:3000/_next/static/chunks/node_modules_next_dist_client_0r5nbpw._.js:9464:24) @ http://localhost:3000/_next/static/chunks/node_modules_next_dist_1ybzpk2._.js:3318
[15204056ms] [ERROR] Failed to load resource: net::ERR_NETWORK_CHANGED @ http://localhost:3000/en/login?reason=idle&_rsc=vC3-Au21QXuX1vqq:0
[15204056ms] [ERROR] Failed to fetch RSC payload for http://localhost:3000/en/login?reason=idle. Falling back to browser navigation. TypeError: Failed to fetch
    at createFetch (http://localhost:3000/_next/static/chunks/node_modules_next_dist_client_0r5nbpw._.js:8207:21)
    at async fetchServerResponse (http://localhost:3000/_next/static/chunks/node_modules_next_dist_client_0r5nbpw._.js:8051:21)
    at async fetchMissingDynamicData (http://localhost:3000/_next/static/chunks/node_modules_next_dist_client_0r5nbpw._.js:9464:24) @ http://localhost:3000/_next/static/chunks/node_modules_next_dist_1ybzpk2._.js:3318
[15204058ms] [ERROR] Failed to load resource: net::ERR_NETWORK_CHANGED @ http://localhost:3000/en/login?reason=idle&_rsc=vC3-Au21QXuX1vqq:0
[15204058ms] [ERROR] Failed to fetch RSC payload for http://localhost:3000/en/login?reason=idle. Falling back to browser navigation. TypeError: Failed to fetch
    at createFetch (http://localhost:3000/_next/static/chunks/node_modules_next_dist_client_0r5nbpw._.js:8207:21)
    at async fetchServerResponse (http://localhost:3000/_next/static/chunks/node_modules_next_dist_client_0r5nbpw._.js:8051:21)
    at async fetchMissingDynamicData (http://localhost:3000/_next/static/chunks/node_modules_next_dist_client_0r5nbpw._.js:9464:24) @ http://localhost:3000/_next/static/chunks/node_modules_next_dist_1ybzpk2._.js:3318
[15204058ms] [ERROR] Failed to load resource: net::ERR_NETWORK_CHANGED @ http://localhost:3000/en/login?reason=idle&_rsc=vC3-Au21QXuX1vqq:0
[15204059ms] [ERROR] Failed to fetch RSC payload for http://localhost:3000/en/login?reason=idle. Falling back to browser navigation. TypeError: Failed to fetch
    at createFetch (http://localhost:3000/_next/static/chunks/node_modules_next_dist_client_0r5nbpw._.js:8207:21)
    at async fetchServerResponse (http://localhost:3000/_next/static/chunks/node_modules_next_dist_client_0r5nbpw._.js:8051:21)
    at async fetchMissingDynamicData (http://localhost:3000/_next/static/chunks/node_modules_next_dist_client_0r5nbpw._.js:9464:24) @ http://localhost:3000/_next/static/chunks/node_modules_next_dist_1ybzpk2._.js:3318
[15204059ms] [ERROR] Failed to load resource: net::ERR_NETWORK_CHANGED @ http://localhost:3000/en/login?reason=idle&_rsc=vC3-Au21QXuX1vqq:0
[15204060ms] [ERROR] Failed to fetch RSC payload for http://localhost:3000/en/login?reason=idle. Falling back to browser navigation. TypeError: Failed to fetch
    at createFetch (http://localhost:3000/_next/static/chunks/node_modules_next_dist_client_0r5nbpw._.js:8207:21)
    at async fetchServerResponse (http://localhost:3000/_next/static/chunks/node_modules_next_dist_client_0r5nbpw._.js:8051:21)
    at async fetchMissingDynamicData (http://localhost:3000/_next/static/chunks/node_modules_next_dist_client_0r5nbpw._.js:9464:24) @ http://localhost:3000/_next/static/chunks/node_modules_next_dist_1ybzpk2._.js:3318
[15204060ms] [ERROR] Failed to load resource: net::ERR_NETWORK_CHANGED @ http://localhost:3000/en/login?reason=idle&_rsc=vC3-Au21QXuX1vqq:0
[15204060ms] [ERROR] Failed to fetch RSC payload for http://localhost:3000/en/login?reason=idle. Falling back to browser navigation. TypeError: Failed to fetch
    at createFetch (http://localhost:3000/_next/static/chunks/node_modules_next_dist_client_0r5nbpw._.js:8207:21)
    at async fetchServerResponse (http://localhost:3000/_next/static/chunks/node_modules_next_dist_client_0r5nbpw._.js:8051:21)
    at async fetchMissingDynamicData (http://localhost:3000/_next/static/chunks/node_modules_next_dist_client_0r5nbpw._.js:9464:24) @ http://localhost:3000/_next/static/chunks/node_modules_next_dist_1ybzpk2._.js:3318
[15204061ms] [ERROR] Failed to load resource: net::ERR_NETWORK_CHANGED @ http://localhost:3000/en/login?reason=idle&_rsc=vC3-Au21QXuX1vqq:0
[15204061ms] [ERROR] Failed to fetch RSC payload for http://localhost:3000/en/login?reason=idle. Falling back to browser navigation. TypeError: Failed to fetch
    at createFetch (http://localhost:3000/_next/static/chunks/node_modules_next_dist_client_0r5nbpw._.js:8207:21)
    at async fetchServerResponse (http://localhost:3000/_next/static/chunks/node_modules_next_dist_client_0r5nbpw._.js:8051:21)
    at async fetchMissingDynamicData (http://localhost:3000/_next/static/chunks/node_modules_next_dist_client_0r5nbpw._.js:9464:24) @ http://localhost:3000/_next/static/chunks/node_modules_next_dist_1ybzpk2._.js:3318
[15204061ms] [ERROR] Failed to load resource: net::ERR_NETWORK_CHANGED @ http://localhost:3000/en/login?reason=idle&_rsc=vC3-Au21QXuX1vqq:0
[15204061ms] [ERROR] Failed to fetch RSC payload for http://localhost:3000/en/login?reason=idle. Falling back to browser navigation. TypeError: Failed to fetch
    at createFetch (http://localhost:3000/_next/static/chunks/node_modules_next_dist_client_0r5nbpw._.js:8207:21)
    at async fetchServerResponse (http://localhost:3000/_next/static/chunks/node_modules_next_dist_client_0r5nbpw._.js:8051:21)
    at async fetchMissingDynamicData (http://localhost:3000/_next/static/chunks/node_modules_next_dist_client_0r5nbpw._.js:9464:24) @ http://localhost:3000/_next/static/chunks/node_modules_next_dist_1ybzpk2._.js:3318
[15204062ms] [ERROR] Failed to load resource: net::ERR_NETWORK_CHANGED @ http://localhost:3000/en/login?reason=idle&_rsc=vC3-Au21QXuX1vqq:0
[15204063ms] [ERROR] Failed to fetch RSC payload for http://localhost:3000/en/login?reason=idle. Falling back to browser navigation. TypeError: Failed to fetch
    at createFetch (http://localhost:3000/_next/static/chunks/node_modules_next_dist_client_0r5nbpw._.js:8207:21)
    at async fetchServerResponse (http://localhost:3000/_next/static/chunks/node_modules_next_dist_client_0r5nbpw._.js:8051:21)
    at async fetchMissingDynamicData (http://localhost:3000/_next/static/chunks/node_modules_next_dist_client_0r5nbpw._.js:9464:24) @ http://localhost:3000/_next/static/chunks/node_modules_next_dist_1ybzpk2._.js:3318
[15204063ms] [ERROR] Failed to load resource: net::ERR_NETWORK_CHANGED @ http://localhost:3000/en/login?reason=idle&_rsc=vC3-Au21QXuX1vqq:0
[15204063ms] [ERROR] Failed to fetch RSC payload for http://localhost:3000/en/login?reason=idle. Falling back to browser navigation. TypeError: Failed to fetch
    at createFetch (http://localhost:3000/_next/static/chunks/node_modules_next_dist_client_0r5nbpw._.js:8207:21)
    at async fetchServerResponse (http://localhost:3000/_next/static/chunks/node_modules_next_dist_client_0r5nbpw._.js:8051:21)
    at async fetchMissingDynamicData (http://localhost:3000/_next/static/chunks/node_modules_next_dist_client_0r5nbpw._.js:9464:24) @ http://localhost:3000/_next/static/chunks/node_modules_next_dist_1ybzpk2._.js:3318
[15204064ms] [ERROR] Failed to load resource: net::ERR_NETWORK_CHANGED @ http://localhost:3000/en/login?reason=idle&_rsc=vC3-Au21QXuX1vqq:0
[15204064ms] [ERROR] Failed to fetch RSC payload for http://localhost:3000/en/login?reason=idle. Falling back to browser navigation. TypeError: Failed to fetch
    at createFetch (http://localhost:3000/_next/static/chunks/node_modules_next_dist_client_0r5nbpw._.js:8207:21)
    at async fetchServerResponse (http://localhost:3000/_next/static/chunks/node_modules_next_dist_client_0r5nbpw._.js:8051:21)
    at async fetchMissingDynamicData (http://localhost:3000/_next/static/chunks/node_modules_next_dist_client_0r5nbpw._.js:9464:24) @ http://localhost:3000/_next/static/chunks/node_modules_next_dist_1ybzpk2._.js:3318
[15204065ms] [ERROR] Failed to load resource: net::ERR_NETWORK_CHANGED @ http://localhost:3000/en/login?reason=idle&_rsc=vC3-Au21QXuX1vqq:0
[15204065ms] [ERROR] Failed to fetch RSC payload for http://localhost:3000/en/login?reason=idle. Falling back to browser navigation. TypeError: Failed to fetch
    at createFetch (http://localhost:3000/_next/static/chunks/node_modules_next_dist_client_0r5nbpw._.js:8207:21)
    at async fetchServerResponse (http://localhost:3000/_next/static/chunks/node_modules_next_dist_client_0r5nbpw._.js:8051:21)
    at async fetchMissingDynamicData (http://localhost:3000/_next/static/chunks/node_modules_next_dist_client_0r5nbpw._.js:9464:24) @ http://localhost:3000/_next/static/chunks/node_modules_next_dist_1ybzpk2._.js:3318
[15204065ms] [ERROR] Failed to load resource: net::ERR_NETWORK_CHANGED @ http://localhost:3000/en/login?reason=idle&_rsc=vC3-Au21QXuX1vqq:0
[15204065ms] [ERROR] Failed to fetch RSC payload for http://localhost:3000/en/login?reason=idle. Falling back to browser navigation. TypeError: Failed to fetch
    at createFetch (http://localhost:3000/_next/static/chunks/node_modules_next_dist_client_0r5nbpw._.js:8207:21)
    at async fetchServerResponse (http://localhost:3000/_next/static/chunks/node_modules_next_dist_client_0r5nbpw._.js:8051:21)
    at async fetchMissingDynamicData (http://localhost:3000/_next/static/chunks/node_modules_next_dist_client_0r5nbpw._.js:9464:24) @ http://localhost:3000/_next/static/chunks/node_modules_next_dist_1ybzpk2._.js:3318
[15204066ms] [ERROR] Failed to load resource: net::ERR_NETWORK_CHANGED @ http://localhost:3000/en/login?reason=idle&_rsc=vC3-Au21QXuX1vqq:0
[15204067ms] [ERROR] Failed to fetch RSC payload for http://localhost:3000/en/login?reason=idle. Falling back to browser navigation. TypeError: Failed to fetch
    at createFetch (http://localhost:3000/_next/static/chunks/node_modules_next_dist_client_0r5nbpw._.js:8207:21)
    at async fetchServerResponse (http://localhost:3000/_next/static/chunks/node_modules_next_dist_client_0r5nbpw._.js:8051:21)
    at async fetchMissingDynamicData (http://localhost:3000/_next/static/chunks/node_modules_next_dist_client_0r5nbpw._.js:9464:24) @ http://localhost:3000/_next/static/chunks/node_modules_next_dist_1ybzpk2._.js:3318
[15204068ms] [ERROR] Failed to load resource: net::ERR_NETWORK_CHANGED @ http://localhost:3000/en/login?reason=idle&_rsc=vC3-Au21QXuX1vqq:0
[15204068ms] [ERROR] Failed to fetch RSC payload for http://localhost:3000/en/login?reason=idle. Falling back to browser navigation. TypeError: Failed to fetch
    at createFetch (http://localhost:3000/_next/static/chunks/node_modules_next_dist_client_0r5nbpw._.js:8207:21)
    at async fetchServerResponse (http://localhost:3000/_next/static/chunks/node_modules_next_dist_client_0r5nbpw._.js:8051:21)
    at async fetchMissingDynamicData (http://localhost:3000/_next/static/chunks/node_modules_next_dist_client_0r5nbpw._.js:9464:24) @ http://localhost:3000/_next/static/chunks/node_modules_next_dist_1ybzpk2._.js:3318
[15204069ms] [ERROR] Failed to load resource: net::ERR_NETWORK_CHANGED @ http://localhost:3000/en/login?reason=idle&_rsc=vC3-Au21QXuX1vqq:0
[15204069ms] [ERROR] Failed to fetch RSC payload for http://localhost:3000/en/login?reason=idle. Falling back to browser navigation. TypeError: Failed to fetch
    at createFetch (http://localhost:3000/_next/static/chunks/node_modules_next_dist_client_0r5nbpw._.js:8207:21)
    at async fetchServerResponse (http://localhost:3000/_next/static/chunks/node_modules_next_dist_client_0r5nbpw._.js:8051:21)
    at async fetchMissingDynamicData (http://localhost:3000/_next/static/chunks/node_modules_next_dist_client_0r5nbpw._.js:9464:24) @ http://localhost:3000/_next/static/chunks/node_modules_next_dist_1ybzpk2._.js:3318
[15204070ms] [ERROR] Failed to load resource: net::ERR_NETWORK_CHANGED @ http://localhost:3000/en/login?reason=idle&_rsc=vC3-Au21QXuX1vqq:0
[15204070ms] [ERROR] Failed to fetch RSC payload for http://localhost:3000/en/login?reason=idle. Falling back to browser navigation. TypeError: Failed to fetch
    at createFetch (http://localhost:3000/_next/static/chunks/node_modules_next_dist_client_0r5nbpw._.js:8207:21)
    at async fetchServerResponse (http://localhost:3000/_next/static/chunks/node_modules_next_dist_client_0r5nbpw._.js:8051:21)
    at async fetchMissingDynamicData (http://localhost:3000/_next/static/chunks/node_modules_next_dist_client_0r5nbpw._.js:9464:24) @ http://localhost:3000/_next/static/chunks/node_modules_next_dist_1ybzpk2._.js:3318
[15204071ms] [ERROR] Failed to load resource: net::ERR_NETWORK_CHANGED @ http://localhost:3000/en/login?reason=idle&_rsc=vC3-Au21QXuX1vqq:0
[15204071ms] [ERROR] Failed to fetch RSC payload for http://localhost:3000/en/login?reason=idle. Falling back to browser navigation. TypeError: Failed to fetch
    at createFetch (http://localhost:3000/_next/static/chunks/node_modules_next_dist_client_0r5nbpw._.js:8207:21)
    at async fetchServerResponse (http://localhost:3000/_next/static/chunks/node_modules_next_dist_client_0r5nbpw._.js:8051:21)
    at async fetchMissingDynamicData (http://localhost:3000/_next/static/chunks/node_modules_next_dist_client_0r5nbpw._.js:9464:24) @ http://localhost:3000/_next/static/chunks/node_modules_next_dist_1ybzpk2._.js:3318
[15204072ms] [ERROR] Failed to load resource: net::ERR_NETWORK_CHANGED @ http://localhost:3000/en/login?reason=idle&_rsc=vC3-Au21QXuX1vqq:0
[15204072ms] [ERROR] Failed to fetch RSC payload for http://localhost:3000/en/login?reason=idle. Falling back to browser navigation. TypeError: Failed to fetch
    at createFetch (http://localhost:3000/_next/static/chunks/node_modules_next_dist_client_0r5nbpw._.js:8207:21)
    at async fetchServerResponse (http://localhost:3000/_next/static/chunks/node_modules_next_dist_client_0r5nbpw._.js:8051:21)
    at async fetchMissingDynamicData (http://localhost:3000/_next/static/chunks/node_modules_next_dist_client_0r5nbpw._.js:9464:24) @ http://localhost:3000/_next/static/chunks/node_modules_next_dist_1ybzpk2._.js:3318
[15204073ms] [ERROR] Failed to load resource: net::ERR_NETWORK_CHANGED @ http://localhost:3000/en/login?reason=idle&_rsc=vC3-Au21QXuX1vqq:0
[15204073ms] [ERROR] Failed to fetch RSC payload for http://localhost:3000/en/login?reason=idle. Falling back to browser navigation. TypeError: Failed to fetch
    at createFetch (http://localhost:3000/_next/static/chunks/node_modules_next_dist_client_0r5nbpw._.js:8207:21)
    at async fetchServerResponse (http://localhost:3000/_next/static/chunks/node_modules_next_dist_client_0r5nbpw._.js:8051:21)
    at async fetchMissingDynamicData (http://localhost:3000/_next/static/chunks/node_modules_next_dist_client_0r5nbpw._.js:9464:24) @ http://localhost:3000/_next/static/chunks/node_modules_next_dist_1ybzpk2._.js:3318
[15204073ms] [ERROR] Failed to load resource: net::ERR_NETWORK_CHANGED @ http://localhost:3000/en/login?reason=idle&_rsc=vC3-Au21QXuX1vqq:0
[15204073ms] [ERROR] Failed to fetch RSC payload for http://localhost:3000/en/login?reason=idle. Falling back to browser navigation. TypeError: Failed to fetch
    at createFetch (http://localhost:3000/_next/static/chunks/node_modules_next_dist_client_0r5nbpw._.js:8207:21)
    at async fetchServerResponse (http://localhost:3000/_next/static/chunks/node_modules_next_dist_client_0r5nbpw._.js:8051:21)
    at async fetchMissingDynamicData (http://localhost:3000/_next/static/chunks/node_modules_next_dist_client_0r5nbpw._.js:9464:24) @ http://localhost:3000/_next/static/chunks/node_modules_next_dist_1ybzpk2._.js:3318
[15204074ms] [ERROR] Failed to load resource: net::ERR_NETWORK_CHANGED @ http://localhost:3000/en/login?reason=idle&_rsc=vC3-Au21QXuX1vqq:0
[15204074ms] [ERROR] Failed to fetch RSC payload for http://localhost:3000/en/login?reason=idle. Falling back to browser navigation. TypeError: Failed to fetch
    at createFetch (http://localhost:3000/_next/static/chunks/node_modules_next_dist_client_0r5nbpw._.js:8207:21)
    at async fetchServerResponse (http://localhost:3000/_next/static/chunks/node_modules_next_dist_client_0r5nbpw._.js:8051:21)
    at async fetchMissingDynamicData (http://localhost:3000/_next/static/chunks/node_modules_next_dist_client_0r5nbpw._.js:9464:24) @ http://localhost:3000/_next/static/chunks/node_modules_next_dist_1ybzpk2._.js:3318
[15204075ms] [ERROR] Failed to load resource: net::ERR_NETWORK_CHANGED @ http://localhost:3000/en/login?reason=idle&_rsc=vC3-Au21QXuX1vqq:0
[15204076ms] [ERROR] Failed to fetch RSC payload for http://localhost:3000/en/login?reason=idle. Falling back to browser navigation. TypeError: Failed to fetch
    at createFetch (http://localhost:3000/_next/static/chunks/node_modules_next_dist_client_0r5nbpw._.js:8207:21)
    at async fetchServerResponse (http://localhost:3000/_next/static/chunks/node_modules_next_dist_client_0r5nbpw._.js:8051:21)
    at async fetchMissingDynamicData (http://localhost:3000/_next/static/chunks/node_modules_next_dist_client_0r5nbpw._.js:9464:24) @ http://localhost:3000/_next/static/chunks/node_modules_next_dist_1ybzpk2._.js:3318
[15204077ms] [ERROR] Failed to load resource: net::ERR_NETWORK_CHANGED @ http://localhost:3000/en/login?reason=idle&_rsc=vC3-Au21QXuX1vqq:0
[15204077ms] [ERROR] Failed to fetch RSC payload for http://localhost:3000/en/login?reason=idle. Falling back to browser navigation. TypeError: Failed to fetch
    at createFetch (http://localhost:3000/_next/static/chunks/node_modules_next_dist_client_0r5nbpw._.js:8207:21)
    at async fetchServerResponse (http://localhost:3000/_next/static/chunks/node_modules_next_dist_client_0r5nbpw._.js:8051:21)
    at async fetchMissingDynamicData (http://localhost:3000/_next/static/chunks/node_modules_next_dist_client_0r5nbpw._.js:9464:24) @ http://localhost:3000/_next/static/chunks/node_modules_next_dist_1ybzpk2._.js:3318
[15204078ms] [ERROR] Failed to load resource: net::ERR_NETWORK_CHANGED @ http://localhost:3000/en/login?reason=idle&_rsc=vC3-Au21QXuX1vqq:0
[15204078ms] [ERROR] Failed to fetch RSC payload for http://localhost:3000/en/login?reason=idle. Falling back to browser navigation. TypeError: Failed to fetch
    at createFetch (http://localhost:3000/_next/static/chunks/node_modules_next_dist_client_0r5nbpw._.js:8207:21)
    at async fetchServerResponse (http://localhost:3000/_next/static/chunks/node_modules_next_dist_client_0r5nbpw._.js:8051:21)
    at async fetchMissingDynamicData (http://localhost:3000/_next/static/chunks/node_modules_next_dist_client_0r5nbpw._.js:9464:24) @ http://localhost:3000/_next/static/chunks/node_modules_next_dist_1ybzpk2._.js:3318
[15204078ms] [ERROR] Failed to load resource: net::ERR_NETWORK_CHANGED @ http://localhost:3000/en/login?reason=idle&_rsc=vC3-Au21QXuX1vqq:0
[15204079ms] [ERROR] Failed to fetch RSC payload for http://localhost:3000/en/login?reason=idle. Falling back to browser navigation. TypeError: Failed to fetch
    at createFetch (http://localhost:3000/_next/static/chunks/node_modules_next_dist_client_0r5nbpw._.js:8207:21)
    at async fetchServerResponse (http://localhost:3000/_next/static/chunks/node_modules_next_dist_client_0r5nbpw._.js:8051:21)
    at async fetchMissingDynamicData (http://localhost:3000/_next/static/chunks/node_modules_next_dist_client_0r5nbpw._.js:9464:24) @ http://localhost:3000/_next/static/chunks/node_modules_next_dist_1ybzpk2._.js:3318
[15204080ms] [ERROR] Failed to load resource: net::ERR_NETWORK_CHANGED @ http://localhost:3000/en/login?reason=idle&_rsc=vC3-Au21QXuX1vqq:0
[15204080ms] [ERROR] Failed to fetch RSC payload for http://localhost:3000/en/login?reason=idle. Falling back to browser navigation. TypeError: Failed to fetch
    at createFetch (http://localhost:3000/_next/static/chunks/node_modules_next_dist_client_0r5nbpw._.js:8207:21)
    at async fetchServerResponse (http://localhost:3000/_next/static/chunks/node_modules_next_dist_client_0r5nbpw._.js:8051:21)
    at async fetchMissingDynamicData (http://localhost:3000/_next/static/chunks/node_modules_next_dist_client_0r5nbpw._.js:9464:24) @ http://localhost:3000/_next/static/chunks/node_modules_next_dist_1ybzpk2._.js:3318
[15204080ms] [ERROR] Failed to load resource: net::ERR_NETWORK_CHANGED @ http://localhost:3000/en/login?reason=idle&_rsc=vC3-Au21QXuX1vqq:0
[15204080ms] [ERROR] Failed to fetch RSC payload for http://localhost:3000/en/login?reason=idle. Falling back to browser navigation. TypeError: Failed to fetch
    at createFetch (http://localhost:3000/_next/static/chunks/node_modules_next_dist_client_0r5nbpw._.js:8207:21)
    at async fetchServerResponse (http://localhost:3000/_next/static/chunks/node_modules_next_dist_client_0r5nbpw._.js:8051:21)
    at async fetchMissingDynamicData (http://localhost:3000/_next/static/chunks/node_modules_next_dist_client_0r5nbpw._.js:9464:24) @ http://localhost:3000/_next/static/chunks/node_modules_next_dist_1ybzpk2._.js:3318
[15204082ms] [ERROR] Failed to load resource: net::ERR_NETWORK_CHANGED @ http://localhost:3000/en/login?reason=idle&_rsc=vC3-Au21QXuX1vqq:0
[15204082ms] [ERROR] Failed to fetch RSC payload for http://localhost:3000/en/login?reason=idle. Falling back to browser navigation. TypeError: Failed to fetch
    at createFetch (http://localhost:3000/_next/static/chunks/node_modules_next_dist_client_0r5nbpw._.js:8207:21)
    at async fetchServerResponse (http://localhost:3000/_next/static/chunks/node_modules_next_dist_client_0r5nbpw._.js:8051:21)
    at async fetchMissingDynamicData (http://localhost:3000/_next/static/chunks/node_modules_next_dist_client_0r5nbpw._.js:9464:24) @ http://localhost:3000/_next/static/chunks/node_modules_next_dist_1ybzpk2._.js:3318
[15204083ms] [ERROR] Failed to load resource: net::ERR_NETWORK_CHANGED @ http://localhost:3000/en/login?reason=idle&_rsc=vC3-Au21QXuX1vqq:0
[15204083ms] [ERROR] Failed to fetch RSC payload for http://localhost:3000/en/login?reason=idle. Falling back to browser navigation. TypeError: Failed to fetch
    at createFetch (http://localhost:3000/_next/static/chunks/node_modules_next_dist_client_0r5nbpw._.js:8207:21)
    at async fetchServerResponse (http://localhost:3000/_next/static/chunks/node_modules_next_dist_client_0r5nbpw._.js:8051:21)
    at async fetchMissingDynamicData (http://localhost:3000/_next/static/chunks/node_modules_next_dist_client_0r5nbpw._.js:9464:24) @ http://localhost:3000/_next/static/chunks/node_modules_next_dist_1ybzpk2._.js:3318
[15204084ms] [ERROR] Failed to load resource: net::ERR_NETWORK_CHANGED @ http://localhost:3000/en/login?reason=idle&_rsc=vC3-Au21QXuX1vqq:0
[15204084ms] [ERROR] Failed to fetch RSC payload for http://localhost:3000/en/login?reason=idle. Falling back to browser navigation. TypeError: Failed to fetch
    at createFetch (http://localhost:3000/_next/static/chunks/node_modules_next_dist_client_0r5nbpw._.js:8207:21)
    at async fetchServerResponse (http://localhost:3000/_next/static/chunks/node_modules_next_dist_client_0r5nbpw._.js:8051:21)
    at async fetchMissingDynamicData (http://localhost:3000/_next/static/chunks/node_modules_next_dist_client_0r5nbpw._.js:9464:24) @ http://localhost:3000/_next/static/chunks/node_modules_next_dist_1ybzpk2._.js:3318
[15204085ms] [ERROR] Failed to load resource: net::ERR_NETWORK_CHANGED @ http://localhost:3000/en/login?reason=idle&_rsc=vC3-Au21QXuX1vqq:0
[15204085ms] [ERROR] Failed to fetch RSC payload for http://localhost:3000/en/login?reason=idle. Falling back to browser navigation. TypeError: Failed to fetch
    at createFetch (http://localhost:3000/_next/static/chunks/node_modules_next_dist_client_0r5nbpw._.js:8207:21)
    at async fetchServerResponse (http://localhost:3000/_next/static/chunks/node_modules_next_dist_client_0r5nbpw._.js:8051:21)
    at async fetchMissingDynamicData (http://localhost:3000/_next/static/chunks/node_modules_next_dist_client_0r5nbpw._.js:9464:24) @ http://localhost:3000/_next/static/chunks/node_modules_next_dist_1ybzpk2._.js:3318
[15204085ms] [ERROR] Failed to load resource: net::ERR_NETWORK_CHANGED @ http://localhost:3000/en/login?reason=idle&_rsc=vC3-Au21QXuX1vqq:0
[15204086ms] [ERROR] Failed to fetch RSC payload for http://localhost:3000/en/login?reason=idle. Falling back to browser navigation. TypeError: Failed to fetch
    at createFetch (http://localhost:3000/_next/static/chunks/node_modules_next_dist_client_0r5nbpw._.js:8207:21)
    at async fetchServerResponse (http://localhost:3000/_next/static/chunks/node_modules_next_dist_client_0r5nbpw._.js:8051:21)
    at async fetchMissingDynamicData (http://localhost:3000/_next/static/chunks/node_modules_next_dist_client_0r5nbpw._.js:9464:24) @ http://localhost:3000/_next/static/chunks/node_modules_next_dist_1ybzpk2._.js:3318
[15204086ms] [ERROR] Failed to load resource: net::ERR_NETWORK_CHANGED @ http://localhost:3000/en/login?reason=idle&_rsc=vC3-Au21QXuX1vqq:0
[15204086ms] [ERROR] Failed to fetch RSC payload for http://localhost:3000/en/login?reason=idle. Falling back to browser navigation. TypeError: Failed to fetch
    at createFetch (http://localhost:3000/_next/static/chunks/node_modules_next_dist_client_0r5nbpw._.js:8207:21)
    at async fetchServerResponse (http://localhost:3000/_next/static/chunks/node_modules_next_dist_client_0r5nbpw._.js:8051:21)
    at async fetchMissingDynamicData (http://localhost:3000/_next/static/chunks/node_modules_next_dist_client_0r5nbpw._.js:9464:24) @ http://localhost:3000/_next/static/chunks/node_modules_next_dist_1ybzpk2._.js:3318
[15204087ms] [ERROR] Failed to load resource: net::ERR_NETWORK_CHANGED @ http://localhost:3000/en/login?reason=idle&_rsc=vC3-Au21QXuX1vqq:0
[15204088ms] [ERROR] Failed to fetch RSC payload for http://localhost:3000/en/login?reason=idle. Falling back to browser navigation. TypeError: Failed to fetch
    at createFetch (http://localhost:3000/_next/static/chunks/node_modules_next_dist_client_0r5nbpw._.js:8207:21)
    at async fetchServerResponse (http://localhost:3000/_next/static/chunks/node_modules_next_dist_client_0r5nbpw._.js:8051:21)
    at async fetchMissingDynamicData (http://localhost:3000/_next/static/chunks/node_modules_next_dist_client_0r5nbpw._.js:9464:24) @ http://localhost:3000/_next/static/chunks/node_modules_next_dist_1ybzpk2._.js:3318
[15204089ms] [ERROR] Failed to load resource: net::ERR_NETWORK_CHANGED @ http://localhost:3000/en/login?reason=idle&_rsc=vC3-Au21QXuX1vqq:0
[15204089ms] [ERROR] Failed to fetch RSC payload for http://localhost:3000/en/login?reason=idle. Falling back to browser navigation. TypeError: Failed to fetch
    at createFetch (http://localhost:3000/_next/static/chunks/node_modules_next_dist_client_0r5nbpw._.js:8207:21)
    at async fetchServerResponse (http://localhost:3000/_next/static/chunks/node_modules_next_dist_client_0r5nbpw._.js:8051:21)
    at async fetchMissingDynamicData (http://localhost:3000/_next/static/chunks/node_modules_next_dist_client_0r5nbpw._.js:9464:24) @ http://localhost:3000/_next/static/chunks/node_modules_next_dist_1ybzpk2._.js:3318
[15204090ms] [ERROR] Failed to load resource: net::ERR_NETWORK_CHANGED @ http://localhost:3000/en/login?reason=idle&_rsc=vC3-Au21QXuX1vqq:0
[15204090ms] [ERROR] Failed to fetch RSC payload for http://localhost:3000/en/login?reason=idle. Falling back to browser navigation. TypeError: Failed to fetch
    at createFetch (http://localhost:3000/_next/static/chunks/node_modules_next_dist_client_0r5nbpw._.js:8207:21)
    at async fetchServerResponse (http://localhost:3000/_next/static/chunks/node_modules_next_dist_client_0r5nbpw._.js:8051:21)
    at async fetchMissingDynamicData (http://localhost:3000/_next/static/chunks/node_modules_next_dist_client_0r5nbpw._.js:9464:24) @ http://localhost:3000/_next/static/chunks/node_modules_next_dist_1ybzpk2._.js:3318
[15204091ms] [ERROR] Failed to load resource: net::ERR_NETWORK_CHANGED @ http://localhost:3000/en/login?reason=idle&_rsc=vC3-Au21QXuX1vqq:0
[15204091ms] [ERROR] Failed to fetch RSC payload for http://localhost:3000/en/login?reason=idle. Falling back to browser navigation. TypeError: Failed to fetch
    at createFetch (http://localhost:3000/_next/static/chunks/node_modules_next_dist_client_0r5nbpw._.js:8207:21)
    at async fetchServerResponse (http://localhost:3000/_next/static/chunks/node_modules_next_dist_client_0r5nbpw._.js:8051:21)
    at async fetchMissingDynamicData (http://localhost:3000/_next/static/chunks/node_modules_next_dist_client_0r5nbpw._.js:9464:24) @ http://localhost:3000/_next/static/chunks/node_modules_next_dist_1ybzpk2._.js:3318
[15204092ms] [ERROR] Failed to load resource: net::ERR_NETWORK_CHANGED @ http://localhost:3000/en/login?reason=idle&_rsc=vC3-Au21QXuX1vqq:0
[15204092ms] [ERROR] Failed to fetch RSC payload for http://localhost:3000/en/login?reason=idle. Falling back to browser navigation. TypeError: Failed to fetch
    at createFetch (http://localhost:3000/_next/static/chunks/node_modules_next_dist_client_0r5nbpw._.js:8207:21)
    at async fetchServerResponse (http://localhost:3000/_next/static/chunks/node_modules_next_dist_client_0r5nbpw._.js:8051:21)
    at async fetchMissingDynamicData (http://localhost:3000/_next/static/chunks/node_modules_next_dist_client_0r5nbpw._.js:9464:24) @ http://localhost:3000/_next/static/chunks/node_modules_next_dist_1ybzpk2._.js:3318
[15204093ms] [ERROR] Failed to load resource: net::ERR_NETWORK_CHANGED @ http://localhost:3000/en/login?reason=idle&_rsc=vC3-Au21QXuX1vqq:0
[15204093ms] [ERROR] Failed to fetch RSC payload for http://localhost:3000/en/login?reason=idle. Falling back to browser navigation. TypeError: Failed to fetch
    at createFetch (http://localhost:3000/_next/static/chunks/node_modules_next_dist_client_0r5nbpw._.js:8207:21)
    at async fetchServerResponse (http://localhost:3000/_next/static/chunks/node_modules_next_dist_client_0r5nbpw._.js:8051:21)
    at async fetchMissingDynamicData (http://localhost:3000/_next/static/chunks/node_modules_next_dist_client_0r5nbpw._.js:9464:24) @ http://localhost:3000/_next/static/chunks/node_modules_next_dist_1ybzpk2._.js:3318
[15204094ms] [ERROR] Failed to load resource: net::ERR_NETWORK_CHANGED @ http://localhost:3000/en/login?reason=idle&_rsc=vC3-Au21QXuX1vqq:0
[15204094ms] [ERROR] Failed to fetch RSC payload for http://localhost:3000/en/login?reason=idle. Falling back to browser navigation. TypeError: Failed to fetch
    at createFetch (http://localhost:3000/_next/static/chunks/node_modules_next_dist_client_0r5nbpw._.js:8207:21)
    at async fetchServerResponse (http://localhost:3000/_next/static/chunks/node_modules_next_dist_client_0r5nbpw._.js:8051:21)
    at async fetchMissingDynamicData (http://localhost:3000/_next/static/chunks/node_modules_next_dist_client_0r5nbpw._.js:9464:24) @ http://localhost:3000/_next/static/chunks/node_modules_next_dist_1ybzpk2._.js:3318
[15204094ms] [ERROR] Failed to load resource: net::ERR_NETWORK_CHANGED @ http://localhost:3000/en/login?reason=idle&_rsc=vC3-Au21QXuX1vqq:0
[15204095ms] [ERROR] Failed to fetch RSC payload for http://localhost:3000/en/login?reason=idle. Falling back to browser navigation. TypeError: Failed to fetch
    at createFetch (http://localhost:3000/_next/static/chunks/node_modules_next_dist_client_0r5nbpw._.js:8207:21)
    at async fetchServerResponse (http://localhost:3000/_next/static/chunks/node_modules_next_dist_client_0r5nbpw._.js:8051:21)
    at async fetchMissingDynamicData (http://localhost:3000/_next/static/chunks/node_modules_next_dist_client_0r5nbpw._.js:9464:24) @ http://localhost:3000/_next/static/chunks/node_modules_next_dist_1ybzpk2._.js:3318
[15204095ms] [ERROR] Failed to load resource: net::ERR_NETWORK_CHANGED @ http://localhost:3000/en/login?reason=idle&_rsc=vC3-Au21QXuX1vqq:0
[15204096ms] [ERROR] Failed to fetch RSC payload for http://localhost:3000/en/login?reason=idle. Falling back to browser navigation. TypeError: Failed to fetch
    at createFetch (http://localhost:3000/_next/static/chunks/node_modules_next_dist_client_0r5nbpw._.js:8207:21)
    at async fetchServerResponse (http://localhost:3000/_next/static/chunks/node_modules_next_dist_client_0r5nbpw._.js:8051:21)
    at async fetchMissingDynamicData (http://localhost:3000/_next/static/chunks/node_modules_next_dist_client_0r5nbpw._.js:9464:24) @ http://localhost:3000/_next/static/chunks/node_modules_next_dist_1ybzpk2._.js:3318
[15204096ms] [ERROR] Failed to load resource: net::ERR_NETWORK_CHANGED @ http://localhost:3000/en/login?reason=idle&_rsc=vC3-Au21QXuX1vqq:0
[15204097ms] [ERROR] Failed to fetch RSC payload for http://localhost:3000/en/login?reason=idle. Falling back to browser navigation. TypeError: Failed to fetch
    at createFetch (http://localhost:3000/_next/static/chunks/node_modules_next_dist_client_0r5nbpw._.js:8207:21)
    at async fetchServerResponse (http://localhost:3000/_next/static/chunks/node_modules_next_dist_client_0r5nbpw._.js:8051:21)
    at async fetchMissingDynamicData (http://localhost:3000/_next/static/chunks/node_modules_next_dist_client_0r5nbpw._.js:9464:24) @ http://localhost:3000/_next/static/chunks/node_modules_next_dist_1ybzpk2._.js:3318
[15204097ms] [ERROR] Failed to load resource: net::ERR_NETWORK_CHANGED @ http://localhost:3000/en/login?reason=idle&_rsc=vC3-Au21QXuX1vqq:0
[15204097ms] [ERROR] Failed to fetch RSC payload for http://localhost:3000/en/login?reason=idle. Falling back to browser navigation. TypeError: Failed to fetch
    at createFetch (http://localhost:3000/_next/static/chunks/node_modules_next_dist_client_0r5nbpw._.js:8207:21)
    at async fetchServerResponse (http://localhost:3000/_next/static/chunks/node_modules_next_dist_client_0r5nbpw._.js:8051:21)
    at async fetchMissingDynamicData (http://localhost:3000/_next/static/chunks/node_modules_next_dist_client_0r5nbpw._.js:9464:24) @ http://localhost:3000/_next/static/chunks/node_modules_next_dist_1ybzpk2._.js:3318
[15204098ms] [ERROR] Failed to load resource: net::ERR_NETWORK_CHANGED @ http://localhost:3000/en/login?reason=idle&_rsc=vC3-Au21QXuX1vqq:0
[15204098ms] [ERROR] Failed to fetch RSC payload for http://localhost:3000/en/login?reason=idle. Falling back to browser navigation. TypeError: Failed to fetch
    at createFetch (http://localhost:3000/_next/static/chunks/node_modules_next_dist_client_0r5nbpw._.js:8207:21)
    at async fetchServerResponse (http://localhost:3000/_next/static/chunks/node_modules_next_dist_client_0r5nbpw._.js:8051:21)
    at async fetchMissingDynamicData (http://localhost:3000/_next/static/chunks/node_modules_next_dist_client_0r5nbpw._.js:9464:24) @ http://localhost:3000/_next/static/chunks/node_modules_next_dist_1ybzpk2._.js:3318
[15204100ms] [ERROR] Failed to load resource: net::ERR_NETWORK_CHANGED @ http://localhost:3000/en/login?reason=idle&_rsc=vC3-Au21QXuX1vqq:0
[15204100ms] [ERROR] Failed to fetch RSC payload for http://localhost:3000/en/login?reason=idle. Falling back to browser navigation. TypeError: Failed to fetch
    at createFetch (http://localhost:3000/_next/static/chunks/node_modules_next_dist_client_0r5nbpw._.js:8207:21)
    at async fetchServerResponse (http://localhost:3000/_next/static/chunks/node_modules_next_dist_client_0r5nbpw._.js:8051:21)
    at async fetchMissingDynamicData (http://localhost:3000/_next/static/chunks/node_modules_next_dist_client_0r5nbpw._.js:9464:24) @ http://localhost:3000/_next/static/chunks/node_modules_next_dist_1ybzpk2._.js:3318
[15204101ms] [ERROR] Failed to load resource: net::ERR_NETWORK_CHANGED @ http://localhost:3000/en/login?reason=idle&_rsc=vC3-Au21QXuX1vqq:0
[15204101ms] [ERROR] Failed to fetch RSC payload for http://localhost:3000/en/login?reason=idle. Falling back to browser navigation. TypeError: Failed to fetch
    at createFetch (http://localhost:3000/_next/static/chunks/node_modules_next_dist_client_0r5nbpw._.js:8207:21)
    at async fetchServerResponse (http://localhost:3000/_next/static/chunks/node_modules_next_dist_client_0r5nbpw._.js:8051:21)
    at async fetchMissingDynamicData (http://localhost:3000/_next/static/chunks/node_modules_next_dist_client_0r5nbpw._.js:9464:24) @ http://localhost:3000/_next/static/chunks/node_modules_next_dist_1ybzpk2._.js:3318
[15204101ms] [ERROR] Failed to load resource: net::ERR_NETWORK_CHANGED @ http://localhost:3000/en/login?reason=idle&_rsc=vC3-Au21QXuX1vqq:0
[15204102ms] [ERROR] Failed to fetch RSC payload for http://localhost:3000/en/login?reason=idle. Falling back to browser navigation. TypeError: Failed to fetch
    at createFetch (http://localhost:3000/_next/static/chunks/node_modules_next_dist_client_0r5nbpw._.js:8207:21)
    at async fetchServerResponse (http://localhost:3000/_next/static/chunks/node_modules_next_dist_client_0r5nbpw._.js:8051:21)
    at async fetchMissingDynamicData (http://localhost:3000/_next/static/chunks/node_modules_next_dist_client_0r5nbpw._.js:9464:24) @ http://localhost:3000/_next/static/chunks/node_modules_next_dist_1ybzpk2._.js:3318
[15204102ms] [ERROR] Failed to load resource: net::ERR_NETWORK_CHANGED @ http://localhost:3000/en/login?reason=idle&_rsc=vC3-Au21QXuX1vqq:0
[15204103ms] [ERROR] Failed to fetch RSC payload for http://localhost:3000/en/login?reason=idle. Falling back to browser navigation. TypeError: Failed to fetch
    at createFetch (http://localhost:3000/_next/static/chunks/node_modules_next_dist_client_0r5nbpw._.js:8207:21)
    at async fetchServerResponse (http://localhost:3000/_next/static/chunks/node_modules_next_dist_client_0r5nbpw._.js:8051:21)
    at async fetchMissingDynamicData (http://localhost:3000/_next/static/chunks/node_modules_next_dist_client_0r5nbpw._.js:9464:24) @ http://localhost:3000/_next/static/chunks/node_modules_next_dist_1ybzpk2._.js:3318
[15204103ms] [ERROR] Failed to load resource: net::ERR_NETWORK_CHANGED @ http://localhost:3000/en/login?reason=idle&_rsc=vC3-Au21QXuX1vqq:0
[15204103ms] [ERROR] Failed to fetch RSC payload for http://localhost:3000/en/login?reason=idle. Falling back to browser navigation. TypeError: Failed to fetch
    at createFetch (http://localhost:3000/_next/static/chunks/node_modules_next_dist_client_0r5nbpw._.js:8207:21)
    at async fetchServerResponse (http://localhost:3000/_next/static/chunks/node_modules_next_dist_client_0r5nbpw._.js:8051:21)
    at async fetchMissingDynamicData (http://localhost:3000/_next/static/chunks/node_modules_next_dist_client_0r5nbpw._.js:9464:24) @ http://localhost:3000/_next/static/chunks/node_modules_next_dist_1ybzpk2._.js:3318
[15204104ms] [ERROR] Failed to load resource: net::ERR_NETWORK_CHANGED @ http://localhost:3000/en/login?reason=idle&_rsc=vC3-Au21QXuX1vqq:0
[15204104ms] [ERROR] Failed to fetch RSC payload for http://localhost:3000/en/login?reason=idle. Falling back to browser navigation. TypeError: Failed to fetch
    at createFetch (http://localhost:3000/_next/static/chunks/node_modules_next_dist_client_0r5nbpw._.js:8207:21)
    at async fetchServerResponse (http://localhost:3000/_next/static/chunks/node_modules_next_dist_client_0r5nbpw._.js:8051:21)
    at async fetchMissingDynamicData (http://localhost:3000/_next/static/chunks/node_modules_next_dist_client_0r5nbpw._.js:9464:24) @ http://localhost:3000/_next/static/chunks/node_modules_next_dist_1ybzpk2._.js:3318
[15204105ms] [ERROR] Failed to load resource: net::ERR_NETWORK_CHANGED @ http://localhost:3000/en/login?reason=idle&_rsc=vC3-Au21QXuX1vqq:0
[15204105ms] [ERROR] Failed to fetch RSC payload for http://localhost:3000/en/login?reason=idle. Falling back to browser navigation. TypeError: Failed to fetch
    at createFetch (http://localhost:3000/_next/static/chunks/node_modules_next_dist_client_0r5nbpw._.js:8207:21)
    at async fetchServerResponse (http://localhost:3000/_next/static/chunks/node_modules_next_dist_client_0r5nbpw._.js:8051:21)
    at async fetchMissingDynamicData (http://localhost:3000/_next/static/chunks/node_modules_next_dist_client_0r5nbpw._.js:9464:24) @ http://localhost:3000/_next/static/chunks/node_modules_next_dist_1ybzpk2._.js:3318
[15204106ms] [ERROR] Failed to load resource: net::ERR_NETWORK_CHANGED @ http://localhost:3000/en/login?reason=idle&_rsc=vC3-Au21QXuX1vqq:0
[15204106ms] [ERROR] Failed to fetch RSC payload for http://localhost:3000/en/login?reason=idle. Falling back to browser navigation. TypeError: Failed to fetch
    at createFetch (http://localhost:3000/_next/static/chunks/node_modules_next_dist_client_0r5nbpw._.js:8207:21)
    at async fetchServerResponse (http://localhost:3000/_next/static/chunks/node_modules_next_dist_client_0r5nbpw._.js:8051:21)
    at async fetchMissingDynamicData (http://localhost:3000/_next/static/chunks/node_modules_next_dist_client_0r5nbpw._.js:9464:24) @ http://localhost:3000/_next/static/chunks/node_modules_next_dist_1ybzpk2._.js:3318
[15204107ms] [ERROR] Failed to load resource: net::ERR_NETWORK_CHANGED @ http://localhost:3000/en/login?reason=idle&_rsc=vC3-Au21QXuX1vqq:0
[15204107ms] [ERROR] Failed to fetch RSC payload for http://localhost:3000/en/login?reason=idle. Falling back to browser navigation. TypeError: Failed to fetch
    at createFetch (http://localhost:3000/_next/static/chunks/node_modules_next_dist_client_0r5nbpw._.js:8207:21)
    at async fetchServerResponse (http://localhost:3000/_next/static/chunks/node_modules_next_dist_client_0r5nbpw._.js:8051:21)
    at async fetchMissingDynamicData (http://localhost:3000/_next/static/chunks/node_modules_next_dist_client_0r5nbpw._.js:9464:24) @ http://localhost:3000/_next/static/chunks/node_modules_next_dist_1ybzpk2._.js:3318
[15204108ms] [ERROR] Failed to load resource: net::ERR_NETWORK_CHANGED @ http://localhost:3000/en/login?reason=idle&_rsc=vC3-Au21QXuX1vqq:0
[15204108ms] [ERROR] Failed to fetch RSC payload for http://localhost:3000/en/login?reason=idle. Falling back to browser navigation. TypeError: Failed to fetch
    at createFetch (http://localhost:3000/_next/static/chunks/node_modules_next_dist_client_0r5nbpw._.js:8207:21)
    at async fetchServerResponse (http://localhost:3000/_next/static/chunks/node_modules_next_dist_client_0r5nbpw._.js:8051:21)
    at async fetchMissingDynamicData (http://localhost:3000/_next/static/chunks/node_modules_next_dist_client_0r5nbpw._.js:9464:24) @ http://localhost:3000/_next/static/chunks/node_modules_next_dist_1ybzpk2._.js:3318
[15204109ms] [ERROR] Failed to load resource: net::ERR_NETWORK_CHANGED @ http://localhost:3000/en/login?reason=idle&_rsc=vC3-Au21QXuX1vqq:0
[15204110ms] [ERROR] Failed to fetch RSC payload for http://localhost:3000/en/login?reason=idle. Falling back to browser navigation. TypeError: Failed to fetch
    at createFetch (http://localhost:3000/_next/static/chunks/node_modules_next_dist_client_0r5nbpw._.js:8207:21)
    at async fetchServerResponse (http://localhost:3000/_next/static/chunks/node_modules_next_dist_client_0r5nbpw._.js:8051:21)
    at async fetchMissingDynamicData (http://localhost:3000/_next/static/chunks/node_modules_next_dist_client_0r5nbpw._.js:9464:24) @ http://localhost:3000/_next/static/chunks/node_modules_next_dist_1ybzpk2._.js:3318
[15204111ms] [ERROR] Failed to load resource: net::ERR_NETWORK_CHANGED @ http://localhost:3000/en/login?reason=idle&_rsc=vC3-Au21QXuX1vqq:0
[15204111ms] [ERROR] Failed to fetch RSC payload for http://localhost:3000/en/login?reason=idle. Falling back to browser navigation. TypeError: Failed to fetch
    at createFetch (http://localhost:3000/_next/static/chunks/node_modules_next_dist_client_0r5nbpw._.js:8207:21)
    at async fetchServerResponse (http://localhost:3000/_next/static/chunks/node_modules_next_dist_client_0r5nbpw._.js:8051:21)
    at async fetchMissingDynamicData (http://localhost:3000/_next/static/chunks/node_modules_next_dist_client_0r5nbpw._.js:9464:24) @ http://localhost:3000/_next/static/chunks/node_modules_next_dist_1ybzpk2._.js:3318
[15204112ms] [ERROR] Failed to load resource: net::ERR_NETWORK_CHANGED @ http://localhost:3000/en/login?reason=idle&_rsc=vC3-Au21QXuX1vqq:0
[15204112ms] [ERROR] Failed to fetch RSC payload for http://localhost:3000/en/login?reason=idle. Falling back to browser navigation. TypeError: Failed to fetch
    at createFetch (http://localhost:3000/_next/static/chunks/node_modules_next_dist_client_0r5nbpw._.js:8207:21)
    at async fetchServerResponse (http://localhost:3000/_next/static/chunks/node_modules_next_dist_client_0r5nbpw._.js:8051:21)
    at async fetchMissingDynamicData (http://localhost:3000/_next/static/chunks/node_modules_next_dist_client_0r5nbpw._.js:9464:24) @ http://localhost:3000/_next/static/chunks/node_modules_next_dist_1ybzpk2._.js:3318
[15204113ms] [ERROR] Failed to load resource: net::ERR_NETWORK_CHANGED @ http://localhost:3000/en/login?reason=idle&_rsc=vC3-Au21QXuX1vqq:0
[15204114ms] [ERROR] Failed to fetch RSC payload for http://localhost:3000/en/login?reason=idle. Falling back to browser navigation. TypeError: Failed to fetch
    at createFetch (http://localhost:3000/_next/static/chunks/node_modules_next_dist_client_0r5nbpw._.js:8207:21)
    at async fetchServerResponse (http://localhost:3000/_next/static/chunks/node_modules_next_dist_client_0r5nbpw._.js:8051:21)
    at async fetchMissingDynamicData (http://localhost:3000/_next/static/chunks/node_modules_next_dist_client_0r5nbpw._.js:9464:24) @ http://localhost:3000/_next/static/chunks/node_modules_next_dist_1ybzpk2._.js:3318
[15204115ms] [ERROR] Failed to load resource: net::ERR_NETWORK_CHANGED @ http://localhost:3000/en/login?reason=idle&_rsc=vC3-Au21QXuX1vqq:0
[15204115ms] [ERROR] Failed to fetch RSC payload for http://localhost:3000/en/login?reason=idle. Falling back to browser navigation. TypeError: Failed to fetch
    at createFetch (http://localhost:3000/_next/static/chunks/node_modules_next_dist_client_0r5nbpw._.js:8207:21)
    at async fetchServerResponse (http://localhost:3000/_next/static/chunks/node_modules_next_dist_client_0r5nbpw._.js:8051:21)
    at async fetchMissingDynamicData (http://localhost:3000/_next/static/chunks/node_modules_next_dist_client_0r5nbpw._.js:9464:24) @ http://localhost:3000/_next/static/chunks/node_modules_next_dist_1ybzpk2._.js:3318
[15204116ms] [ERROR] Failed to load resource: net::ERR_NETWORK_CHANGED @ http://localhost:3000/en/login?reason=idle&_rsc=vC3-Au21QXuX1vqq:0
[15204116ms] [ERROR] Failed to fetch RSC payload for http://localhost:3000/en/login?reason=idle. Falling back to browser navigation. TypeError: Failed to fetch
    at createFetch (http://localhost:3000/_next/static/chunks/node_modules_next_dist_client_0r5nbpw._.js:8207:21)
    at async fetchServerResponse (http://localhost:3000/_next/static/chunks/node_modules_next_dist_client_0r5nbpw._.js:8051:21)
    at async fetchMissingDynamicData (http://localhost:3000/_next/static/chunks/node_modules_next_dist_client_0r5nbpw._.js:9464:24) @ http://localhost:3000/_next/static/chunks/node_modules_next_dist_1ybzpk2._.js:3318
[15204118ms] [ERROR] Failed to load resource: net::ERR_NETWORK_CHANGED @ http://localhost:3000/en/login?reason=idle&_rsc=vC3-Au21QXuX1vqq:0
[15204118ms] [ERROR] Failed to fetch RSC payload for http://localhost:3000/en/login?reason=idle. Falling back to browser navigation. TypeError: Failed to fetch
    at createFetch (http://localhost:3000/_next/static/chunks/node_modules_next_dist_client_0r5nbpw._.js:8207:21)
    at async fetchServerResponse (http://localhost:3000/_next/static/chunks/node_modules_next_dist_client_0r5nbpw._.js:8051:21)
    at async fetchMissingDynamicData (http://localhost:3000/_next/static/chunks/node_modules_next_dist_client_0r5nbpw._.js:9464:24) @ http://localhost:3000/_next/static/chunks/node_modules_next_dist_1ybzpk2._.js:3318
[15204118ms] [ERROR] Failed to load resource: net::ERR_NETWORK_CHANGED @ http://localhost:3000/en/login?reason=idle&_rsc=vC3-Au21QXuX1vqq:0
[15204119ms] [ERROR] Failed to fetch RSC payload for http://localhost:3000/en/login?reason=idle. Falling back to browser navigation. TypeError: Failed to fetch
    at createFetch (http://localhost:3000/_next/static/chunks/node_modules_next_dist_client_0r5nbpw._.js:8207:21)
    at async fetchServerResponse (http://localhost:3000/_next/static/chunks/node_modules_next_dist_client_0r5nbpw._.js:8051:21)
    at async fetchMissingDynamicData (http://localhost:3000/_next/static/chunks/node_modules_next_dist_client_0r5nbpw._.js:9464:24) @ http://localhost:3000/_next/static/chunks/node_modules_next_dist_1ybzpk2._.js:3318
[15204119ms] [ERROR] Failed to load resource: net::ERR_NETWORK_CHANGED @ http://localhost:3000/en/login?reason=idle&_rsc=vC3-Au21QXuX1vqq:0
[15204119ms] [ERROR] Failed to fetch RSC payload for http://localhost:3000/en/login?reason=idle. Falling back to browser navigation. TypeError: Failed to fetch
    at createFetch (http://localhost:3000/_next/static/chunks/node_modules_next_dist_client_0r5nbpw._.js:8207:21)
    at async fetchServerResponse (http://localhost:3000/_next/static/chunks/node_modules_next_dist_client_0r5nbpw._.js:8051:21)
    at async fetchMissingDynamicData (http://localhost:3000/_next/static/chunks/node_modules_next_dist_client_0r5nbpw._.js:9464:24) @ http://localhost:3000/_next/static/chunks/node_modules_next_dist_1ybzpk2._.js:3318
[15204120ms] [ERROR] Failed to load resource: net::ERR_NETWORK_CHANGED @ http://localhost:3000/en/login?reason=idle&_rsc=vC3-Au21QXuX1vqq:0
[15204120ms] [ERROR] Failed to fetch RSC payload for http://localhost:3000/en/login?reason=idle. Falling back to browser navigation. TypeError: Failed to fetch
    at createFetch (http://localhost:3000/_next/static/chunks/node_modules_next_dist_client_0r5nbpw._.js:8207:21)
    at async fetchServerResponse (http://localhost:3000/_next/static/chunks/node_modules_next_dist_client_0r5nbpw._.js:8051:21)
    at async fetchMissingDynamicData (http://localhost:3000/_next/static/chunks/node_modules_next_dist_client_0r5nbpw._.js:9464:24) @ http://localhost:3000/_next/static/chunks/node_modules_next_dist_1ybzpk2._.js:3318
[15204121ms] [ERROR] Failed to load resource: net::ERR_NETWORK_CHANGED @ http://localhost:3000/en/login?reason=idle&_rsc=vC3-Au21QXuX1vqq:0
[15204121ms] [ERROR] Failed to fetch RSC payload for http://localhost:3000/en/login?reason=idle. Falling back to browser navigation. TypeError: Failed to fetch
    at createFetch (http://localhost:3000/_next/static/chunks/node_modules_next_dist_client_0r5nbpw._.js:8207:21)
    at async fetchServerResponse (http://localhost:3000/_next/static/chunks/node_modules_next_dist_client_0r5nbpw._.js:8051:21)
    at async fetchMissingDynamicData (http://localhost:3000/_next/static/chunks/node_modules_next_dist_client_0r5nbpw._.js:9464:24) @ http://localhost:3000/_next/static/chunks/node_modules_next_dist_1ybzpk2._.js:3318
[15204122ms] [ERROR] Failed to load resource: net::ERR_NETWORK_CHANGED @ http://localhost:3000/en/login?reason=idle&_rsc=vC3-Au21QXuX1vqq:0
[15204122ms] [ERROR] Failed to fetch RSC payload for http://localhost:3000/en/login?reason=idle. Falling back to browser navigation. TypeError: Failed to fetch
    at createFetch (http://localhost:3000/_next/static/chunks/node_modules_next_dist_client_0r5nbpw._.js:8207:21)
    at async fetchServerResponse (http://localhost:3000/_next/static/chunks/node_modules_next_dist_client_0r5nbpw._.js:8051:21)
    at async fetchMissingDynamicData (http://localhost:3000/_next/static/chunks/node_modules_next_dist_client_0r5nbpw._.js:9464:24) @ http://localhost:3000/_next/static/chunks/node_modules_next_dist_1ybzpk2._.js:3318
[15204123ms] [ERROR] Failed to load resource: net::ERR_NETWORK_CHANGED @ http://localhost:3000/en/login?reason=idle&_rsc=vC3-Au21QXuX1vqq:0
[15204123ms] [ERROR] Failed to fetch RSC payload for http://localhost:3000/en/login?reason=idle. Falling back to browser navigation. TypeError: Failed to fetch
    at createFetch (http://localhost:3000/_next/static/chunks/node_modules_next_dist_client_0r5nbpw._.js:8207:21)
    at async fetchServerResponse (http://localhost:3000/_next/static/chunks/node_modules_next_dist_client_0r5nbpw._.js:8051:21)
    at async fetchMissingDynamicData (http://localhost:3000/_next/static/chunks/node_modules_next_dist_client_0r5nbpw._.js:9464:24) @ http://localhost:3000/_next/static/chunks/node_modules_next_dist_1ybzpk2._.js:3318
[15204124ms] [ERROR] Failed to load resource: net::ERR_NETWORK_CHANGED @ http://localhost:3000/en/login?reason=idle&_rsc=vC3-Au21QXuX1vqq:0
[15204124ms] [ERROR] Failed to fetch RSC payload for http://localhost:3000/en/login?reason=idle. Falling back to browser navigation. TypeError: Failed to fetch
    at createFetch (http://localhost:3000/_next/static/chunks/node_modules_next_dist_client_0r5nbpw._.js:8207:21)
    at async fetchServerResponse (http://localhost:3000/_next/static/chunks/node_modules_next_dist_client_0r5nbpw._.js:8051:21)
    at async fetchMissingDynamicData (http://localhost:3000/_next/static/chunks/node_modules_next_dist_client_0r5nbpw._.js:9464:24) @ http://localhost:3000/_next/static/chunks/node_modules_next_dist_1ybzpk2._.js:3318
[15204124ms] [ERROR] Failed to load resource: net::ERR_NETWORK_CHANGED @ http://localhost:3000/en/login?reason=idle&_rsc=vC3-Au21QXuX1vqq:0
[15204124ms] [ERROR] Failed to fetch RSC payload for http://localhost:3000/en/login?reason=idle. Falling back to browser navigation. TypeError: Failed to fetch
    at createFetch (http://localhost:3000/_next/static/chunks/node_modules_next_dist_client_0r5nbpw._.js:8207:21)
    at async fetchServerResponse (http://localhost:3000/_next/static/chunks/node_modules_next_dist_client_0r5nbpw._.js:8051:21)
    at async fetchMissingDynamicData (http://localhost:3000/_next/static/chunks/node_modules_next_dist_client_0r5nbpw._.js:9464:24) @ http://localhost:3000/_next/static/chunks/node_modules_next_dist_1ybzpk2._.js:3318
[15204125ms] [ERROR] Failed to load resource: net::ERR_NETWORK_CHANGED @ http://localhost:3000/en/login?reason=idle&_rsc=vC3-Au21QXuX1vqq:0
[15204125ms] [ERROR] Failed to fetch RSC payload for http://localhost:3000/en/login?reason=idle. Falling back to browser navigation. TypeError: Failed to fetch
    at createFetch (http://localhost:3000/_next/static/chunks/node_modules_next_dist_client_0r5nbpw._.js:8207:21)
    at async fetchServerResponse (http://localhost:3000/_next/static/chunks/node_modules_next_dist_client_0r5nbpw._.js:8051:21)
    at async fetchMissingDynamicData (http://localhost:3000/_next/static/chunks/node_modules_next_dist_client_0r5nbpw._.js:9464:24) @ http://localhost:3000/_next/static/chunks/node_modules_next_dist_1ybzpk2._.js:3318
[15204127ms] [ERROR] Failed to load resource: net::ERR_NETWORK_CHANGED @ http://localhost:3000/en/login?reason=idle&_rsc=vC3-Au21QXuX1vqq:0
[15204127ms] [ERROR] Failed to fetch RSC payload for http://localhost:3000/en/login?reason=idle. Falling back to browser navigation. TypeError: Failed to fetch
    at createFetch (http://localhost:3000/_next/static/chunks/node_modules_next_dist_client_0r5nbpw._.js:8207:21)
    at async fetchServerResponse (http://localhost:3000/_next/static/chunks/node_modules_next_dist_client_0r5nbpw._.js:8051:21)
    at async fetchMissingDynamicData (http://localhost:3000/_next/static/chunks/node_modules_next_dist_client_0r5nbpw._.js:9464:24) @ http://localhost:3000/_next/static/chunks/node_modules_next_dist_1ybzpk2._.js:3318
[15204127ms] [ERROR] Failed to load resource: net::ERR_NETWORK_CHANGED @ http://localhost:3000/en/login?reason=idle&_rsc=vC3-Au21QXuX1vqq:0
[15204127ms] [ERROR] Failed to fetch RSC payload for http://localhost:3000/en/login?reason=idle. Falling back to browser navigation. TypeError: Failed to fetch
    at createFetch (http://localhost:3000/_next/static/chunks/node_modules_next_dist_client_0r5nbpw._.js:8207:21)
    at async fetchServerResponse (http://localhost:3000/_next/static/chunks/node_modules_next_dist_client_0r5nbpw._.js:8051:21)
    at async fetchMissingDynamicData (http://localhost:3000/_next/static/chunks/node_modules_next_dist_client_0r5nbpw._.js:9464:24) @ http://localhost:3000/_next/static/chunks/node_modules_next_dist_1ybzpk2._.js:3318
[15204128ms] [ERROR] Failed to load resource: net::ERR_NETWORK_CHANGED @ http://localhost:3000/en/login?reason=idle&_rsc=vC3-Au21QXuX1vqq:0
[15204128ms] [ERROR] Failed to fetch RSC payload for http://localhost:3000/en/login?reason=idle. Falling back to browser navigation. TypeError: Failed to fetch
    at createFetch (http://localhost:3000/_next/static/chunks/node_modules_next_dist_client_0r5nbpw._.js:8207:21)
    at async fetchServerResponse (http://localhost:3000/_next/static/chunks/node_modules_next_dist_client_0r5nbpw._.js:8051:21)
    at async fetchMissingDynamicData (http://localhost:3000/_next/static/chunks/node_modules_next_dist_client_0r5nbpw._.js:9464:24) @ http://localhost:3000/_next/static/chunks/node_modules_next_dist_1ybzpk2._.js:3318
[15204129ms] [ERROR] Failed to load resource: net::ERR_NETWORK_CHANGED @ http://localhost:3000/en/login?reason=idle&_rsc=vC3-Au21QXuX1vqq:0
[15204129ms] [ERROR] Failed to fetch RSC payload for http://localhost:3000/en/login?reason=idle. Falling back to browser navigation. TypeError: Failed to fetch
    at createFetch (http://localhost:3000/_next/static/chunks/node_modules_next_dist_client_0r5nbpw._.js:8207:21)
    at async fetchServerResponse (http://localhost:3000/_next/static/chunks/node_modules_next_dist_client_0r5nbpw._.js:8051:21)
    at async fetchMissingDynamicData (http://localhost:3000/_next/static/chunks/node_modules_next_dist_client_0r5nbpw._.js:9464:24) @ http://localhost:3000/_next/static/chunks/node_modules_next_dist_1ybzpk2._.js:3318
[15204130ms] [ERROR] Failed to load resource: net::ERR_NETWORK_CHANGED @ http://localhost:3000/en/login?reason=idle&_rsc=vC3-Au21QXuX1vqq:0
[15204130ms] [ERROR] Failed to fetch RSC payload for http://localhost:3000/en/login?reason=idle. Falling back to browser navigation. TypeError: Failed to fetch
    at createFetch (http://localhost:3000/_next/static/chunks/node_modules_next_dist_client_0r5nbpw._.js:8207:21)
    at async fetchServerResponse (http://localhost:3000/_next/static/chunks/node_modules_next_dist_client_0r5nbpw._.js:8051:21)
    at async fetchMissingDynamicData (http://localhost:3000/_next/static/chunks/node_modules_next_dist_client_0r5nbpw._.js:9464:24) @ http://localhost:3000/_next/static/chunks/node_modules_next_dist_1ybzpk2._.js:3318
[15204131ms] [ERROR] Failed to load resource: net::ERR_NETWORK_CHANGED @ http://localhost:3000/en/login?reason=idle&_rsc=vC3-Au21QXuX1vqq:0
[15204131ms] [ERROR] Failed to fetch RSC payload for http://localhost:3000/en/login?reason=idle. Falling back to browser navigation. TypeError: Failed to fetch
    at createFetch (http://localhost:3000/_next/static/chunks/node_modules_next_dist_client_0r5nbpw._.js:8207:21)
    at async fetchServerResponse (http://localhost:3000/_next/static/chunks/node_modules_next_dist_client_0r5nbpw._.js:8051:21)
    at async fetchMissingDynamicData (http://localhost:3000/_next/static/chunks/node_modules_next_dist_client_0r5nbpw._.js:9464:24) @ http://localhost:3000/_next/static/chunks/node_modules_next_dist_1ybzpk2._.js:3318
[15204132ms] [ERROR] Failed to load resource: net::ERR_NETWORK_CHANGED @ http://localhost:3000/en/login?reason=idle&_rsc=vC3-Au21QXuX1vqq:0
[15204132ms] [ERROR] Failed to fetch RSC payload for http://localhost:3000/en/login?reason=idle. Falling back to browser navigation. TypeError: Failed to fetch
    at createFetch (http://localhost:3000/_next/static/chunks/node_modules_next_dist_client_0r5nbpw._.js:8207:21)
    at async fetchServerResponse (http://localhost:3000/_next/static/chunks/node_modules_next_dist_client_0r5nbpw._.js:8051:21)
    at async fetchMissingDynamicData (http://localhost:3000/_next/static/chunks/node_modules_next_dist_client_0r5nbpw._.js:9464:24) @ http://localhost:3000/_next/static/chunks/node_modules_next_dist_1ybzpk2._.js:3318
[15204132ms] [ERROR] Failed to load resource: net::ERR_NETWORK_CHANGED @ http://localhost:3000/en/login?reason=idle&_rsc=vC3-Au21QXuX1vqq:0
[15204133ms] [ERROR] Failed to fetch RSC payload for http://localhost:3000/en/login?reason=idle. Falling back to browser navigation. TypeError: Failed to fetch
    at createFetch (http://localhost:3000/_next/static/chunks/node_modules_next_dist_client_0r5nbpw._.js:8207:21)
    at async fetchServerResponse (http://localhost:3000/_next/static/chunks/node_modules_next_dist_client_0r5nbpw._.js:8051:21)
    at async fetchMissingDynamicData (http://localhost:3000/_next/static/chunks/node_modules_next_dist_client_0r5nbpw._.js:9464:24) @ http://localhost:3000/_next/static/chunks/node_modules_next_dist_1ybzpk2._.js:3318
[15204133ms] [ERROR] Failed to load resource: net::ERR_NETWORK_CHANGED @ http://localhost:3000/en/login?reason=idle&_rsc=vC3-Au21QXuX1vqq:0
[15204133ms] [ERROR] Failed to fetch RSC payload for http://localhost:3000/en/login?reason=idle. Falling back to browser navigation. TypeError: Failed to fetch
    at createFetch (http://localhost:3000/_next/static/chunks/node_modules_next_dist_client_0r5nbpw._.js:8207:21)
    at async fetchServerResponse (http://localhost:3000/_next/static/chunks/node_modules_next_dist_client_0r5nbpw._.js:8051:21)
    at async fetchMissingDynamicData (http://localhost:3000/_next/static/chunks/node_modules_next_dist_client_0r5nbpw._.js:9464:24) @ http://localhost:3000/_next/static/chunks/node_modules_next_dist_1ybzpk2._.js:3318
[15204134ms] [ERROR] Failed to load resource: net::ERR_NETWORK_CHANGED @ http://localhost:3000/en/login?reason=idle&_rsc=vC3-Au21QXuX1vqq:0
[15204134ms] [ERROR] Failed to fetch RSC payload for http://localhost:3000/en/login?reason=idle. Falling back to browser navigation. TypeError: Failed to fetch
    at createFetch (http://localhost:3000/_next/static/chunks/node_modules_next_dist_client_0r5nbpw._.js:8207:21)
    at async fetchServerResponse (http://localhost:3000/_next/static/chunks/node_modules_next_dist_client_0r5nbpw._.js:8051:21)
    at async fetchMissingDynamicData (http://localhost:3000/_next/static/chunks/node_modules_next_dist_client_0r5nbpw._.js:9464:24) @ http://localhost:3000/_next/static/chunks/node_modules_next_dist_1ybzpk2._.js:3318
[15204135ms] [ERROR] Failed to load resource: net::ERR_NETWORK_CHANGED @ http://localhost:3000/en/login?reason=idle&_rsc=vC3-Au21QXuX1vqq:0
[15204135ms] [ERROR] Failed to fetch RSC payload for http://localhost:3000/en/login?reason=idle. Falling back to browser navigation. TypeError: Failed to fetch
    at createFetch (http://localhost:3000/_next/static/chunks/node_modules_next_dist_client_0r5nbpw._.js:8207:21)
    at async fetchServerResponse (http://localhost:3000/_next/static/chunks/node_modules_next_dist_client_0r5nbpw._.js:8051:21)
    at async fetchMissingDynamicData (http://localhost:3000/_next/static/chunks/node_modules_next_dist_client_0r5nbpw._.js:9464:24) @ http://localhost:3000/_next/static/chunks/node_modules_next_dist_1ybzpk2._.js:3318
[15204137ms] [ERROR] Failed to load resource: net::ERR_NETWORK_CHANGED @ http://localhost:3000/en/login?reason=idle&_rsc=vC3-Au21QXuX1vqq:0
[15204137ms] [ERROR] Failed to fetch RSC payload for http://localhost:3000/en/login?reason=idle. Falling back to browser navigation. TypeError: Failed to fetch
    at createFetch (http://localhost:3000/_next/static/chunks/node_modules_next_dist_client_0r5nbpw._.js:8207:21)
    at async fetchServerResponse (http://localhost:3000/_next/static/chunks/node_modules_next_dist_client_0r5nbpw._.js:8051:21)
    at async fetchMissingDynamicData (http://localhost:3000/_next/static/chunks/node_modules_next_dist_client_0r5nbpw._.js:9464:24) @ http://localhost:3000/_next/static/chunks/node_modules_next_dist_1ybzpk2._.js:3318
[15204139ms] [ERROR] Failed to load resource: net::ERR_NETWORK_CHANGED @ http://localhost:3000/en/login?reason=idle&_rsc=vC3-Au21QXuX1vqq:0
[15204139ms] [ERROR] Failed to fetch RSC payload for http://localhost:3000/en/login?reason=idle. Falling back to browser navigation. TypeError: Failed to fetch
    at createFetch (http://localhost:3000/_next/static/chunks/node_modules_next_dist_client_0r5nbpw._.js:8207:21)
    at async fetchServerResponse (http://localhost:3000/_next/static/chunks/node_modules_next_dist_client_0r5nbpw._.js:8051:21)
    at async fetchMissingDynamicData (http://localhost:3000/_next/static/chunks/node_modules_next_dist_client_0r5nbpw._.js:9464:24) @ http://localhost:3000/_next/static/chunks/node_modules_next_dist_1ybzpk2._.js:3318
[15204140ms] [ERROR] Failed to load resource: net::ERR_NETWORK_CHANGED @ http://localhost:3000/en/login?reason=idle&_rsc=vC3-Au21QXuX1vqq:0
[15204140ms] [ERROR] Failed to fetch RSC payload for http://localhost:3000/en/login?reason=idle. Falling back to browser navigation. TypeError: Failed to fetch
    at createFetch (http://localhost:3000/_next/static/chunks/node_modules_next_dist_client_0r5nbpw._.js:8207:21)
    at async fetchServerResponse (http://localhost:3000/_next/static/chunks/node_modules_next_dist_client_0r5nbpw._.js:8051:21)
    at async fetchMissingDynamicData (http://localhost:3000/_next/static/chunks/node_modules_next_dist_client_0r5nbpw._.js:9464:24) @ http://localhost:3000/_next/static/chunks/node_modules_next_dist_1ybzpk2._.js:3318
[15204141ms] [ERROR] Failed to load resource: net::ERR_NETWORK_CHANGED @ http://localhost:3000/en/login?reason=idle&_rsc=vC3-Au21QXuX1vqq:0
[15204141ms] [ERROR] Failed to fetch RSC payload for http://localhost:3000/en/login?reason=idle. Falling back to browser navigation. TypeError: Failed to fetch
    at createFetch (http://localhost:3000/_next/static/chunks/node_modules_next_dist_client_0r5nbpw._.js:8207:21)
    at async fetchServerResponse (http://localhost:3000/_next/static/chunks/node_modules_next_dist_client_0r5nbpw._.js:8051:21)
    at async fetchMissingDynamicData (http://localhost:3000/_next/static/chunks/node_modules_next_dist_client_0r5nbpw._.js:9464:24) @ http://localhost:3000/_next/static/chunks/node_modules_next_dist_1ybzpk2._.js:3318
[15204142ms] [ERROR] Failed to load resource: net::ERR_NETWORK_CHANGED @ http://localhost:3000/en/login?reason=idle&_rsc=vC3-Au21QXuX1vqq:0
[15204142ms] [ERROR] Failed to fetch RSC payload for http://localhost:3000/en/login?reason=idle. Falling back to browser navigation. TypeError: Failed to fetch
    at createFetch (http://localhost:3000/_next/static/chunks/node_modules_next_dist_client_0r5nbpw._.js:8207:21)
    at async fetchServerResponse (http://localhost:3000/_next/static/chunks/node_modules_next_dist_client_0r5nbpw._.js:8051:21)
    at async fetchMissingDynamicData (http://localhost:3000/_next/static/chunks/node_modules_next_dist_client_0r5nbpw._.js:9464:24) @ http://localhost:3000/_next/static/chunks/node_modules_next_dist_1ybzpk2._.js:3318
[15204143ms] [ERROR] Failed to load resource: net::ERR_NETWORK_CHANGED @ http://localhost:3000/en/login?reason=idle&_rsc=vC3-Au21QXuX1vqq:0
[15204143ms] [ERROR] Failed to fetch RSC payload for http://localhost:3000/en/login?reason=idle. Falling back to browser navigation. TypeError: Failed to fetch
    at createFetch (http://localhost:3000/_next/static/chunks/node_modules_next_dist_client_0r5nbpw._.js:8207:21)
    at async fetchServerResponse (http://localhost:3000/_next/static/chunks/node_modules_next_dist_client_0r5nbpw._.js:8051:21)
    at async fetchMissingDynamicData (http://localhost:3000/_next/static/chunks/node_modules_next_dist_client_0r5nbpw._.js:9464:24) @ http://localhost:3000/_next/static/chunks/node_modules_next_dist_1ybzpk2._.js:3318
[15204146ms] [ERROR] Failed to load resource: net::ERR_NETWORK_CHANGED @ http://localhost:3000/en/login?reason=idle&_rsc=vC3-Au21QXuX1vqq:0
[15204146ms] [ERROR] Failed to fetch RSC payload for http://localhost:3000/en/login?reason=idle. Falling back to browser navigation. TypeError: Failed to fetch
    at createFetch (http://localhost:3000/_next/static/chunks/node_modules_next_dist_client_0r5nbpw._.js:8207:21)
    at async fetchServerResponse (http://localhost:3000/_next/static/chunks/node_modules_next_dist_client_0r5nbpw._.js:8051:21)
    at async fetchMissingDynamicData (http://localhost:3000/_next/static/chunks/node_modules_next_dist_client_0r5nbpw._.js:9464:24) @ http://localhost:3000/_next/static/chunks/node_modules_next_dist_1ybzpk2._.js:3318
[15204146ms] [ERROR] Failed to load resource: net::ERR_NETWORK_CHANGED @ http://localhost:3000/en/login?reason=idle&_rsc=vC3-Au21QXuX1vqq:0
[15204146ms] [ERROR] Failed to fetch RSC payload for http://localhost:3000/en/login?reason=idle. Falling back to browser navigation. TypeError: Failed to fetch
    at createFetch (http://localhost:3000/_next/static/chunks/node_modules_next_dist_client_0r5nbpw._.js:8207:21)
    at async fetchServerResponse (http://localhost:3000/_next/static/chunks/node_modules_next_dist_client_0r5nbpw._.js:8051:21)
    at async fetchMissingDynamicData (http://localhost:3000/_next/static/chunks/node_modules_next_dist_client_0r5nbpw._.js:9464:24) @ http://localhost:3000/_next/static/chunks/node_modules_next_dist_1ybzpk2._.js:3318
[15204147ms] [ERROR] Failed to load resource: net::ERR_NETWORK_CHANGED @ http://localhost:3000/en/login?reason=idle&_rsc=vC3-Au21QXuX1vqq:0
[15204147ms] [ERROR] Failed to fetch RSC payload for http://localhost:3000/en/login?reason=idle. Falling back to browser navigation. TypeError: Failed to fetch
    at createFetch (http://localhost:3000/_next/static/chunks/node_modules_next_dist_client_0r5nbpw._.js:8207:21)
    at async fetchServerResponse (http://localhost:3000/_next/static/chunks/node_modules_next_dist_client_0r5nbpw._.js:8051:21)
    at async fetchMissingDynamicData (http://localhost:3000/_next/static/chunks/node_modules_next_dist_client_0r5nbpw._.js:9464:24) @ http://localhost:3000/_next/static/chunks/node_modules_next_dist_1ybzpk2._.js:3318
[15204148ms] [ERROR] Failed to load resource: net::ERR_NETWORK_CHANGED @ http://localhost:3000/en/login?reason=idle&_rsc=vC3-Au21QXuX1vqq:0
[15204148ms] [ERROR] Failed to fetch RSC payload for http://localhost:3000/en/login?reason=idle. Falling back to browser navigation. TypeError: Failed to fetch
    at createFetch (http://localhost:3000/_next/static/chunks/node_modules_next_dist_client_0r5nbpw._.js:8207:21)
    at async fetchServerResponse (http://localhost:3000/_next/static/chunks/node_modules_next_dist_client_0r5nbpw._.js:8051:21)
    at async fetchMissingDynamicData (http://localhost:3000/_next/static/chunks/node_modules_next_dist_client_0r5nbpw._.js:9464:24) @ http://localhost:3000/_next/static/chunks/node_modules_next_dist_1ybzpk2._.js:3318
[15204149ms] [ERROR] Failed to load resource: net::ERR_NETWORK_CHANGED @ http://localhost:3000/en/login?reason=idle&_rsc=vC3-Au21QXuX1vqq:0
[15204149ms] [ERROR] Failed to fetch RSC payload for http://localhost:3000/en/login?reason=idle. Falling back to browser navigation. TypeError: Failed to fetch
    at createFetch (http://localhost:3000/_next/static/chunks/node_modules_next_dist_client_0r5nbpw._.js:8207:21)
    at async fetchServerResponse (http://localhost:3000/_next/static/chunks/node_modules_next_dist_client_0r5nbpw._.js:8051:21)
    at async fetchMissingDynamicData (http://localhost:3000/_next/static/chunks/node_modules_next_dist_client_0r5nbpw._.js:9464:24) @ http://localhost:3000/_next/static/chunks/node_modules_next_dist_1ybzpk2._.js:3318
[15204150ms] [ERROR] Failed to load resource: net::ERR_NETWORK_CHANGED @ http://localhost:3000/en/login?reason=idle&_rsc=vC3-Au21QXuX1vqq:0
[15204150ms] [ERROR] Failed to fetch RSC payload for http://localhost:3000/en/login?reason=idle. Falling back to browser navigation. TypeError: Failed to fetch
    at createFetch (http://localhost:3000/_next/static/chunks/node_modules_next_dist_client_0r5nbpw._.js:8207:21)
    at async fetchServerResponse (http://localhost:3000/_next/static/chunks/node_modules_next_dist_client_0r5nbpw._.js:8051:21)
    at async fetchMissingDynamicData (http://localhost:3000/_next/static/chunks/node_modules_next_dist_client_0r5nbpw._.js:9464:24) @ http://localhost:3000/_next/static/chunks/node_modules_next_dist_1ybzpk2._.js:3318
[15204150ms] [ERROR] Failed to load resource: net::ERR_NETWORK_CHANGED @ http://localhost:3000/en/login?reason=idle&_rsc=vC3-Au21QXuX1vqq:0
[15204151ms] [ERROR] Failed to fetch RSC payload for http://localhost:3000/en/login?reason=idle. Falling back to browser navigation. TypeError: Failed to fetch
    at createFetch (http://localhost:3000/_next/static/chunks/node_modules_next_dist_client_0r5nbpw._.js:8207:21)
    at async fetchServerResponse (http://localhost:3000/_next/static/chunks/node_modules_next_dist_client_0r5nbpw._.js:8051:21)
    at async fetchMissingDynamicData (http://localhost:3000/_next/static/chunks/node_modules_next_dist_client_0r5nbpw._.js:9464:24) @ http://localhost:3000/_next/static/chunks/node_modules_next_dist_1ybzpk2._.js:3318
[15204152ms] [ERROR] Failed to load resource: net::ERR_NETWORK_CHANGED @ http://localhost:3000/en/login?reason=idle&_rsc=vC3-Au21QXuX1vqq:0
[15204152ms] [ERROR] Failed to fetch RSC payload for http://localhost:3000/en/login?reason=idle. Falling back to browser navigation. TypeError: Failed to fetch
    at createFetch (http://localhost:3000/_next/static/chunks/node_modules_next_dist_client_0r5nbpw._.js:8207:21)
    at async fetchServerResponse (http://localhost:3000/_next/static/chunks/node_modules_next_dist_client_0r5nbpw._.js:8051:21)
    at async fetchMissingDynamicData (http://localhost:3000/_next/static/chunks/node_modules_next_dist_client_0r5nbpw._.js:9464:24) @ http://localhost:3000/_next/static/chunks/node_modules_next_dist_1ybzpk2._.js:3318
[15204153ms] [ERROR] Failed to load resource: net::ERR_NETWORK_CHANGED @ http://localhost:3000/en/login?reason=idle&_rsc=vC3-Au21QXuX1vqq:0
[15204154ms] [ERROR] Failed to fetch RSC payload for http://localhost:3000/en/login?reason=idle. Falling back to browser navigation. TypeError: Failed to fetch
    at createFetch (http://localhost:3000/_next/static/chunks/node_modules_next_dist_client_0r5nbpw._.js:8207:21)
    at async fetchServerResponse (http://localhost:3000/_next/static/chunks/node_modules_next_dist_client_0r5nbpw._.js:8051:21)
    at async fetchMissingDynamicData (http://localhost:3000/_next/static/chunks/node_modules_next_dist_client_0r5nbpw._.js:9464:24) @ http://localhost:3000/_next/static/chunks/node_modules_next_dist_1ybzpk2._.js:3318
[15204155ms] [ERROR] Failed to load resource: net::ERR_NETWORK_CHANGED @ http://localhost:3000/en/login?reason=idle&_rsc=vC3-Au21QXuX1vqq:0
[15204155ms] [ERROR] Failed to fetch RSC payload for http://localhost:3000/en/login?reason=idle. Falling back to browser navigation. TypeError: Failed to fetch
    at createFetch (http://localhost:3000/_next/static/chunks/node_modules_next_dist_client_0r5nbpw._.js:8207:21)
    at async fetchServerResponse (http://localhost:3000/_next/static/chunks/node_modules_next_dist_client_0r5nbpw._.js:8051:21)
    at async fetchMissingDynamicData (http://localhost:3000/_next/static/chunks/node_modules_next_dist_client_0r5nbpw._.js:9464:24) @ http://localhost:3000/_next/static/chunks/node_modules_next_dist_1ybzpk2._.js:3318
[15204156ms] [ERROR] Failed to load resource: net::ERR_NETWORK_CHANGED @ http://localhost:3000/en/login?reason=idle&_rsc=vC3-Au21QXuX1vqq:0
[15204157ms] [ERROR] Failed to fetch RSC payload for http://localhost:3000/en/login?reason=idle. Falling back to browser navigation. TypeError: Failed to fetch
    at createFetch (http://localhost:3000/_next/static/chunks/node_modules_next_dist_client_0r5nbpw._.js:8207:21)
    at async fetchServerResponse (http://localhost:3000/_next/static/chunks/node_modules_next_dist_client_0r5nbpw._.js:8051:21)
    at async fetchMissingDynamicData (http://localhost:3000/_next/static/chunks/node_modules_next_dist_client_0r5nbpw._.js:9464:24) @ http://localhost:3000/_next/static/chunks/node_modules_next_dist_1ybzpk2._.js:3318
[15204158ms] [ERROR] Failed to load resource: net::ERR_NETWORK_CHANGED @ http://localhost:3000/en/login?reason=idle&_rsc=vC3-Au21QXuX1vqq:0
[15204158ms] [ERROR] Failed to fetch RSC payload for http://localhost:3000/en/login?reason=idle. Falling back to browser navigation. TypeError: Failed to fetch
    at createFetch (http://localhost:3000/_next/static/chunks/node_modules_next_dist_client_0r5nbpw._.js:8207:21)
    at async fetchServerResponse (http://localhost:3000/_next/static/chunks/node_modules_next_dist_client_0r5nbpw._.js:8051:21)
    at async fetchMissingDynamicData (http://localhost:3000/_next/static/chunks/node_modules_next_dist_client_0r5nbpw._.js:9464:24) @ http://localhost:3000/_next/static/chunks/node_modules_next_dist_1ybzpk2._.js:3318
[15204160ms] [ERROR] Failed to load resource: net::ERR_NETWORK_CHANGED @ http://localhost:3000/en/login?reason=idle&_rsc=vC3-Au21QXuX1vqq:0
[15204160ms] [ERROR] Failed to fetch RSC payload for http://localhost:3000/en/login?reason=idle. Falling back to browser navigation. TypeError: Failed to fetch
    at createFetch (http://localhost:3000/_next/static/chunks/node_modules_next_dist_client_0r5nbpw._.js:8207:21)
    at async fetchServerResponse (http://localhost:3000/_next/static/chunks/node_modules_next_dist_client_0r5nbpw._.js:8051:21)
    at async fetchMissingDynamicData (http://localhost:3000/_next/static/chunks/node_modules_next_dist_client_0r5nbpw._.js:9464:24) @ http://localhost:3000/_next/static/chunks/node_modules_next_dist_1ybzpk2._.js:3318
[15204162ms] [ERROR] Failed to load resource: net::ERR_NETWORK_CHANGED @ http://localhost:3000/en/login?reason=idle&_rsc=vC3-Au21QXuX1vqq:0
[15204163ms] [ERROR] Failed to fetch RSC payload for http://localhost:3000/en/login?reason=idle. Falling back to browser navigation. TypeError: Failed to fetch
    at createFetch (http://localhost:3000/_next/static/chunks/node_modules_next_dist_client_0r5nbpw._.js:8207:21)
    at async fetchServerResponse (http://localhost:3000/_next/static/chunks/node_modules_next_dist_client_0r5nbpw._.js:8051:21)
    at async fetchMissingDynamicData (http://localhost:3000/_next/static/chunks/node_modules_next_dist_client_0r5nbpw._.js:9464:24) @ http://localhost:3000/_next/static/chunks/node_modules_next_dist_1ybzpk2._.js:3318
[15204164ms] [ERROR] Failed to load resource: net::ERR_NETWORK_CHANGED @ http://localhost:3000/en/login?reason=idle&_rsc=vC3-Au21QXuX1vqq:0
[15204164ms] [ERROR] Failed to fetch RSC payload for http://localhost:3000/en/login?reason=idle. Falling back to browser navigation. TypeError: Failed to fetch
    at createFetch (http://localhost:3000/_next/static/chunks/node_modules_next_dist_client_0r5nbpw._.js:8207:21)
    at async fetchServerResponse (http://localhost:3000/_next/static/chunks/node_modules_next_dist_client_0r5nbpw._.js:8051:21)
    at async fetchMissingDynamicData (http://localhost:3000/_next/static/chunks/node_modules_next_dist_client_0r5nbpw._.js:9464:24) @ http://localhost:3000/_next/static/chunks/node_modules_next_dist_1ybzpk2._.js:3318
[15204166ms] [ERROR] Failed to load resource: net::ERR_NETWORK_CHANGED @ http://localhost:3000/en/login?reason=idle&_rsc=vC3-Au21QXuX1vqq:0
[15204167ms] [ERROR] Failed to fetch RSC payload for http://localhost:3000/en/login?reason=idle. Falling back to browser navigation. TypeError: Failed to fetch
    at createFetch (http://localhost:3000/_next/static/chunks/node_modules_next_dist_client_0r5nbpw._.js:8207:21)
    at async fetchServerResponse (http://localhost:3000/_next/static/chunks/node_modules_next_dist_client_0r5nbpw._.js:8051:21)
    at async fetchMissingDynamicData (http://localhost:3000/_next/static/chunks/node_modules_next_dist_client_0r5nbpw._.js:9464:24) @ http://localhost:3000/_next/static/chunks/node_modules_next_dist_1ybzpk2._.js:3318
[15204168ms] [ERROR] Failed to load resource: net::ERR_NETWORK_CHANGED @ http://localhost:3000/en/login?reason=idle&_rsc=vC3-Au21QXuX1vqq:0
[15204169ms] [ERROR] Failed to fetch RSC payload for http://localhost:3000/en/login?reason=idle. Falling back to browser navigation. TypeError: Failed to fetch
    at createFetch (http://localhost:3000/_next/static/chunks/node_modules_next_dist_client_0r5nbpw._.js:8207:21)
    at async fetchServerResponse (http://localhost:3000/_next/static/chunks/node_modules_next_dist_client_0r5nbpw._.js:8051:21)
    at async fetchMissingDynamicData (http://localhost:3000/_next/static/chunks/node_modules_next_dist_client_0r5nbpw._.js:9464:24) @ http://localhost:3000/_next/static/chunks/node_modules_next_dist_1ybzpk2._.js:3318
[15204170ms] [ERROR] Failed to load resource: net::ERR_NETWORK_CHANGED @ http://localhost:3000/en/login?reason=idle&_rsc=vC3-Au21QXuX1vqq:0
[15204171ms] [ERROR] Failed to fetch RSC payload for http://localhost:3000/en/login?reason=idle. Falling back to browser navigation. TypeError: Failed to fetch
    at createFetch (http://localhost:3000/_next/static/chunks/node_modules_next_dist_client_0r5nbpw._.js:8207:21)
    at async fetchServerResponse (http://localhost:3000/_next/static/chunks/node_modules_next_dist_client_0r5nbpw._.js:8051:21)
    at async fetchMissingDynamicData (http://localhost:3000/_next/static/chunks/node_modules_next_dist_client_0r5nbpw._.js:9464:24) @ http://localhost:3000/_next/static/chunks/node_modules_next_dist_1ybzpk2._.js:3318
[15204172ms] [ERROR] Failed to load resource: net::ERR_NETWORK_CHANGED @ http://localhost:3000/en/login?reason=idle&_rsc=vC3-Au21QXuX1vqq:0
[15204173ms] [ERROR] Failed to fetch RSC payload for http://localhost:3000/en/login?reason=idle. Falling back to browser navigation. TypeError: Failed to fetch
    at createFetch (http://localhost:3000/_next/static/chunks/node_modules_next_dist_client_0r5nbpw._.js:8207:21)
    at async fetchServerResponse (http://localhost:3000/_next/static/chunks/node_modules_next_dist_client_0r5nbpw._.js:8051:21)
    at async fetchMissingDynamicData (http://localhost:3000/_next/static/chunks/node_modules_next_dist_client_0r5nbpw._.js:9464:24) @ http://localhost:3000/_next/static/chunks/node_modules_next_dist_1ybzpk2._.js:3318
[15204174ms] [ERROR] Failed to load resource: net::ERR_NETWORK_CHANGED @ http://localhost:3000/en/login?reason=idle&_rsc=vC3-Au21QXuX1vqq:0
[15204174ms] [ERROR] Failed to fetch RSC payload for http://localhost:3000/en/login?reason=idle. Falling back to browser navigation. TypeError: Failed to fetch
    at createFetch (http://localhost:3000/_next/static/chunks/node_modules_next_dist_client_0r5nbpw._.js:8207:21)
    at async fetchServerResponse (http://localhost:3000/_next/static/chunks/node_modules_next_dist_client_0r5nbpw._.js:8051:21)
    at async fetchMissingDynamicData (http://localhost:3000/_next/static/chunks/node_modules_next_dist_client_0r5nbpw._.js:9464:24) @ http://localhost:3000/_next/static/chunks/node_modules_next_dist_1ybzpk2._.js:3318
[15204175ms] [ERROR] Failed to load resource: net::ERR_NETWORK_CHANGED @ http://localhost:3000/en/login?reason=idle&_rsc=vC3-Au21QXuX1vqq:0
[15204176ms] [ERROR] Failed to fetch RSC payload for http://localhost:3000/en/login?reason=idle. Falling back to browser navigation. TypeError: Failed to fetch
    at createFetch (http://localhost:3000/_next/static/chunks/node_modules_next_dist_client_0r5nbpw._.js:8207:21)
    at async fetchServerResponse (http://localhost:3000/_next/static/chunks/node_modules_next_dist_client_0r5nbpw._.js:8051:21)
    at async fetchMissingDynamicData (http://localhost:3000/_next/static/chunks/node_modules_next_dist_client_0r5nbpw._.js:9464:24) @ http://localhost:3000/_next/static/chunks/node_modules_next_dist_1ybzpk2._.js:3318
[15204176ms] [ERROR] Failed to load resource: net::ERR_NETWORK_CHANGED @ http://localhost:3000/en/login?reason=idle&_rsc=vC3-Au21QXuX1vqq:0
[15204176ms] [ERROR] Failed to fetch RSC payload for http://localhost:3000/en/login?reason=idle. Falling back to browser navigation. TypeError: Failed to fetch
    at createFetch (http://localhost:3000/_next/static/chunks/node_modules_next_dist_client_0r5nbpw._.js:8207:21)
    at async fetchServerResponse (http://localhost:3000/_next/static/chunks/node_modules_next_dist_client_0r5nbpw._.js:8051:21)
    at async fetchMissingDynamicData (http://localhost:3000/_next/static/chunks/node_modules_next_dist_client_0r5nbpw._.js:9464:24) @ http://localhost:3000/_next/static/chunks/node_modules_next_dist_1ybzpk2._.js:3318
[15204177ms] [ERROR] Failed to load resource: net::ERR_NETWORK_CHANGED @ http://localhost:3000/en/login?reason=idle&_rsc=vC3-Au21QXuX1vqq:0
[15204177ms] [ERROR] Failed to fetch RSC payload for http://localhost:3000/en/login?reason=idle. Falling back to browser navigation. TypeError: Failed to fetch
    at createFetch (http://localhost:3000/_next/static/chunks/node_modules_next_dist_client_0r5nbpw._.js:8207:21)
    at async fetchServerResponse (http://localhost:3000/_next/static/chunks/node_modules_next_dist_client_0r5nbpw._.js:8051:21)
    at async fetchMissingDynamicData (http://localhost:3000/_next/static/chunks/node_modules_next_dist_client_0r5nbpw._.js:9464:24) @ http://localhost:3000/_next/static/chunks/node_modules_next_dist_1ybzpk2._.js:3318
[15204178ms] [ERROR] Failed to load resource: net::ERR_NETWORK_CHANGED @ http://localhost:3000/en/login?reason=idle&_rsc=vC3-Au21QXuX1vqq:0
[15204178ms] [ERROR] Failed to fetch RSC payload for http://localhost:3000/en/login?reason=idle. Falling back to browser navigation. TypeError: Failed to fetch
    at createFetch (http://localhost:3000/_next/static/chunks/node_modules_next_dist_client_0r5nbpw._.js:8207:21)
    at async fetchServerResponse (http://localhost:3000/_next/static/chunks/node_modules_next_dist_client_0r5nbpw._.js:8051:21)
    at async fetchMissingDynamicData (http://localhost:3000/_next/static/chunks/node_modules_next_dist_client_0r5nbpw._.js:9464:24) @ http://localhost:3000/_next/static/chunks/node_modules_next_dist_1ybzpk2._.js:3318
[15204180ms] [ERROR] Failed to load resource: net::ERR_NETWORK_CHANGED @ http://localhost:3000/en/login?reason=idle&_rsc=vC3-Au21QXuX1vqq:0
[15204180ms] [ERROR] Failed to fetch RSC payload for http://localhost:3000/en/login?reason=idle. Falling back to browser navigation. TypeError: Failed to fetch
    at createFetch (http://localhost:3000/_next/static/chunks/node_modules_next_dist_client_0r5nbpw._.js:8207:21)
    at async fetchServerResponse (http://localhost:3000/_next/static/chunks/node_modules_next_dist_client_0r5nbpw._.js:8051:21)
    at async fetchMissingDynamicData (http://localhost:3000/_next/static/chunks/node_modules_next_dist_client_0r5nbpw._.js:9464:24) @ http://localhost:3000/_next/static/chunks/node_modules_next_dist_1ybzpk2._.js:3318
[15204180ms] [ERROR] Failed to load resource: net::ERR_NETWORK_CHANGED @ http://localhost:3000/en/login?reason=idle&_rsc=vC3-Au21QXuX1vqq:0
[15204181ms] [ERROR] Failed to fetch RSC payload for http://localhost:3000/en/login?reason=idle. Falling back to browser navigation. TypeError: Failed to fetch
    at createFetch (http://localhost:3000/_next/static/chunks/node_modules_next_dist_client_0r5nbpw._.js:8207:21)
    at async fetchServerResponse (http://localhost:3000/_next/static/chunks/node_modules_next_dist_client_0r5nbpw._.js:8051:21)
    at async fetchMissingDynamicData (http://localhost:3000/_next/static/chunks/node_modules_next_dist_client_0r5nbpw._.js:9464:24) @ http://localhost:3000/_next/static/chunks/node_modules_next_dist_1ybzpk2._.js:3318
[15204182ms] [ERROR] Failed to load resource: net::ERR_NETWORK_CHANGED @ http://localhost:3000/en/login?reason=idle&_rsc=vC3-Au21QXuX1vqq:0
[15204182ms] [ERROR] Failed to fetch RSC payload for http://localhost:3000/en/login?reason=idle. Falling back to browser navigation. TypeError: Failed to fetch
    at createFetch (http://localhost:3000/_next/static/chunks/node_modules_next_dist_client_0r5nbpw._.js:8207:21)
    at async fetchServerResponse (http://localhost:3000/_next/static/chunks/node_modules_next_dist_client_0r5nbpw._.js:8051:21)
    at async fetchMissingDynamicData (http://localhost:3000/_next/static/chunks/node_modules_next_dist_client_0r5nbpw._.js:9464:24) @ http://localhost:3000/_next/static/chunks/node_modules_next_dist_1ybzpk2._.js:3318
[15204183ms] [ERROR] Failed to load resource: net::ERR_NETWORK_CHANGED @ http://localhost:3000/en/login?reason=idle&_rsc=vC3-Au21QXuX1vqq:0
[15204183ms] [ERROR] Failed to fetch RSC payload for http://localhost:3000/en/login?reason=idle. Falling back to browser navigation. TypeError: Failed to fetch
    at createFetch (http://localhost:3000/_next/static/chunks/node_modules_next_dist_client_0r5nbpw._.js:8207:21)
    at async fetchServerResponse (http://localhost:3000/_next/static/chunks/node_modules_next_dist_client_0r5nbpw._.js:8051:21)
    at async fetchMissingDynamicData (http://localhost:3000/_next/static/chunks/node_modules_next_dist_client_0r5nbpw._.js:9464:24) @ http://localhost:3000/_next/static/chunks/node_modules_next_dist_1ybzpk2._.js:3318
[15204184ms] [ERROR] Failed to load resource: net::ERR_NETWORK_CHANGED @ http://localhost:3000/en/login?reason=idle&_rsc=vC3-Au21QXuX1vqq:0
[15204184ms] [ERROR] Failed to fetch RSC payload for http://localhost:3000/en/login?reason=idle. Falling back to browser navigation. TypeError: Failed to fetch
    at createFetch (http://localhost:3000/_next/static/chunks/node_modules_next_dist_client_0r5nbpw._.js:8207:21)
    at async fetchServerResponse (http://localhost:3000/_next/static/chunks/node_modules_next_dist_client_0r5nbpw._.js:8051:21)
    at async fetchMissingDynamicData (http://localhost:3000/_next/static/chunks/node_modules_next_dist_client_0r5nbpw._.js:9464:24) @ http://localhost:3000/_next/static/chunks/node_modules_next_dist_1ybzpk2._.js:3318
[15204185ms] [ERROR] Failed to load resource: net::ERR_NETWORK_CHANGED @ http://localhost:3000/en/login?reason=idle&_rsc=vC3-Au21QXuX1vqq:0
[15204185ms] [ERROR] Failed to fetch RSC payload for http://localhost:3000/en/login?reason=idle. Falling back to browser navigation. TypeError: Failed to fetch
    at createFetch (http://localhost:3000/_next/static/chunks/node_modules_next_dist_client_0r5nbpw._.js:8207:21)
    at async fetchServerResponse (http://localhost:3000/_next/static/chunks/node_modules_next_dist_client_0r5nbpw._.js:8051:21)
    at async fetchMissingDynamicData (http://localhost:3000/_next/static/chunks/node_modules_next_dist_client_0r5nbpw._.js:9464:24) @ http://localhost:3000/_next/static/chunks/node_modules_next_dist_1ybzpk2._.js:3318
[15204186ms] [ERROR] Failed to load resource: net::ERR_NETWORK_CHANGED @ http://localhost:3000/en/login?reason=idle&_rsc=vC3-Au21QXuX1vqq:0
[15204186ms] [ERROR] Failed to fetch RSC payload for http://localhost:3000/en/login?reason=idle. Falling back to browser navigation. TypeError: Failed to fetch
    at createFetch (http://localhost:3000/_next/static/chunks/node_modules_next_dist_client_0r5nbpw._.js:8207:21)
    at async fetchServerResponse (http://localhost:3000/_next/static/chunks/node_modules_next_dist_client_0r5nbpw._.js:8051:21)
    at async fetchMissingDynamicData (http://localhost:3000/_next/static/chunks/node_modules_next_dist_client_0r5nbpw._.js:9464:24) @ http://localhost:3000/_next/static/chunks/node_modules_next_dist_1ybzpk2._.js:3318
[15204188ms] [ERROR] Failed to load resource: net::ERR_NETWORK_CHANGED @ http://localhost:3000/en/login?reason=idle&_rsc=vC3-Au21QXuX1vqq:0
[15204188ms] [ERROR] Failed to fetch RSC payload for http://localhost:3000/en/login?reason=idle. Falling back to browser navigation. TypeError: Failed to fetch
    at createFetch (http://localhost:3000/_next/static/chunks/node_modules_next_dist_client_0r5nbpw._.js:8207:21)
    at async fetchServerResponse (http://localhost:3000/_next/static/chunks/node_modules_next_dist_client_0r5nbpw._.js:8051:21)
    at async fetchMissingDynamicData (http://localhost:3000/_next/static/chunks/node_modules_next_dist_client_0r5nbpw._.js:9464:24) @ http://localhost:3000/_next/static/chunks/node_modules_next_dist_1ybzpk2._.js:3318
[15204190ms] [ERROR] Failed to load resource: net::ERR_NETWORK_CHANGED @ http://localhost:3000/en/login?reason=idle&_rsc=vC3-Au21QXuX1vqq:0
[15204190ms] [ERROR] Failed to fetch RSC payload for http://localhost:3000/en/login?reason=idle. Falling back to browser navigation. TypeError: Failed to fetch
    at createFetch (http://localhost:3000/_next/static/chunks/node_modules_next_dist_client_0r5nbpw._.js:8207:21)
    at async fetchServerResponse (http://localhost:3000/_next/static/chunks/node_modules_next_dist_client_0r5nbpw._.js:8051:21)
    at async fetchMissingDynamicData (http://localhost:3000/_next/static/chunks/node_modules_next_dist_client_0r5nbpw._.js:9464:24) @ http://localhost:3000/_next/static/chunks/node_modules_next_dist_1ybzpk2._.js:3318
[15204191ms] [ERROR] Failed to load resource: net::ERR_NETWORK_CHANGED @ http://localhost:3000/en/login?reason=idle&_rsc=vC3-Au21QXuX1vqq:0
[15204191ms] [ERROR] Failed to fetch RSC payload for http://localhost:3000/en/login?reason=idle. Falling back to browser navigation. TypeError: Failed to fetch
    at createFetch (http://localhost:3000/_next/static/chunks/node_modules_next_dist_client_0r5nbpw._.js:8207:21)
    at async fetchServerResponse (http://localhost:3000/_next/static/chunks/node_modules_next_dist_client_0r5nbpw._.js:8051:21)
    at async fetchMissingDynamicData (http://localhost:3000/_next/static/chunks/node_modules_next_dist_client_0r5nbpw._.js:9464:24) @ http://localhost:3000/_next/static/chunks/node_modules_next_dist_1ybzpk2._.js:3318
[15204192ms] [ERROR] Failed to load resource: net::ERR_NETWORK_CHANGED @ http://localhost:3000/en/login?reason=idle&_rsc=vC3-Au21QXuX1vqq:0
[15204192ms] [ERROR] Failed to fetch RSC payload for http://localhost:3000/en/login?reason=idle. Falling back to browser navigation. TypeError: Failed to fetch
    at createFetch (http://localhost:3000/_next/static/chunks/node_modules_next_dist_client_0r5nbpw._.js:8207:21)
    at async fetchServerResponse (http://localhost:3000/_next/static/chunks/node_modules_next_dist_client_0r5nbpw._.js:8051:21)
    at async fetchMissingDynamicData (http://localhost:3000/_next/static/chunks/node_modules_next_dist_client_0r5nbpw._.js:9464:24) @ http://localhost:3000/_next/static/chunks/node_modules_next_dist_1ybzpk2._.js:3318
[15204192ms] [ERROR] Failed to load resource: net::ERR_NETWORK_CHANGED @ http://localhost:3000/en/login?reason=idle&_rsc=vC3-Au21QXuX1vqq:0
[15204193ms] [ERROR] Failed to fetch RSC payload for http://localhost:3000/en/login?reason=idle. Falling back to browser navigation. TypeError: Failed to fetch
    at createFetch (http://localhost:3000/_next/static/chunks/node_modules_next_dist_client_0r5nbpw._.js:8207:21)
    at async fetchServerResponse (http://localhost:3000/_next/static/chunks/node_modules_next_dist_client_0r5nbpw._.js:8051:21)
    at async fetchMissingDynamicData (http://localhost:3000/_next/static/chunks/node_modules_next_dist_client_0r5nbpw._.js:9464:24) @ http://localhost:3000/_next/static/chunks/node_modules_next_dist_1ybzpk2._.js:3318
[15204193ms] [ERROR] Failed to load resource: net::ERR_NETWORK_CHANGED @ http://localhost:3000/en/login?reason=idle&_rsc=vC3-Au21QXuX1vqq:0
[15204193ms] [ERROR] Failed to fetch RSC payload for http://localhost:3000/en/login?reason=idle. Falling back to browser navigation. TypeError: Failed to fetch
    at createFetch (http://localhost:3000/_next/static/chunks/node_modules_next_dist_client_0r5nbpw._.js:8207:21)
    at async fetchServerResponse (http://localhost:3000/_next/static/chunks/node_modules_next_dist_client_0r5nbpw._.js:8051:21)
    at async fetchMissingDynamicData (http://localhost:3000/_next/static/chunks/node_modules_next_dist_client_0r5nbpw._.js:9464:24) @ http://localhost:3000/_next/static/chunks/node_modules_next_dist_1ybzpk2._.js:3318
[15204194ms] [ERROR] Failed to load resource: net::ERR_NETWORK_CHANGED @ http://localhost:3000/en/login?reason=idle&_rsc=vC3-Au21QXuX1vqq:0
[15204194ms] [ERROR] Failed to fetch RSC payload for http://localhost:3000/en/login?reason=idle. Falling back to browser navigation. TypeError: Failed to fetch
    at createFetch (http://localhost:3000/_next/static/chunks/node_modules_next_dist_client_0r5nbpw._.js:8207:21)
    at async fetchServerResponse (http://localhost:3000/_next/static/chunks/node_modules_next_dist_client_0r5nbpw._.js:8051:21)
    at async fetchMissingDynamicData (http://localhost:3000/_next/static/chunks/node_modules_next_dist_client_0r5nbpw._.js:9464:24) @ http://localhost:3000/_next/static/chunks/node_modules_next_dist_1ybzpk2._.js:3318
[15204195ms] [ERROR] Failed to load resource: net::ERR_NETWORK_CHANGED @ http://localhost:3000/en/login?reason=idle&_rsc=vC3-Au21QXuX1vqq:0
[15204195ms] [ERROR] Failed to fetch RSC payload for http://localhost:3000/en/login?reason=idle. Falling back to browser navigation. TypeError: Failed to fetch
    at createFetch (http://localhost:3000/_next/static/chunks/node_modules_next_dist_client_0r5nbpw._.js:8207:21)
    at async fetchServerResponse (http://localhost:3000/_next/static/chunks/node_modules_next_dist_client_0r5nbpw._.js:8051:21)
    at async fetchMissingDynamicData (http://localhost:3000/_next/static/chunks/node_modules_next_dist_client_0r5nbpw._.js:9464:24) @ http://localhost:3000/_next/static/chunks/node_modules_next_dist_1ybzpk2._.js:3318
[15204196ms] [ERROR] Failed to load resource: net::ERR_NETWORK_CHANGED @ http://localhost:3000/en/login?reason=idle&_rsc=vC3-Au21QXuX1vqq:0
[15204196ms] [ERROR] Failed to fetch RSC payload for http://localhost:3000/en/login?reason=idle. Falling back to browser navigation. TypeError: Failed to fetch
    at createFetch (http://localhost:3000/_next/static/chunks/node_modules_next_dist_client_0r5nbpw._.js:8207:21)
    at async fetchServerResponse (http://localhost:3000/_next/static/chunks/node_modules_next_dist_client_0r5nbpw._.js:8051:21)
    at async fetchMissingDynamicData (http://localhost:3000/_next/static/chunks/node_modules_next_dist_client_0r5nbpw._.js:9464:24) @ http://localhost:3000/_next/static/chunks/node_modules_next_dist_1ybzpk2._.js:3318
[15204196ms] [ERROR] Failed to load resource: net::ERR_NETWORK_CHANGED @ http://localhost:3000/en/login?reason=idle&_rsc=vC3-Au21QXuX1vqq:0
[15204196ms] [ERROR] Failed to fetch RSC payload for http://localhost:3000/en/login?reason=idle. Falling back to browser navigation. TypeError: Failed to fetch
    at createFetch (http://localhost:3000/_next/static/chunks/node_modules_next_dist_client_0r5nbpw._.js:8207:21)
    at async fetchServerResponse (http://localhost:3000/_next/static/chunks/node_modules_next_dist_client_0r5nbpw._.js:8051:21)
    at async fetchMissingDynamicData (http://localhost:3000/_next/static/chunks/node_modules_next_dist_client_0r5nbpw._.js:9464:24) @ http://localhost:3000/_next/static/chunks/node_modules_next_dist_1ybzpk2._.js:3318
[15204197ms] [ERROR] Failed to load resource: net::ERR_NETWORK_CHANGED @ http://localhost:3000/en/login?reason=idle&_rsc=vC3-Au21QXuX1vqq:0
[15204197ms] [ERROR] Failed to fetch RSC payload for http://localhost:3000/en/login?reason=idle. Falling back to browser navigation. TypeError: Failed to fetch
    at createFetch (http://localhost:3000/_next/static/chunks/node_modules_next_dist_client_0r5nbpw._.js:8207:21)
    at async fetchServerResponse (http://localhost:3000/_next/static/chunks/node_modules_next_dist_client_0r5nbpw._.js:8051:21)
    at async fetchMissingDynamicData (http://localhost:3000/_next/static/chunks/node_modules_next_dist_client_0r5nbpw._.js:9464:24) @ http://localhost:3000/_next/static/chunks/node_modules_next_dist_1ybzpk2._.js:3318
[15204199ms] [ERROR] Failed to load resource: net::ERR_NETWORK_CHANGED @ http://localhost:3000/en/login?reason=idle&_rsc=vC3-Au21QXuX1vqq:0
[15204199ms] [ERROR] Failed to fetch RSC payload for http://localhost:3000/en/login?reason=idle. Falling back to browser navigation. TypeError: Failed to fetch
    at createFetch (http://localhost:3000/_next/static/chunks/node_modules_next_dist_client_0r5nbpw._.js:8207:21)
    at async fetchServerResponse (http://localhost:3000/_next/static/chunks/node_modules_next_dist_client_0r5nbpw._.js:8051:21)
    at async fetchMissingDynamicData (http://localhost:3000/_next/static/chunks/node_modules_next_dist_client_0r5nbpw._.js:9464:24) @ http://localhost:3000/_next/static/chunks/node_modules_next_dist_1ybzpk2._.js:3318
[15204199ms] [ERROR] Failed to load resource: net::ERR_NETWORK_CHANGED @ http://localhost:3000/en/login?reason=idle&_rsc=vC3-Au21QXuX1vqq:0
[15204199ms] [ERROR] Failed to fetch RSC payload for http://localhost:3000/en/login?reason=idle. Falling back to browser navigation. TypeError: Failed to fetch
    at createFetch (http://localhost:3000/_next/static/chunks/node_modules_next_dist_client_0r5nbpw._.js:8207:21)
    at async fetchServerResponse (http://localhost:3000/_next/static/chunks/node_modules_next_dist_client_0r5nbpw._.js:8051:21)
    at async fetchMissingDynamicData (http://localhost:3000/_next/static/chunks/node_modules_next_dist_client_0r5nbpw._.js:9464:24) @ http://localhost:3000/_next/static/chunks/node_modules_next_dist_1ybzpk2._.js:3318
[15204200ms] [ERROR] Failed to load resource: net::ERR_NETWORK_CHANGED @ http://localhost:3000/en/login?reason=idle&_rsc=vC3-Au21QXuX1vqq:0
[15204200ms] [ERROR] Failed to fetch RSC payload for http://localhost:3000/en/login?reason=idle. Falling back to browser navigation. TypeError: Failed to fetch
    at createFetch (http://localhost:3000/_next/static/chunks/node_modules_next_dist_client_0r5nbpw._.js:8207:21)
    at async fetchServerResponse (http://localhost:3000/_next/static/chunks/node_modules_next_dist_client_0r5nbpw._.js:8051:21)
    at async fetchMissingDynamicData (http://localhost:3000/_next/static/chunks/node_modules_next_dist_client_0r5nbpw._.js:9464:24) @ http://localhost:3000/_next/static/chunks/node_modules_next_dist_1ybzpk2._.js:3318
[15204201ms] [ERROR] Failed to load resource: net::ERR_NETWORK_CHANGED @ http://localhost:3000/en/login?reason=idle&_rsc=vC3-Au21QXuX1vqq:0
[15204202ms] [ERROR] Failed to fetch RSC payload for http://localhost:3000/en/login?reason=idle. Falling back to browser navigation. TypeError: Failed to fetch
    at createFetch (http://localhost:3000/_next/static/chunks/node_modules_next_dist_client_0r5nbpw._.js:8207:21)
    at async fetchServerResponse (http://localhost:3000/_next/static/chunks/node_modules_next_dist_client_0r5nbpw._.js:8051:21)
    at async fetchMissingDynamicData (http://localhost:3000/_next/static/chunks/node_modules_next_dist_client_0r5nbpw._.js:9464:24) @ http://localhost:3000/_next/static/chunks/node_modules_next_dist_1ybzpk2._.js:3318
[15204203ms] [ERROR] Failed to load resource: net::ERR_NETWORK_CHANGED @ http://localhost:3000/en/login?reason=idle&_rsc=vC3-Au21QXuX1vqq:0
[15204203ms] [ERROR] Failed to fetch RSC payload for http://localhost:3000/en/login?reason=idle. Falling back to browser navigation. TypeError: Failed to fetch
    at createFetch (http://localhost:3000/_next/static/chunks/node_modules_next_dist_client_0r5nbpw._.js:8207:21)
    at async fetchServerResponse (http://localhost:3000/_next/static/chunks/node_modules_next_dist_client_0r5nbpw._.js:8051:21)
    at async fetchMissingDynamicData (http://localhost:3000/_next/static/chunks/node_modules_next_dist_client_0r5nbpw._.js:9464:24) @ http://localhost:3000/_next/static/chunks/node_modules_next_dist_1ybzpk2._.js:3318
[15204204ms] [ERROR] Failed to load resource: net::ERR_NETWORK_CHANGED @ http://localhost:3000/en/login?reason=idle&_rsc=vC3-Au21QXuX1vqq:0
[15204204ms] [ERROR] Failed to fetch RSC payload for http://localhost:3000/en/login?reason=idle. Falling back to browser navigation. TypeError: Failed to fetch
    at createFetch (http://localhost:3000/_next/static/chunks/node_modules_next_dist_client_0r5nbpw._.js:8207:21)
    at async fetchServerResponse (http://localhost:3000/_next/static/chunks/node_modules_next_dist_client_0r5nbpw._.js:8051:21)
    at async fetchMissingDynamicData (http://localhost:3000/_next/static/chunks/node_modules_next_dist_client_0r5nbpw._.js:9464:24) @ http://localhost:3000/_next/static/chunks/node_modules_next_dist_1ybzpk2._.js:3318
[15204206ms] [ERROR] Failed to load resource: net::ERR_NETWORK_CHANGED @ http://localhost:3000/en/login?reason=idle&_rsc=vC3-Au21QXuX1vqq:0
[15204206ms] [ERROR] Failed to fetch RSC payload for http://localhost:3000/en/login?reason=idle. Falling back to browser navigation. TypeError: Failed to fetch
    at createFetch (http://localhost:3000/_next/static/chunks/node_modules_next_dist_client_0r5nbpw._.js:8207:21)
    at async fetchServerResponse (http://localhost:3000/_next/static/chunks/node_modules_next_dist_client_0r5nbpw._.js:8051:21)
    at async fetchMissingDynamicData (http://localhost:3000/_next/static/chunks/node_modules_next_dist_client_0r5nbpw._.js:9464:24) @ http://localhost:3000/_next/static/chunks/node_modules_next_dist_1ybzpk2._.js:3318
[15204207ms] [ERROR] Failed to load resource: net::ERR_NETWORK_CHANGED @ http://localhost:3000/en/login?reason=idle&_rsc=vC3-Au21QXuX1vqq:0
[15204207ms] [ERROR] Failed to fetch RSC payload for http://localhost:3000/en/login?reason=idle. Falling back to browser navigation. TypeError: Failed to fetch
    at createFetch (http://localhost:3000/_next/static/chunks/node_modules_next_dist_client_0r5nbpw._.js:8207:21)
    at async fetchServerResponse (http://localhost:3000/_next/static/chunks/node_modules_next_dist_client_0r5nbpw._.js:8051:21)
    at async fetchMissingDynamicData (http://localhost:3000/_next/static/chunks/node_modules_next_dist_client_0r5nbpw._.js:9464:24) @ http://localhost:3000/_next/static/chunks/node_modules_next_dist_1ybzpk2._.js:3318
[15204207ms] [ERROR] Failed to load resource: net::ERR_NETWORK_CHANGED @ http://localhost:3000/en/login?reason=idle&_rsc=vC3-Au21QXuX1vqq:0
[15204208ms] [ERROR] Failed to fetch RSC payload for http://localhost:3000/en/login?reason=idle. Falling back to browser navigation. TypeError: Failed to fetch
    at createFetch (http://localhost:3000/_next/static/chunks/node_modules_next_dist_client_0r5nbpw._.js:8207:21)
    at async fetchServerResponse (http://localhost:3000/_next/static/chunks/node_modules_next_dist_client_0r5nbpw._.js:8051:21)
    at async fetchMissingDynamicData (http://localhost:3000/_next/static/chunks/node_modules_next_dist_client_0r5nbpw._.js:9464:24) @ http://localhost:3000/_next/static/chunks/node_modules_next_dist_1ybzpk2._.js:3318
[15204208ms] [ERROR] Failed to load resource: net::ERR_NETWORK_CHANGED @ http://localhost:3000/en/login?reason=idle&_rsc=vC3-Au21QXuX1vqq:0
[15204208ms] [ERROR] Failed to fetch RSC payload for http://localhost:3000/en/login?reason=idle. Falling back to browser navigation. TypeError: Failed to fetch
    at createFetch (http://localhost:3000/_next/static/chunks/node_modules_next_dist_client_0r5nbpw._.js:8207:21)
    at async fetchServerResponse (http://localhost:3000/_next/static/chunks/node_modules_next_dist_client_0r5nbpw._.js:8051:21)
    at async fetchMissingDynamicData (http://localhost:3000/_next/static/chunks/node_modules_next_dist_client_0r5nbpw._.js:9464:24) @ http://localhost:3000/_next/static/chunks/node_modules_next_dist_1ybzpk2._.js:3318
[15204227ms] [ERROR] Failed to load resource: net::ERR_NETWORK_CHANGED @ http://localhost:3000/en/login?reason=idle&_rsc=vC3-Au21QXuX1vqq:0
[15204229ms] [ERROR] Failed to fetch RSC payload for http://localhost:3000/en/login?reason=idle. Falling back to browser navigation. TypeError: Failed to fetch
    at createFetch (http://localhost:3000/_next/static/chunks/node_modules_next_dist_client_0r5nbpw._.js:8207:21)
    at async fetchServerResponse (http://localhost:3000/_next/static/chunks/node_modules_next_dist_client_0r5nbpw._.js:8051:21)
    at async fetchMissingDynamicData (http://localhost:3000/_next/static/chunks/node_modules_next_dist_client_0r5nbpw._.js:9464:24) @ http://localhost:3000/_next/static/chunks/node_modules_next_dist_1ybzpk2._.js:3318
[15204231ms] [ERROR] Failed to load resource: net::ERR_NETWORK_CHANGED @ http://localhost:3000/en/login?reason=idle&_rsc=vC3-Au21QXuX1vqq:0
[15204231ms] [ERROR] Failed to fetch RSC payload for http://localhost:3000/en/login?reason=idle. Falling back to browser navigation. TypeError: Failed to fetch
    at createFetch (http://localhost:3000/_next/static/chunks/node_modules_next_dist_client_0r5nbpw._.js:8207:21)
    at async fetchServerResponse (http://localhost:3000/_next/static/chunks/node_modules_next_dist_client_0r5nbpw._.js:8051:21)
    at async fetchMissingDynamicData (http://localhost:3000/_next/static/chunks/node_modules_next_dist_client_0r5nbpw._.js:9464:24) @ http://localhost:3000/_next/static/chunks/node_modules_next_dist_1ybzpk2._.js:3318
[15204232ms] [ERROR] Failed to load resource: net::ERR_NETWORK_CHANGED @ http://localhost:3000/en/login?reason=idle&_rsc=vC3-Au21QXuX1vqq:0
[15204233ms] [ERROR] Failed to fetch RSC payload for http://localhost:3000/en/login?reason=idle. Falling back to browser navigation. TypeError: Failed to fetch
    at createFetch (http://localhost:3000/_next/static/chunks/node_modules_next_dist_client_0r5nbpw._.js:8207:21)
    at async fetchServerResponse (http://localhost:3000/_next/static/chunks/node_modules_next_dist_client_0r5nbpw._.js:8051:21)
    at async fetchMissingDynamicData (http://localhost:3000/_next/static/chunks/node_modules_next_dist_client_0r5nbpw._.js:9464:24) @ http://localhost:3000/_next/static/chunks/node_modules_next_dist_1ybzpk2._.js:3318
[15204248ms] [ERROR] Failed to load resource: net::ERR_NETWORK_CHANGED @ http://localhost:3000/en/login?reason=idle&_rsc=vC3-Au21QXuX1vqq:0
[15204248ms] [ERROR] Failed to fetch RSC payload for http://localhost:3000/en/login?reason=idle. Falling back to browser navigation. TypeError: Failed to fetch
    at createFetch (http://localhost:3000/_next/static/chunks/node_modules_next_dist_client_0r5nbpw._.js:8207:21)
    at async fetchServerResponse (http://localhost:3000/_next/static/chunks/node_modules_next_dist_client_0r5nbpw._.js:8051:21)
    at async fetchMissingDynamicData (http://localhost:3000/_next/static/chunks/node_modules_next_dist_client_0r5nbpw._.js:9464:24) @ http://localhost:3000/_next/static/chunks/node_modules_next_dist_1ybzpk2._.js:3318
[15204249ms] [ERROR] Failed to load resource: net::ERR_NETWORK_CHANGED @ http://localhost:3000/en/login?reason=idle&_rsc=vC3-Au21QXuX1vqq:0
[15204249ms] [ERROR] Failed to fetch RSC payload for http://localhost:3000/en/login?reason=idle. Falling back to browser navigation. TypeError: Failed to fetch
    at createFetch (http://localhost:3000/_next/static/chunks/node_modules_next_dist_client_0r5nbpw._.js:8207:21)
    at async fetchServerResponse (http://localhost:3000/_next/static/chunks/node_modules_next_dist_client_0r5nbpw._.js:8051:21)
    at async fetchMissingDynamicData (http://localhost:3000/_next/static/chunks/node_modules_next_dist_client_0r5nbpw._.js:9464:24) @ http://localhost:3000/_next/static/chunks/node_modules_next_dist_1ybzpk2._.js:3318
[15204250ms] [ERROR] Failed to load resource: net::ERR_NETWORK_CHANGED @ http://localhost:3000/en/login?reason=idle&_rsc=vC3-Au21QXuX1vqq:0
[15204251ms] [ERROR] Failed to fetch RSC payload for http://localhost:3000/en/login?reason=idle. Falling back to browser navigation. TypeError: Failed to fetch
    at createFetch (http://localhost:3000/_next/static/chunks/node_modules_next_dist_client_0r5nbpw._.js:8207:21)
    at async fetchServerResponse (http://localhost:3000/_next/static/chunks/node_modules_next_dist_client_0r5nbpw._.js:8051:21)
    at async fetchMissingDynamicData (http://localhost:3000/_next/static/chunks/node_modules_next_dist_client_0r5nbpw._.js:9464:24) @ http://localhost:3000/_next/static/chunks/node_modules_next_dist_1ybzpk2._.js:3318
[15204251ms] [ERROR] Failed to load resource: net::ERR_NETWORK_CHANGED @ http://localhost:3000/en/login?reason=idle&_rsc=vC3-Au21QXuX1vqq:0
[15204255ms] [ERROR] Failed to fetch RSC payload for http://localhost:3000/en/login?reason=idle. Falling back to browser navigation. TypeError: Failed to fetch
    at createFetch (http://localhost:3000/_next/static/chunks/node_modules_next_dist_client_0r5nbpw._.js:8207:21)
    at async fetchServerResponse (http://localhost:3000/_next/static/chunks/node_modules_next_dist_client_0r5nbpw._.js:8051:21)
    at async fetchMissingDynamicData (http://localhost:3000/_next/static/chunks/node_modules_next_dist_client_0r5nbpw._.js:9464:24) @ http://localhost:3000/_next/static/chunks/node_modules_next_dist_1ybzpk2._.js:3318
[15204256ms] [ERROR] Failed to load resource: net::ERR_NETWORK_CHANGED @ http://localhost:3000/en/login?reason=idle&_rsc=vC3-Au21QXuX1vqq:0
[15204256ms] [ERROR] Failed to fetch RSC payload for http://localhost:3000/en/login?reason=idle. Falling back to browser navigation. TypeError: Failed to fetch
    at createFetch (http://localhost:3000/_next/static/chunks/node_modules_next_dist_client_0r5nbpw._.js:8207:21)
    at async fetchServerResponse (http://localhost:3000/_next/static/chunks/node_modules_next_dist_client_0r5nbpw._.js:8051:21)
    at async fetchMissingDynamicData (http://localhost:3000/_next/static/chunks/node_modules_next_dist_client_0r5nbpw._.js:9464:24) @ http://localhost:3000/_next/static/chunks/node_modules_next_dist_1ybzpk2._.js:3318
[15204257ms] [ERROR] Failed to load resource: net::ERR_NETWORK_CHANGED @ http://localhost:3000/en/login?reason=idle&_rsc=vC3-Au21QXuX1vqq:0
[15204257ms] [ERROR] Failed to fetch RSC payload for http://localhost:3000/en/login?reason=idle. Falling back to browser navigation. TypeError: Failed to fetch
    at createFetch (http://localhost:3000/_next/static/chunks/node_modules_next_dist_client_0r5nbpw._.js:8207:21)
    at async fetchServerResponse (http://localhost:3000/_next/static/chunks/node_modules_next_dist_client_0r5nbpw._.js:8051:21)
    at async fetchMissingDynamicData (http://localhost:3000/_next/static/chunks/node_modules_next_dist_client_0r5nbpw._.js:9464:24) @ http://localhost:3000/_next/static/chunks/node_modules_next_dist_1ybzpk2._.js:3318
[15204272ms] [ERROR] Failed to load resource: net::ERR_NETWORK_CHANGED @ http://localhost:3000/en/login?reason=idle&_rsc=vC3-Au21QXuX1vqq:0
[15204272ms] [ERROR] Failed to fetch RSC payload for http://localhost:3000/en/login?reason=idle. Falling back to browser navigation. TypeError: Failed to fetch
    at createFetch (http://localhost:3000/_next/static/chunks/node_modules_next_dist_client_0r5nbpw._.js:8207:21)
    at async fetchServerResponse (http://localhost:3000/_next/static/chunks/node_modules_next_dist_client_0r5nbpw._.js:8051:21)
    at async fetchMissingDynamicData (http://localhost:3000/_next/static/chunks/node_modules_next_dist_client_0r5nbpw._.js:9464:24) @ http://localhost:3000/_next/static/chunks/node_modules_next_dist_1ybzpk2._.js:3318
[15204288ms] [ERROR] Failed to load resource: net::ERR_NETWORK_CHANGED @ http://localhost:3000/en/login?reason=idle&_rsc=vC3-Au21QXuX1vqq:0
[15204290ms] [ERROR] Failed to fetch RSC payload for http://localhost:3000/en/login?reason=idle. Falling back to browser navigation. TypeError: Failed to fetch
    at createFetch (http://localhost:3000/_next/static/chunks/node_modules_next_dist_client_0r5nbpw._.js:8207:21)
    at async fetchServerResponse (http://localhost:3000/_next/static/chunks/node_modules_next_dist_client_0r5nbpw._.js:8051:21)
    at async fetchMissingDynamicData (http://localhost:3000/_next/static/chunks/node_modules_next_dist_client_0r5nbpw._.js:9464:24) @ http://localhost:3000/_next/static/chunks/node_modules_next_dist_1ybzpk2._.js:3318
[15204294ms] [ERROR] Failed to load resource: net::ERR_NETWORK_CHANGED @ http://localhost:3000/en/login?reason=idle&_rsc=vC3-Au21QXuX1vqq:0
[15204294ms] [ERROR] Failed to fetch RSC payload for http://localhost:3000/en/login?reason=idle. Falling back to browser navigation. TypeError: Failed to fetch
    at createFetch (http://localhost:3000/_next/static/chunks/node_modules_next_dist_client_0r5nbpw._.js:8207:21)
    at async fetchServerResponse (http://localhost:3000/_next/static/chunks/node_modules_next_dist_client_0r5nbpw._.js:8051:21)
    at async fetchMissingDynamicData (http://localhost:3000/_next/static/chunks/node_modules_next_dist_client_0r5nbpw._.js:9464:24) @ http://localhost:3000/_next/static/chunks/node_modules_next_dist_1ybzpk2._.js:3318
[15204297ms] [ERROR] Failed to load resource: net::ERR_NETWORK_CHANGED @ http://localhost:3000/en/login?reason=idle&_rsc=vC3-Au21QXuX1vqq:0
[15204298ms] [ERROR] Failed to fetch RSC payload for http://localhost:3000/en/login?reason=idle. Falling back to browser navigation. TypeError: Failed to fetch
    at createFetch (http://localhost:3000/_next/static/chunks/node_modules_next_dist_client_0r5nbpw._.js:8207:21)
    at async fetchServerResponse (http://localhost:3000/_next/static/chunks/node_modules_next_dist_client_0r5nbpw._.js:8051:21)
    at async fetchMissingDynamicData (http://localhost:3000/_next/static/chunks/node_modules_next_dist_client_0r5nbpw._.js:9464:24) @ http://localhost:3000/_next/static/chunks/node_modules_next_dist_1ybzpk2._.js:3318
[15204299ms] [ERROR] Failed to load resource: net::ERR_NETWORK_CHANGED @ http://localhost:3000/en/login?reason=idle&_rsc=vC3-Au21QXuX1vqq:0
[15204299ms] [ERROR] Failed to fetch RSC payload for http://localhost:3000/en/login?reason=idle. Falling back to browser navigation. TypeError: Failed to fetch
    at createFetch (http://localhost:3000/_next/static/chunks/node_modules_next_dist_client_0r5nbpw._.js:8207:21)
    at async fetchServerResponse (http://localhost:3000/_next/static/chunks/node_modules_next_dist_client_0r5nbpw._.js:8051:21)
    at async fetchMissingDynamicData (http://localhost:3000/_next/static/chunks/node_modules_next_dist_client_0r5nbpw._.js:9464:24) @ http://localhost:3000/_next/static/chunks/node_modules_next_dist_1ybzpk2._.js:3318
[15204302ms] [ERROR] Failed to load resource: net::ERR_NETWORK_CHANGED @ http://localhost:3000/en/login?reason=idle&_rsc=vC3-Au21QXuX1vqq:0
[15204303ms] [ERROR] Failed to fetch RSC payload for http://localhost:3000/en/login?reason=idle. Falling back to browser navigation. TypeError: Failed to fetch
    at createFetch (http://localhost:3000/_next/static/chunks/node_modules_next_dist_client_0r5nbpw._.js:8207:21)
    at async fetchServerResponse (http://localhost:3000/_next/static/chunks/node_modules_next_dist_client_0r5nbpw._.js:8051:21)
    at async fetchMissingDynamicData (http://localhost:3000/_next/static/chunks/node_modules_next_dist_client_0r5nbpw._.js:9464:24) @ http://localhost:3000/_next/static/chunks/node_modules_next_dist_1ybzpk2._.js:3318
[15204309ms] [ERROR] Failed to load resource: net::ERR_NETWORK_CHANGED @ http://localhost:3000/en/login?reason=idle&_rsc=vC3-Au21QXuX1vqq:0
[15204309ms] [ERROR] Failed to fetch RSC payload for http://localhost:3000/en/login?reason=idle. Falling back to browser navigation. TypeError: Failed to fetch
    at createFetch (http://localhost:3000/_next/static/chunks/node_modules_next_dist_client_0r5nbpw._.js:8207:21)
    at async fetchServerResponse (http://localhost:3000/_next/static/chunks/node_modules_next_dist_client_0r5nbpw._.js:8051:21)
    at async fetchMissingDynamicData (http://localhost:3000/_next/static/chunks/node_modules_next_dist_client_0r5nbpw._.js:9464:24) @ http://localhost:3000/_next/static/chunks/node_modules_next_dist_1ybzpk2._.js:3318
[15204312ms] [ERROR] Failed to load resource: net::ERR_NETWORK_CHANGED @ http://localhost:3000/en/login?reason=idle&_rsc=vC3-Au21QXuX1vqq:0
[15204313ms] [ERROR] Failed to fetch RSC payload for http://localhost:3000/en/login?reason=idle. Falling back to browser navigation. TypeError: Failed to fetch
    at createFetch (http://localhost:3000/_next/static/chunks/node_modules_next_dist_client_0r5nbpw._.js:8207:21)
    at async fetchServerResponse (http://localhost:3000/_next/static/chunks/node_modules_next_dist_client_0r5nbpw._.js:8051:21)
    at async fetchMissingDynamicData (http://localhost:3000/_next/static/chunks/node_modules_next_dist_client_0r5nbpw._.js:9464:24) @ http://localhost:3000/_next/static/chunks/node_modules_next_dist_1ybzpk2._.js:3318
[15204315ms] [ERROR] Failed to load resource: net::ERR_NETWORK_CHANGED @ http://localhost:3000/en/login?reason=idle&_rsc=vC3-Au21QXuX1vqq:0
[15204316ms] [ERROR] Failed to fetch RSC payload for http://localhost:3000/en/login?reason=idle. Falling back to browser navigation. TypeError: Failed to fetch
    at createFetch (http://localhost:3000/_next/static/chunks/node_modules_next_dist_client_0r5nbpw._.js:8207:21)
    at async fetchServerResponse (http://localhost:3000/_next/static/chunks/node_modules_next_dist_client_0r5nbpw._.js:8051:21)
    at async fetchMissingDynamicData (http://localhost:3000/_next/static/chunks/node_modules_next_dist_client_0r5nbpw._.js:9464:24) @ http://localhost:3000/_next/static/chunks/node_modules_next_dist_1ybzpk2._.js:3318
[15204318ms] [ERROR] Failed to load resource: net::ERR_NETWORK_CHANGED @ http://localhost:3000/en/login?reason=idle&_rsc=vC3-Au21QXuX1vqq:0
[15204318ms] [ERROR] Failed to fetch RSC payload for http://localhost:3000/en/login?reason=idle. Falling back to browser navigation. TypeError: Failed to fetch
    at createFetch (http://localhost:3000/_next/static/chunks/node_modules_next_dist_client_0r5nbpw._.js:8207:21)
    at async fetchServerResponse (http://localhost:3000/_next/static/chunks/node_modules_next_dist_client_0r5nbpw._.js:8051:21)
    at async fetchMissingDynamicData (http://localhost:3000/_next/static/chunks/node_modules_next_dist_client_0r5nbpw._.js:9464:24) @ http://localhost:3000/_next/static/chunks/node_modules_next_dist_1ybzpk2._.js:3318
[15204319ms] [ERROR] Failed to load resource: net::ERR_NETWORK_CHANGED @ http://localhost:3000/en/login?reason=idle&_rsc=vC3-Au21QXuX1vqq:0
[15204319ms] [ERROR] Failed to fetch RSC payload for http://localhost:3000/en/login?reason=idle. Falling back to browser navigation. TypeError: Failed to fetch
    at createFetch (http://localhost:3000/_next/static/chunks/node_modules_next_dist_client_0r5nbpw._.js:8207:21)
    at async fetchServerResponse (http://localhost:3000/_next/static/chunks/node_modules_next_dist_client_0r5nbpw._.js:8051:21)
    at async fetchMissingDynamicData (http://localhost:3000/_next/static/chunks/node_modules_next_dist_client_0r5nbpw._.js:9464:24) @ http://localhost:3000/_next/static/chunks/node_modules_next_dist_1ybzpk2._.js:3318
[15204322ms] [ERROR] Failed to load resource: net::ERR_NETWORK_CHANGED @ http://localhost:3000/en/login?reason=idle&_rsc=vC3-Au21QXuX1vqq:0
[15204323ms] [ERROR] Failed to fetch RSC payload for http://localhost:3000/en/login?reason=idle. Falling back to browser navigation. TypeError: Failed to fetch
    at createFetch (http://localhost:3000/_next/static/chunks/node_modules_next_dist_client_0r5nbpw._.js:8207:21)
    at async fetchServerResponse (http://localhost:3000/_next/static/chunks/node_modules_next_dist_client_0r5nbpw._.js:8051:21)
    at async fetchMissingDynamicData (http://localhost:3000/_next/static/chunks/node_modules_next_dist_client_0r5nbpw._.js:9464:24) @ http://localhost:3000/_next/static/chunks/node_modules_next_dist_1ybzpk2._.js:3318
[15204324ms] [ERROR] Failed to load resource: net::ERR_NETWORK_CHANGED @ http://localhost:3000/en/login?reason=idle&_rsc=vC3-Au21QXuX1vqq:0
[15204324ms] [ERROR] Failed to fetch RSC payload for http://localhost:3000/en/login?reason=idle. Falling back to browser navigation. TypeError: Failed to fetch
    at createFetch (http://localhost:3000/_next/static/chunks/node_modules_next_dist_client_0r5nbpw._.js:8207:21)
    at async fetchServerResponse (http://localhost:3000/_next/static/chunks/node_modules_next_dist_client_0r5nbpw._.js:8051:21)
    at async fetchMissingDynamicData (http://localhost:3000/_next/static/chunks/node_modules_next_dist_client_0r5nbpw._.js:9464:24) @ http://localhost:3000/_next/static/chunks/node_modules_next_dist_1ybzpk2._.js:3318
[15204325ms] [ERROR] Failed to load resource: net::ERR_NETWORK_CHANGED @ http://localhost:3000/en/login?reason=idle&_rsc=vC3-Au21QXuX1vqq:0
[15204325ms] [ERROR] Failed to fetch RSC payload for http://localhost:3000/en/login?reason=idle. Falling back to browser navigation. TypeError: Failed to fetch
    at createFetch (http://localhost:3000/_next/static/chunks/node_modules_next_dist_client_0r5nbpw._.js:8207:21)
    at async fetchServerResponse (http://localhost:3000/_next/static/chunks/node_modules_next_dist_client_0r5nbpw._.js:8051:21)
    at async fetchMissingDynamicData (http://localhost:3000/_next/static/chunks/node_modules_next_dist_client_0r5nbpw._.js:9464:24) @ http://localhost:3000/_next/static/chunks/node_modules_next_dist_1ybzpk2._.js:3318
[15204326ms] [ERROR] Failed to load resource: net::ERR_NETWORK_CHANGED @ http://localhost:3000/en/login?reason=idle&_rsc=vC3-Au21QXuX1vqq:0
[15204326ms] [ERROR] Failed to fetch RSC payload for http://localhost:3000/en/login?reason=idle. Falling back to browser navigation. TypeError: Failed to fetch
    at createFetch (http://localhost:3000/_next/static/chunks/node_modules_next_dist_client_0r5nbpw._.js:8207:21)
    at async fetchServerResponse (http://localhost:3000/_next/static/chunks/node_modules_next_dist_client_0r5nbpw._.js:8051:21)
    at async fetchMissingDynamicData (http://localhost:3000/_next/static/chunks/node_modules_next_dist_client_0r5nbpw._.js:9464:24) @ http://localhost:3000/_next/static/chunks/node_modules_next_dist_1ybzpk2._.js:3318
[15204327ms] [ERROR] Failed to load resource: net::ERR_NETWORK_CHANGED @ http://localhost:3000/en/login?reason=idle&_rsc=vC3-Au21QXuX1vqq:0
[15204327ms] [ERROR] Failed to fetch RSC payload for http://localhost:3000/en/login?reason=idle. Falling back to browser navigation. TypeError: Failed to fetch
    at createFetch (http://localhost:3000/_next/static/chunks/node_modules_next_dist_client_0r5nbpw._.js:8207:21)
    at async fetchServerResponse (http://localhost:3000/_next/static/chunks/node_modules_next_dist_client_0r5nbpw._.js:8051:21)
    at async fetchMissingDynamicData (http://localhost:3000/_next/static/chunks/node_modules_next_dist_client_0r5nbpw._.js:9464:24) @ http://localhost:3000/_next/static/chunks/node_modules_next_dist_1ybzpk2._.js:3318
[15204331ms] [ERROR] Failed to load resource: net::ERR_NETWORK_CHANGED @ http://localhost:3000/en/login?reason=idle&_rsc=vC3-Au21QXuX1vqq:0
[15204331ms] [ERROR] Failed to fetch RSC payload for http://localhost:3000/en/login?reason=idle. Falling back to browser navigation. TypeError: Failed to fetch
    at createFetch (http://localhost:3000/_next/static/chunks/node_modules_next_dist_client_0r5nbpw._.js:8207:21)
    at async fetchServerResponse (http://localhost:3000/_next/static/chunks/node_modules_next_dist_client_0r5nbpw._.js:8051:21)
    at async fetchMissingDynamicData (http://localhost:3000/_next/static/chunks/node_modules_next_dist_client_0r5nbpw._.js:9464:24) @ http://localhost:3000/_next/static/chunks/node_modules_next_dist_1ybzpk2._.js:3318
[15204332ms] [ERROR] Failed to load resource: net::ERR_NETWORK_CHANGED @ http://localhost:3000/en/login?reason=idle&_rsc=vC3-Au21QXuX1vqq:0
[15204333ms] [ERROR] Failed to fetch RSC payload for http://localhost:3000/en/login?reason=idle. Falling back to browser navigation. TypeError: Failed to fetch
    at createFetch (http://localhost:3000/_next/static/chunks/node_modules_next_dist_client_0r5nbpw._.js:8207:21)
    at async fetchServerResponse (http://localhost:3000/_next/static/chunks/node_modules_next_dist_client_0r5nbpw._.js:8051:21)
    at async fetchMissingDynamicData (http://localhost:3000/_next/static/chunks/node_modules_next_dist_client_0r5nbpw._.js:9464:24) @ http://localhost:3000/_next/static/chunks/node_modules_next_dist_1ybzpk2._.js:3318
[15204334ms] [ERROR] Failed to load resource: net::ERR_NETWORK_CHANGED @ http://localhost:3000/en/login?reason=idle&_rsc=vC3-Au21QXuX1vqq:0
[15204334ms] [ERROR] Failed to fetch RSC payload for http://localhost:3000/en/login?reason=idle. Falling back to browser navigation. TypeError: Failed to fetch
    at createFetch (http://localhost:3000/_next/static/chunks/node_modules_next_dist_client_0r5nbpw._.js:8207:21)
    at async fetchServerResponse (http://localhost:3000/_next/static/chunks/node_modules_next_dist_client_0r5nbpw._.js:8051:21)
    at async fetchMissingDynamicData (http://localhost:3000/_next/static/chunks/node_modules_next_dist_client_0r5nbpw._.js:9464:24) @ http://localhost:3000/_next/static/chunks/node_modules_next_dist_1ybzpk2._.js:3318
[15204335ms] [ERROR] Failed to load resource: net::ERR_NETWORK_CHANGED @ http://localhost:3000/en/login?reason=idle&_rsc=vC3-Au21QXuX1vqq:0
[15204335ms] [ERROR] Failed to fetch RSC payload for http://localhost:3000/en/login?reason=idle. Falling back to browser navigation. TypeError: Failed to fetch
    at createFetch (http://localhost:3000/_next/static/chunks/node_modules_next_dist_client_0r5nbpw._.js:8207:21)
    at async fetchServerResponse (http://localhost:3000/_next/static/chunks/node_modules_next_dist_client_0r5nbpw._.js:8051:21)
    at async fetchMissingDynamicData (http://localhost:3000/_next/static/chunks/node_modules_next_dist_client_0r5nbpw._.js:9464:24) @ http://localhost:3000/_next/static/chunks/node_modules_next_dist_1ybzpk2._.js:3318
[15204337ms] [ERROR] Failed to load resource: net::ERR_NETWORK_CHANGED @ http://localhost:3000/en/login?reason=idle&_rsc=vC3-Au21QXuX1vqq:0
[15204337ms] [ERROR] Failed to fetch RSC payload for http://localhost:3000/en/login?reason=idle. Falling back to browser navigation. TypeError: Failed to fetch
    at createFetch (http://localhost:3000/_next/static/chunks/node_modules_next_dist_client_0r5nbpw._.js:8207:21)
    at async fetchServerResponse (http://localhost:3000/_next/static/chunks/node_modules_next_dist_client_0r5nbpw._.js:8051:21)
    at async fetchMissingDynamicData (http://localhost:3000/_next/static/chunks/node_modules_next_dist_client_0r5nbpw._.js:9464:24) @ http://localhost:3000/_next/static/chunks/node_modules_next_dist_1ybzpk2._.js:3318
[15204338ms] [ERROR] Failed to load resource: net::ERR_NETWORK_CHANGED @ http://localhost:3000/en/login?reason=idle&_rsc=vC3-Au21QXuX1vqq:0
[15204338ms] [ERROR] Failed to fetch RSC payload for http://localhost:3000/en/login?reason=idle. Falling back to browser navigation. TypeError: Failed to fetch
    at createFetch (http://localhost:3000/_next/static/chunks/node_modules_next_dist_client_0r5nbpw._.js:8207:21)
    at async fetchServerResponse (http://localhost:3000/_next/static/chunks/node_modules_next_dist_client_0r5nbpw._.js:8051:21)
    at async fetchMissingDynamicData (http://localhost:3000/_next/static/chunks/node_modules_next_dist_client_0r5nbpw._.js:9464:24) @ http://localhost:3000/_next/static/chunks/node_modules_next_dist_1ybzpk2._.js:3318
[15204340ms] [ERROR] Failed to load resource: net::ERR_NETWORK_CHANGED @ http://localhost:3000/en/login?reason=idle&_rsc=vC3-Au21QXuX1vqq:0
[15204341ms] [ERROR] Failed to fetch RSC payload for http://localhost:3000/en/login?reason=idle. Falling back to browser navigation. TypeError: Failed to fetch
    at createFetch (http://localhost:3000/_next/static/chunks/node_modules_next_dist_client_0r5nbpw._.js:8207:21)
    at async fetchServerResponse (http://localhost:3000/_next/static/chunks/node_modules_next_dist_client_0r5nbpw._.js:8051:21)
    at async fetchMissingDynamicData (http://localhost:3000/_next/static/chunks/node_modules_next_dist_client_0r5nbpw._.js:9464:24) @ http://localhost:3000/_next/static/chunks/node_modules_next_dist_1ybzpk2._.js:3318
[15204342ms] [ERROR] Failed to load resource: net::ERR_NETWORK_CHANGED @ http://localhost:3000/en/login?reason=idle&_rsc=vC3-Au21QXuX1vqq:0
[15204342ms] [ERROR] Failed to fetch RSC payload for http://localhost:3000/en/login?reason=idle. Falling back to browser navigation. TypeError: Failed to fetch
    at createFetch (http://localhost:3000/_next/static/chunks/node_modules_next_dist_client_0r5nbpw._.js:8207:21)
    at async fetchServerResponse (http://localhost:3000/_next/static/chunks/node_modules_next_dist_client_0r5nbpw._.js:8051:21)
    at async fetchMissingDynamicData (http://localhost:3000/_next/static/chunks/node_modules_next_dist_client_0r5nbpw._.js:9464:24) @ http://localhost:3000/_next/static/chunks/node_modules_next_dist_1ybzpk2._.js:3318
[15204343ms] [ERROR] Failed to load resource: net::ERR_NETWORK_CHANGED @ http://localhost:3000/en/login?reason=idle&_rsc=vC3-Au21QXuX1vqq:0
[15204343ms] [ERROR] Failed to fetch RSC payload for http://localhost:3000/en/login?reason=idle. Falling back to browser navigation. TypeError: Failed to fetch
    at createFetch (http://localhost:3000/_next/static/chunks/node_modules_next_dist_client_0r5nbpw._.js:8207:21)
    at async fetchServerResponse (http://localhost:3000/_next/static/chunks/node_modules_next_dist_client_0r5nbpw._.js:8051:21)
    at async fetchMissingDynamicData (http://localhost:3000/_next/static/chunks/node_modules_next_dist_client_0r5nbpw._.js:9464:24) @ http://localhost:3000/_next/static/chunks/node_modules_next_dist_1ybzpk2._.js:3318
[15204344ms] [ERROR] Failed to load resource: net::ERR_NETWORK_CHANGED @ http://localhost:3000/en/login?reason=idle&_rsc=vC3-Au21QXuX1vqq:0
[15204344ms] [ERROR] Failed to fetch RSC payload for http://localhost:3000/en/login?reason=idle. Falling back to browser navigation. TypeError: Failed to fetch
    at createFetch (http://localhost:3000/_next/static/chunks/node_modules_next_dist_client_0r5nbpw._.js:8207:21)
    at async fetchServerResponse (http://localhost:3000/_next/static/chunks/node_modules_next_dist_client_0r5nbpw._.js:8051:21)
    at async fetchMissingDynamicData (http://localhost:3000/_next/static/chunks/node_modules_next_dist_client_0r5nbpw._.js:9464:24) @ http://localhost:3000/_next/static/chunks/node_modules_next_dist_1ybzpk2._.js:3318
[15204345ms] [ERROR] Failed to load resource: net::ERR_NETWORK_CHANGED @ http://localhost:3000/en/login?reason=idle&_rsc=vC3-Au21QXuX1vqq:0
[15204345ms] [ERROR] Failed to fetch RSC payload for http://localhost:3000/en/login?reason=idle. Falling back to browser navigation. TypeError: Failed to fetch
    at createFetch (http://localhost:3000/_next/static/chunks/node_modules_next_dist_client_0r5nbpw._.js:8207:21)
    at async fetchServerResponse (http://localhost:3000/_next/static/chunks/node_modules_next_dist_client_0r5nbpw._.js:8051:21)
    at async fetchMissingDynamicData (http://localhost:3000/_next/static/chunks/node_modules_next_dist_client_0r5nbpw._.js:9464:24) @ http://localhost:3000/_next/static/chunks/node_modules_next_dist_1ybzpk2._.js:3318
[15204347ms] [ERROR] Failed to load resource: net::ERR_NETWORK_CHANGED @ http://localhost:3000/en/login?reason=idle&_rsc=vC3-Au21QXuX1vqq:0
[15204348ms] [ERROR] Failed to fetch RSC payload for http://localhost:3000/en/login?reason=idle. Falling back to browser navigation. TypeError: Failed to fetch
    at createFetch (http://localhost:3000/_next/static/chunks/node_modules_next_dist_client_0r5nbpw._.js:8207:21)
    at async fetchServerResponse (http://localhost:3000/_next/static/chunks/node_modules_next_dist_client_0r5nbpw._.js:8051:21)
    at async fetchMissingDynamicData (http://localhost:3000/_next/static/chunks/node_modules_next_dist_client_0r5nbpw._.js:9464:24) @ http://localhost:3000/_next/static/chunks/node_modules_next_dist_1ybzpk2._.js:3318
[15204349ms] [ERROR] Failed to load resource: net::ERR_NETWORK_CHANGED @ http://localhost:3000/en/login?reason=idle&_rsc=vC3-Au21QXuX1vqq:0
[15204349ms] [ERROR] Failed to fetch RSC payload for http://localhost:3000/en/login?reason=idle. Falling back to browser navigation. TypeError: Failed to fetch
    at createFetch (http://localhost:3000/_next/static/chunks/node_modules_next_dist_client_0r5nbpw._.js:8207:21)
    at async fetchServerResponse (http://localhost:3000/_next/static/chunks/node_modules_next_dist_client_0r5nbpw._.js:8051:21)
    at async fetchMissingDynamicData (http://localhost:3000/_next/static/chunks/node_modules_next_dist_client_0r5nbpw._.js:9464:24) @ http://localhost:3000/_next/static/chunks/node_modules_next_dist_1ybzpk2._.js:3318
[15204350ms] [ERROR] Failed to load resource: net::ERR_NETWORK_CHANGED @ http://localhost:3000/en/login?reason=idle&_rsc=vC3-Au21QXuX1vqq:0
[15204350ms] [ERROR] Failed to fetch RSC payload for http://localhost:3000/en/login?reason=idle. Falling back to browser navigation. TypeError: Failed to fetch
    at createFetch (http://localhost:3000/_next/static/chunks/node_modules_next_dist_client_0r5nbpw._.js:8207:21)
    at async fetchServerResponse (http://localhost:3000/_next/static/chunks/node_modules_next_dist_client_0r5nbpw._.js:8051:21)
    at async fetchMissingDynamicData (http://localhost:3000/_next/static/chunks/node_modules_next_dist_client_0r5nbpw._.js:9464:24) @ http://localhost:3000/_next/static/chunks/node_modules_next_dist_1ybzpk2._.js:3318
[15204351ms] [ERROR] Failed to load resource: net::ERR_NETWORK_CHANGED @ http://localhost:3000/en/login?reason=idle&_rsc=vC3-Au21QXuX1vqq:0
[15204351ms] [ERROR] Failed to fetch RSC payload for http://localhost:3000/en/login?reason=idle. Falling back to browser navigation. TypeError: Failed to fetch
    at createFetch (http://localhost:3000/_next/static/chunks/node_modules_next_dist_client_0r5nbpw._.js:8207:21)
    at async fetchServerResponse (http://localhost:3000/_next/static/chunks/node_modules_next_dist_client_0r5nbpw._.js:8051:21)
    at async fetchMissingDynamicData (http://localhost:3000/_next/static/chunks/node_modules_next_dist_client_0r5nbpw._.js:9464:24) @ http://localhost:3000/_next/static/chunks/node_modules_next_dist_1ybzpk2._.js:3318
[15204353ms] [ERROR] Failed to load resource: net::ERR_NETWORK_CHANGED @ http://localhost:3000/en/login?reason=idle&_rsc=vC3-Au21QXuX1vqq:0
[15204354ms] [ERROR] Failed to fetch RSC payload for http://localhost:3000/en/login?reason=idle. Falling back to browser navigation. TypeError: Failed to fetch
    at createFetch (http://localhost:3000/_next/static/chunks/node_modules_next_dist_client_0r5nbpw._.js:8207:21)
    at async fetchServerResponse (http://localhost:3000/_next/static/chunks/node_modules_next_dist_client_0r5nbpw._.js:8051:21)
    at async fetchMissingDynamicData (http://localhost:3000/_next/static/chunks/node_modules_next_dist_client_0r5nbpw._.js:9464:24) @ http://localhost:3000/_next/static/chunks/node_modules_next_dist_1ybzpk2._.js:3318
[15204355ms] [ERROR] Failed to load resource: net::ERR_NETWORK_CHANGED @ http://localhost:3000/en/login?reason=idle&_rsc=vC3-Au21QXuX1vqq:0
[15204355ms] [ERROR] Failed to fetch RSC payload for http://localhost:3000/en/login?reason=idle. Falling back to browser navigation. TypeError: Failed to fetch
    at createFetch (http://localhost:3000/_next/static/chunks/node_modules_next_dist_client_0r5nbpw._.js:8207:21)
    at async fetchServerResponse (http://localhost:3000/_next/static/chunks/node_modules_next_dist_client_0r5nbpw._.js:8051:21)
    at async fetchMissingDynamicData (http://localhost:3000/_next/static/chunks/node_modules_next_dist_client_0r5nbpw._.js:9464:24) @ http://localhost:3000/_next/static/chunks/node_modules_next_dist_1ybzpk2._.js:3318
[15204356ms] [ERROR] Failed to load resource: net::ERR_NETWORK_CHANGED @ http://localhost:3000/en/login?reason=idle&_rsc=vC3-Au21QXuX1vqq:0
[15204356ms] [ERROR] Failed to fetch RSC payload for http://localhost:3000/en/login?reason=idle. Falling back to browser navigation. TypeError: Failed to fetch
    at createFetch (http://localhost:3000/_next/static/chunks/node_modules_next_dist_client_0r5nbpw._.js:8207:21)
    at async fetchServerResponse (http://localhost:3000/_next/static/chunks/node_modules_next_dist_client_0r5nbpw._.js:8051:21)
    at async fetchMissingDynamicData (http://localhost:3000/_next/static/chunks/node_modules_next_dist_client_0r5nbpw._.js:9464:24) @ http://localhost:3000/_next/static/chunks/node_modules_next_dist_1ybzpk2._.js:3318
[15204357ms] [ERROR] Failed to load resource: net::ERR_NETWORK_CHANGED @ http://localhost:3000/en/login?reason=idle&_rsc=vC3-Au21QXuX1vqq:0
[15204358ms] [ERROR] Failed to fetch RSC payload for http://localhost:3000/en/login?reason=idle. Falling back to browser navigation. TypeError: Failed to fetch
    at createFetch (http://localhost:3000/_next/static/chunks/node_modules_next_dist_client_0r5nbpw._.js:8207:21)
    at async fetchServerResponse (http://localhost:3000/_next/static/chunks/node_modules_next_dist_client_0r5nbpw._.js:8051:21)
    at async fetchMissingDynamicData (http://localhost:3000/_next/static/chunks/node_modules_next_dist_client_0r5nbpw._.js:9464:24) @ http://localhost:3000/_next/static/chunks/node_modules_next_dist_1ybzpk2._.js:3318
[15204359ms] [ERROR] Failed to load resource: net::ERR_NETWORK_CHANGED @ http://localhost:3000/en/login?reason=idle&_rsc=vC3-Au21QXuX1vqq:0
[15204359ms] [ERROR] Failed to fetch RSC payload for http://localhost:3000/en/login?reason=idle. Falling back to browser navigation. TypeError: Failed to fetch
    at createFetch (http://localhost:3000/_next/static/chunks/node_modules_next_dist_client_0r5nbpw._.js:8207:21)
    at async fetchServerResponse (http://localhost:3000/_next/static/chunks/node_modules_next_dist_client_0r5nbpw._.js:8051:21)
    at async fetchMissingDynamicData (http://localhost:3000/_next/static/chunks/node_modules_next_dist_client_0r5nbpw._.js:9464:24) @ http://localhost:3000/_next/static/chunks/node_modules_next_dist_1ybzpk2._.js:3318
[15204360ms] [ERROR] Failed to load resource: net::ERR_NETWORK_CHANGED @ http://localhost:3000/en/login?reason=idle&_rsc=vC3-Au21QXuX1vqq:0
[15204360ms] [ERROR] Failed to fetch RSC payload for http://localhost:3000/en/login?reason=idle. Falling back to browser navigation. TypeError: Failed to fetch
    at createFetch (http://localhost:3000/_next/static/chunks/node_modules_next_dist_client_0r5nbpw._.js:8207:21)
    at async fetchServerResponse (http://localhost:3000/_next/static/chunks/node_modules_next_dist_client_0r5nbpw._.js:8051:21)
    at async fetchMissingDynamicData (http://localhost:3000/_next/static/chunks/node_modules_next_dist_client_0r5nbpw._.js:9464:24) @ http://localhost:3000/_next/static/chunks/node_modules_next_dist_1ybzpk2._.js:3318
[15204361ms] [ERROR] Failed to load resource: net::ERR_NETWORK_CHANGED @ http://localhost:3000/en/login?reason=idle&_rsc=vC3-Au21QXuX1vqq:0
[15204361ms] [ERROR] Failed to fetch RSC payload for http://localhost:3000/en/login?reason=idle. Falling back to browser navigation. TypeError: Failed to fetch
    at createFetch (http://localhost:3000/_next/static/chunks/node_modules_next_dist_client_0r5nbpw._.js:8207:21)
    at async fetchServerResponse (http://localhost:3000/_next/static/chunks/node_modules_next_dist_client_0r5nbpw._.js:8051:21)
    at async fetchMissingDynamicData (http://localhost:3000/_next/static/chunks/node_modules_next_dist_client_0r5nbpw._.js:9464:24) @ http://localhost:3000/_next/static/chunks/node_modules_next_dist_1ybzpk2._.js:3318
[15204362ms] [ERROR] Failed to load resource: net::ERR_NETWORK_CHANGED @ http://localhost:3000/en/login?reason=idle&_rsc=vC3-Au21QXuX1vqq:0
[15204362ms] [ERROR] Failed to fetch RSC payload for http://localhost:3000/en/login?reason=idle. Falling back to browser navigation. TypeError: Failed to fetch
    at createFetch (http://localhost:3000/_next/static/chunks/node_modules_next_dist_client_0r5nbpw._.js:8207:21)
    at async fetchServerResponse (http://localhost:3000/_next/static/chunks/node_modules_next_dist_client_0r5nbpw._.js:8051:21)
    at async fetchMissingDynamicData (http://localhost:3000/_next/static/chunks/node_modules_next_dist_client_0r5nbpw._.js:9464:24) @ http://localhost:3000/_next/static/chunks/node_modules_next_dist_1ybzpk2._.js:3318
[15204363ms] [ERROR] Failed to load resource: net::ERR_NETWORK_CHANGED @ http://localhost:3000/en/login?reason=idle&_rsc=vC3-Au21QXuX1vqq:0
[15204364ms] [ERROR] Failed to fetch RSC payload for http://localhost:3000/en/login?reason=idle. Falling back to browser navigation. TypeError: Failed to fetch
    at createFetch (http://localhost:3000/_next/static/chunks/node_modules_next_dist_client_0r5nbpw._.js:8207:21)
    at async fetchServerResponse (http://localhost:3000/_next/static/chunks/node_modules_next_dist_client_0r5nbpw._.js:8051:21)
    at async fetchMissingDynamicData (http://localhost:3000/_next/static/chunks/node_modules_next_dist_client_0r5nbpw._.js:9464:24) @ http://localhost:3000/_next/static/chunks/node_modules_next_dist_1ybzpk2._.js:3318
[15204365ms] [ERROR] Failed to load resource: net::ERR_NETWORK_CHANGED @ http://localhost:3000/en/login?reason=idle&_rsc=vC3-Au21QXuX1vqq:0
[15204366ms] [ERROR] Failed to fetch RSC payload for http://localhost:3000/en/login?reason=idle. Falling back to browser navigation. TypeError: Failed to fetch
    at createFetch (http://localhost:3000/_next/static/chunks/node_modules_next_dist_client_0r5nbpw._.js:8207:21)
    at async fetchServerResponse (http://localhost:3000/_next/static/chunks/node_modules_next_dist_client_0r5nbpw._.js:8051:21)
    at async fetchMissingDynamicData (http://localhost:3000/_next/static/chunks/node_modules_next_dist_client_0r5nbpw._.js:9464:24) @ http://localhost:3000/_next/static/chunks/node_modules_next_dist_1ybzpk2._.js:3318
[15204367ms] [ERROR] Failed to load resource: net::ERR_NETWORK_CHANGED @ http://localhost:3000/en/login?reason=idle&_rsc=vC3-Au21QXuX1vqq:0
[15204367ms] [ERROR] Failed to fetch RSC payload for http://localhost:3000/en/login?reason=idle. Falling back to browser navigation. TypeError: Failed to fetch
    at createFetch (http://localhost:3000/_next/static/chunks/node_modules_next_dist_client_0r5nbpw._.js:8207:21)
    at async fetchServerResponse (http://localhost:3000/_next/static/chunks/node_modules_next_dist_client_0r5nbpw._.js:8051:21)
    at async fetchMissingDynamicData (http://localhost:3000/_next/static/chunks/node_modules_next_dist_client_0r5nbpw._.js:9464:24) @ http://localhost:3000/_next/static/chunks/node_modules_next_dist_1ybzpk2._.js:3318
[15204368ms] [ERROR] Failed to load resource: net::ERR_NETWORK_CHANGED @ http://localhost:3000/en/login?reason=idle&_rsc=vC3-Au21QXuX1vqq:0
[15204368ms] [ERROR] Failed to fetch RSC payload for http://localhost:3000/en/login?reason=idle. Falling back to browser navigation. TypeError: Failed to fetch
    at createFetch (http://localhost:3000/_next/static/chunks/node_modules_next_dist_client_0r5nbpw._.js:8207:21)
    at async fetchServerResponse (http://localhost:3000/_next/static/chunks/node_modules_next_dist_client_0r5nbpw._.js:8051:21)
    at async fetchMissingDynamicData (http://localhost:3000/_next/static/chunks/node_modules_next_dist_client_0r5nbpw._.js:9464:24) @ http://localhost:3000/_next/static/chunks/node_modules_next_dist_1ybzpk2._.js:3318
[15204369ms] [ERROR] Failed to load resource: net::ERR_NETWORK_CHANGED @ http://localhost:3000/en/login?reason=idle&_rsc=vC3-Au21QXuX1vqq:0
[15204369ms] [ERROR] Failed to fetch RSC payload for http://localhost:3000/en/login?reason=idle. Falling back to browser navigation. TypeError: Failed to fetch
    at createFetch (http://localhost:3000/_next/static/chunks/node_modules_next_dist_client_0r5nbpw._.js:8207:21)
    at async fetchServerResponse (http://localhost:3000/_next/static/chunks/node_modules_next_dist_client_0r5nbpw._.js:8051:21)
    at async fetchMissingDynamicData (http://localhost:3000/_next/static/chunks/node_modules_next_dist_client_0r5nbpw._.js:9464:24) @ http://localhost:3000/_next/static/chunks/node_modules_next_dist_1ybzpk2._.js:3318
[15204371ms] [ERROR] Failed to load resource: net::ERR_NETWORK_CHANGED @ http://localhost:3000/en/login?reason=idle&_rsc=vC3-Au21QXuX1vqq:0
[15204371ms] [ERROR] Failed to fetch RSC payload for http://localhost:3000/en/login?reason=idle. Falling back to browser navigation. TypeError: Failed to fetch
    at createFetch (http://localhost:3000/_next/static/chunks/node_modules_next_dist_client_0r5nbpw._.js:8207:21)
    at async fetchServerResponse (http://localhost:3000/_next/static/chunks/node_modules_next_dist_client_0r5nbpw._.js:8051:21)
    at async fetchMissingDynamicData (http://localhost:3000/_next/static/chunks/node_modules_next_dist_client_0r5nbpw._.js:9464:24) @ http://localhost:3000/_next/static/chunks/node_modules_next_dist_1ybzpk2._.js:3318
[15204372ms] [ERROR] Failed to load resource: net::ERR_NETWORK_CHANGED @ http://localhost:3000/en/login?reason=idle&_rsc=vC3-Au21QXuX1vqq:0
[15204372ms] [ERROR] Failed to fetch RSC payload for http://localhost:3000/en/login?reason=idle. Falling back to browser navigation. TypeError: Failed to fetch
    at createFetch (http://localhost:3000/_next/static/chunks/node_modules_next_dist_client_0r5nbpw._.js:8207:21)
    at async fetchServerResponse (http://localhost:3000/_next/static/chunks/node_modules_next_dist_client_0r5nbpw._.js:8051:21)
    at async fetchMissingDynamicData (http://localhost:3000/_next/static/chunks/node_modules_next_dist_client_0r5nbpw._.js:9464:24) @ http://localhost:3000/_next/static/chunks/node_modules_next_dist_1ybzpk2._.js:3318
[15204375ms] [ERROR] Failed to load resource: net::ERR_NETWORK_CHANGED @ http://localhost:3000/en/login?reason=idle&_rsc=vC3-Au21QXuX1vqq:0
[15204375ms] [ERROR] Failed to fetch RSC payload for http://localhost:3000/en/login?reason=idle. Falling back to browser navigation. TypeError: Failed to fetch
    at createFetch (http://localhost:3000/_next/static/chunks/node_modules_next_dist_client_0r5nbpw._.js:8207:21)
    at async fetchServerResponse (http://localhost:3000/_next/static/chunks/node_modules_next_dist_client_0r5nbpw._.js:8051:21)
    at async fetchMissingDynamicData (http://localhost:3000/_next/static/chunks/node_modules_next_dist_client_0r5nbpw._.js:9464:24) @ http://localhost:3000/_next/static/chunks/node_modules_next_dist_1ybzpk2._.js:3318
[15204376ms] [ERROR] Failed to load resource: net::ERR_NETWORK_CHANGED @ http://localhost:3000/en/login?reason=idle&_rsc=vC3-Au21QXuX1vqq:0
[15204376ms] [ERROR] Failed to fetch RSC payload for http://localhost:3000/en/login?reason=idle. Falling back to browser navigation. TypeError: Failed to fetch
    at createFetch (http://localhost:3000/_next/static/chunks/node_modules_next_dist_client_0r5nbpw._.js:8207:21)
    at async fetchServerResponse (http://localhost:3000/_next/static/chunks/node_modules_next_dist_client_0r5nbpw._.js:8051:21)
    at async fetchMissingDynamicData (http://localhost:3000/_next/static/chunks/node_modules_next_dist_client_0r5nbpw._.js:9464:24) @ http://localhost:3000/_next/static/chunks/node_modules_next_dist_1ybzpk2._.js:3318
[15204378ms] [ERROR] Failed to load resource: net::ERR_NETWORK_CHANGED @ http://localhost:3000/en/login?reason=idle&_rsc=vC3-Au21QXuX1vqq:0
[15204378ms] [ERROR] Failed to fetch RSC payload for http://localhost:3000/en/login?reason=idle. Falling back to browser navigation. TypeError: Failed to fetch
    at createFetch (http://localhost:3000/_next/static/chunks/node_modules_next_dist_client_0r5nbpw._.js:8207:21)
    at async fetchServerResponse (http://localhost:3000/_next/static/chunks/node_modules_next_dist_client_0r5nbpw._.js:8051:21)
    at async fetchMissingDynamicData (http://localhost:3000/_next/static/chunks/node_modules_next_dist_client_0r5nbpw._.js:9464:24) @ http://localhost:3000/_next/static/chunks/node_modules_next_dist_1ybzpk2._.js:3318
[15204379ms] [ERROR] Failed to load resource: net::ERR_NETWORK_CHANGED @ http://localhost:3000/en/login?reason=idle&_rsc=vC3-Au21QXuX1vqq:0
[15204379ms] [ERROR] Failed to fetch RSC payload for http://localhost:3000/en/login?reason=idle. Falling back to browser navigation. TypeError: Failed to fetch
    at createFetch (http://localhost:3000/_next/static/chunks/node_modules_next_dist_client_0r5nbpw._.js:8207:21)
    at async fetchServerResponse (http://localhost:3000/_next/static/chunks/node_modules_next_dist_client_0r5nbpw._.js:8051:21)
    at async fetchMissingDynamicData (http://localhost:3000/_next/static/chunks/node_modules_next_dist_client_0r5nbpw._.js:9464:24) @ http://localhost:3000/_next/static/chunks/node_modules_next_dist_1ybzpk2._.js:3318
[15204380ms] [ERROR] Failed to load resource: net::ERR_NETWORK_CHANGED @ http://localhost:3000/en/login?reason=idle&_rsc=vC3-Au21QXuX1vqq:0
[15204380ms] [ERROR] Failed to fetch RSC payload for http://localhost:3000/en/login?reason=idle. Falling back to browser navigation. TypeError: Failed to fetch
    at createFetch (http://localhost:3000/_next/static/chunks/node_modules_next_dist_client_0r5nbpw._.js:8207:21)
    at async fetchServerResponse (http://localhost:3000/_next/static/chunks/node_modules_next_dist_client_0r5nbpw._.js:8051:21)
    at async fetchMissingDynamicData (http://localhost:3000/_next/static/chunks/node_modules_next_dist_client_0r5nbpw._.js:9464:24) @ http://localhost:3000/_next/static/chunks/node_modules_next_dist_1ybzpk2._.js:3318
[15204382ms] [ERROR] Failed to load resource: net::ERR_NETWORK_CHANGED @ http://localhost:3000/en/login?reason=idle&_rsc=vC3-Au21QXuX1vqq:0
[15204382ms] [ERROR] Failed to fetch RSC payload for http://localhost:3000/en/login?reason=idle. Falling back to browser navigation. TypeError: Failed to fetch
    at createFetch (http://localhost:3000/_next/static/chunks/node_modules_next_dist_client_0r5nbpw._.js:8207:21)
    at async fetchServerResponse (http://localhost:3000/_next/static/chunks/node_modules_next_dist_client_0r5nbpw._.js:8051:21)
    at async fetchMissingDynamicData (http://localhost:3000/_next/static/chunks/node_modules_next_dist_client_0r5nbpw._.js:9464:24) @ http://localhost:3000/_next/static/chunks/node_modules_next_dist_1ybzpk2._.js:3318
[15204383ms] [ERROR] Failed to load resource: net::ERR_NETWORK_CHANGED @ http://localhost:3000/en/login?reason=idle&_rsc=vC3-Au21QXuX1vqq:0
[15204383ms] [ERROR] Failed to fetch RSC payload for http://localhost:3000/en/login?reason=idle. Falling back to browser navigation. TypeError: Failed to fetch
    at createFetch (http://localhost:3000/_next/static/chunks/node_modules_next_dist_client_0r5nbpw._.js:8207:21)
    at async fetchServerResponse (http://localhost:3000/_next/static/chunks/node_modules_next_dist_client_0r5nbpw._.js:8051:21)
    at async fetchMissingDynamicData (http://localhost:3000/_next/static/chunks/node_modules_next_dist_client_0r5nbpw._.js:9464:24) @ http://localhost:3000/_next/static/chunks/node_modules_next_dist_1ybzpk2._.js:3318
[15204384ms] [ERROR] Failed to load resource: net::ERR_NETWORK_CHANGED @ http://localhost:3000/en/login?reason=idle&_rsc=vC3-Au21QXuX1vqq:0
[15204384ms] [ERROR] Failed to fetch RSC payload for http://localhost:3000/en/login?reason=idle. Falling back to browser navigation. TypeError: Failed to fetch
    at createFetch (http://localhost:3000/_next/static/chunks/node_modules_next_dist_client_0r5nbpw._.js:8207:21)
    at async fetchServerResponse (http://localhost:3000/_next/static/chunks/node_modules_next_dist_client_0r5nbpw._.js:8051:21)
    at async fetchMissingDynamicData (http://localhost:3000/_next/static/chunks/node_modules_next_dist_client_0r5nbpw._.js:9464:24) @ http://localhost:3000/_next/static/chunks/node_modules_next_dist_1ybzpk2._.js:3318
[15204385ms] [ERROR] Failed to load resource: net::ERR_NETWORK_CHANGED @ http://localhost:3000/en/login?reason=idle&_rsc=vC3-Au21QXuX1vqq:0
[15204385ms] [ERROR] Failed to fetch RSC payload for http://localhost:3000/en/login?reason=idle. Falling back to browser navigation. TypeError: Failed to fetch
    at createFetch (http://localhost:3000/_next/static/chunks/node_modules_next_dist_client_0r5nbpw._.js:8207:21)
    at async fetchServerResponse (http://localhost:3000/_next/static/chunks/node_modules_next_dist_client_0r5nbpw._.js:8051:21)
    at async fetchMissingDynamicData (http://localhost:3000/_next/static/chunks/node_modules_next_dist_client_0r5nbpw._.js:9464:24) @ http://localhost:3000/_next/static/chunks/node_modules_next_dist_1ybzpk2._.js:3318
[15204386ms] [ERROR] Failed to load resource: net::ERR_NETWORK_CHANGED @ http://localhost:3000/en/login?reason=idle&_rsc=vC3-Au21QXuX1vqq:0
[15204386ms] [ERROR] Failed to fetch RSC payload for http://localhost:3000/en/login?reason=idle. Falling back to browser navigation. TypeError: Failed to fetch
    at createFetch (http://localhost:3000/_next/static/chunks/node_modules_next_dist_client_0r5nbpw._.js:8207:21)
    at async fetchServerResponse (http://localhost:3000/_next/static/chunks/node_modules_next_dist_client_0r5nbpw._.js:8051:21)
    at async fetchMissingDynamicData (http://localhost:3000/_next/static/chunks/node_modules_next_dist_client_0r5nbpw._.js:9464:24) @ http://localhost:3000/_next/static/chunks/node_modules_next_dist_1ybzpk2._.js:3318
[15204387ms] [ERROR] Failed to load resource: net::ERR_NETWORK_CHANGED @ http://localhost:3000/en/login?reason=idle&_rsc=vC3-Au21QXuX1vqq:0
[15204387ms] [ERROR] Failed to fetch RSC payload for http://localhost:3000/en/login?reason=idle. Falling back to browser navigation. TypeError: Failed to fetch
    at createFetch (http://localhost:3000/_next/static/chunks/node_modules_next_dist_client_0r5nbpw._.js:8207:21)
    at async fetchServerResponse (http://localhost:3000/_next/static/chunks/node_modules_next_dist_client_0r5nbpw._.js:8051:21)
    at async fetchMissingDynamicData (http://localhost:3000/_next/static/chunks/node_modules_next_dist_client_0r5nbpw._.js:9464:24) @ http://localhost:3000/_next/static/chunks/node_modules_next_dist_1ybzpk2._.js:3318
[15204388ms] [ERROR] Failed to load resource: net::ERR_NETWORK_CHANGED @ http://localhost:3000/en/login?reason=idle&_rsc=vC3-Au21QXuX1vqq:0
[15204388ms] [ERROR] Failed to fetch RSC payload for http://localhost:3000/en/login?reason=idle. Falling back to browser navigation. TypeError: Failed to fetch
    at createFetch (http://localhost:3000/_next/static/chunks/node_modules_next_dist_client_0r5nbpw._.js:8207:21)
    at async fetchServerResponse (http://localhost:3000/_next/static/chunks/node_modules_next_dist_client_0r5nbpw._.js:8051:21)
    at async fetchMissingDynamicData (http://localhost:3000/_next/static/chunks/node_modules_next_dist_client_0r5nbpw._.js:9464:24) @ http://localhost:3000/_next/static/chunks/node_modules_next_dist_1ybzpk2._.js:3318
[15204389ms] [ERROR] Failed to load resource: net::ERR_NETWORK_CHANGED @ http://localhost:3000/en/login?reason=idle&_rsc=vC3-Au21QXuX1vqq:0
[15204389ms] [ERROR] Failed to fetch RSC payload for http://localhost:3000/en/login?reason=idle. Falling back to browser navigation. TypeError: Failed to fetch
    at createFetch (http://localhost:3000/_next/static/chunks/node_modules_next_dist_client_0r5nbpw._.js:8207:21)
    at async fetchServerResponse (http://localhost:3000/_next/static/chunks/node_modules_next_dist_client_0r5nbpw._.js:8051:21)
    at async fetchMissingDynamicData (http://localhost:3000/_next/static/chunks/node_modules_next_dist_client_0r5nbpw._.js:9464:24) @ http://localhost:3000/_next/static/chunks/node_modules_next_dist_1ybzpk2._.js:3318
[15204390ms] [ERROR] Failed to load resource: net::ERR_NETWORK_CHANGED @ http://localhost:3000/en/login?reason=idle&_rsc=vC3-Au21QXuX1vqq:0
[15204390ms] [ERROR] Failed to fetch RSC payload for http://localhost:3000/en/login?reason=idle. Falling back to browser navigation. TypeError: Failed to fetch
    at createFetch (http://localhost:3000/_next/static/chunks/node_modules_next_dist_client_0r5nbpw._.js:8207:21)
    at async fetchServerResponse (http://localhost:3000/_next/static/chunks/node_modules_next_dist_client_0r5nbpw._.js:8051:21)
    at async fetchMissingDynamicData (http://localhost:3000/_next/static/chunks/node_modules_next_dist_client_0r5nbpw._.js:9464:24) @ http://localhost:3000/_next/static/chunks/node_modules_next_dist_1ybzpk2._.js:3318
[15204392ms] [ERROR] Failed to load resource: net::ERR_NETWORK_CHANGED @ http://localhost:3000/en/login?reason=idle&_rsc=vC3-Au21QXuX1vqq:0
[15204392ms] [ERROR] Failed to fetch RSC payload for http://localhost:3000/en/login?reason=idle. Falling back to browser navigation. TypeError: Failed to fetch
    at createFetch (http://localhost:3000/_next/static/chunks/node_modules_next_dist_client_0r5nbpw._.js:8207:21)
    at async fetchServerResponse (http://localhost:3000/_next/static/chunks/node_modules_next_dist_client_0r5nbpw._.js:8051:21)
    at async fetchMissingDynamicData (http://localhost:3000/_next/static/chunks/node_modules_next_dist_client_0r5nbpw._.js:9464:24) @ http://localhost:3000/_next/static/chunks/node_modules_next_dist_1ybzpk2._.js:3318
[15204393ms] [ERROR] Failed to load resource: net::ERR_NETWORK_CHANGED @ http://localhost:3000/en/login?reason=idle&_rsc=vC3-Au21QXuX1vqq:0
[15204393ms] [ERROR] Failed to fetch RSC payload for http://localhost:3000/en/login?reason=idle. Falling back to browser navigation. TypeError: Failed to fetch
    at createFetch (http://localhost:3000/_next/static/chunks/node_modules_next_dist_client_0r5nbpw._.js:8207:21)
    at async fetchServerResponse (http://localhost:3000/_next/static/chunks/node_modules_next_dist_client_0r5nbpw._.js:8051:21)
    at async fetchMissingDynamicData (http://localhost:3000/_next/static/chunks/node_modules_next_dist_client_0r5nbpw._.js:9464:24) @ http://localhost:3000/_next/static/chunks/node_modules_next_dist_1ybzpk2._.js:3318
[15204394ms] [ERROR] Failed to load resource: net::ERR_NETWORK_CHANGED @ http://localhost:3000/en/login?reason=idle&_rsc=vC3-Au21QXuX1vqq:0
[15204394ms] [ERROR] Failed to fetch RSC payload for http://localhost:3000/en/login?reason=idle. Falling back to browser navigation. TypeError: Failed to fetch
    at createFetch (http://localhost:3000/_next/static/chunks/node_modules_next_dist_client_0r5nbpw._.js:8207:21)
    at async fetchServerResponse (http://localhost:3000/_next/static/chunks/node_modules_next_dist_client_0r5nbpw._.js:8051:21)
    at async fetchMissingDynamicData (http://localhost:3000/_next/static/chunks/node_modules_next_dist_client_0r5nbpw._.js:9464:24) @ http://localhost:3000/_next/static/chunks/node_modules_next_dist_1ybzpk2._.js:3318
[15204395ms] [ERROR] Failed to load resource: net::ERR_NETWORK_CHANGED @ http://localhost:3000/en/login?reason=idle&_rsc=vC3-Au21QXuX1vqq:0
[15204395ms] [ERROR] Failed to fetch RSC payload for http://localhost:3000/en/login?reason=idle. Falling back to browser navigation. TypeError: Failed to fetch
    at createFetch (http://localhost:3000/_next/static/chunks/node_modules_next_dist_client_0r5nbpw._.js:8207:21)
    at async fetchServerResponse (http://localhost:3000/_next/static/chunks/node_modules_next_dist_client_0r5nbpw._.js:8051:21)
    at async fetchMissingDynamicData (http://localhost:3000/_next/static/chunks/node_modules_next_dist_client_0r5nbpw._.js:9464:24) @ http://localhost:3000/_next/static/chunks/node_modules_next_dist_1ybzpk2._.js:3318
[15204397ms] [ERROR] Failed to load resource: net::ERR_NETWORK_CHANGED @ http://localhost:3000/en/login?reason=idle&_rsc=vC3-Au21QXuX1vqq:0
[15204397ms] [ERROR] Failed to fetch RSC payload for http://localhost:3000/en/login?reason=idle. Falling back to browser navigation. TypeError: Failed to fetch
    at createFetch (http://localhost:3000/_next/static/chunks/node_modules_next_dist_client_0r5nbpw._.js:8207:21)
    at async fetchServerResponse (http://localhost:3000/_next/static/chunks/node_modules_next_dist_client_0r5nbpw._.js:8051:21)
    at async fetchMissingDynamicData (http://localhost:3000/_next/static/chunks/node_modules_next_dist_client_0r5nbpw._.js:9464:24) @ http://localhost:3000/_next/static/chunks/node_modules_next_dist_1ybzpk2._.js:3318
[15204398ms] [ERROR] Failed to load resource: net::ERR_NETWORK_CHANGED @ http://localhost:3000/en/login?reason=idle&_rsc=vC3-Au21QXuX1vqq:0
[15204398ms] [ERROR] Failed to fetch RSC payload for http://localhost:3000/en/login?reason=idle. Falling back to browser navigation. TypeError: Failed to fetch
    at createFetch (http://localhost:3000/_next/static/chunks/node_modules_next_dist_client_0r5nbpw._.js:8207:21)
    at async fetchServerResponse (http://localhost:3000/_next/static/chunks/node_modules_next_dist_client_0r5nbpw._.js:8051:21)
    at async fetchMissingDynamicData (http://localhost:3000/_next/static/chunks/node_modules_next_dist_client_0r5nbpw._.js:9464:24) @ http://localhost:3000/_next/static/chunks/node_modules_next_dist_1ybzpk2._.js:3318
[15204400ms] [ERROR] Failed to load resource: net::ERR_NETWORK_CHANGED @ http://localhost:3000/en/login?reason=idle&_rsc=vC3-Au21QXuX1vqq:0
[15204400ms] [ERROR] Failed to fetch RSC payload for http://localhost:3000/en/login?reason=idle. Falling back to browser navigation. TypeError: Failed to fetch
    at createFetch (http://localhost:3000/_next/static/chunks/node_modules_next_dist_client_0r5nbpw._.js:8207:21)
    at async fetchServerResponse (http://localhost:3000/_next/static/chunks/node_modules_next_dist_client_0r5nbpw._.js:8051:21)
    at async fetchMissingDynamicData (http://localhost:3000/_next/static/chunks/node_modules_next_dist_client_0r5nbpw._.js:9464:24) @ http://localhost:3000/_next/static/chunks/node_modules_next_dist_1ybzpk2._.js:3318
[15204401ms] [ERROR] Failed to load resource: net::ERR_NETWORK_CHANGED @ http://localhost:3000/en/login?reason=idle&_rsc=vC3-Au21QXuX1vqq:0
[15204401ms] [ERROR] Failed to fetch RSC payload for http://localhost:3000/en/login?reason=idle. Falling back to browser navigation. TypeError: Failed to fetch
    at createFetch (http://localhost:3000/_next/static/chunks/node_modules_next_dist_client_0r5nbpw._.js:8207:21)
    at async fetchServerResponse (http://localhost:3000/_next/static/chunks/node_modules_next_dist_client_0r5nbpw._.js:8051:21)
    at async fetchMissingDynamicData (http://localhost:3000/_next/static/chunks/node_modules_next_dist_client_0r5nbpw._.js:9464:24) @ http://localhost:3000/_next/static/chunks/node_modules_next_dist_1ybzpk2._.js:3318
[15204402ms] [ERROR] Failed to load resource: net::ERR_NETWORK_CHANGED @ http://localhost:3000/en/login?reason=idle&_rsc=vC3-Au21QXuX1vqq:0
[15204402ms] [ERROR] Failed to fetch RSC payload for http://localhost:3000/en/login?reason=idle. Falling back to browser navigation. TypeError: Failed to fetch
    at createFetch (http://localhost:3000/_next/static/chunks/node_modules_next_dist_client_0r5nbpw._.js:8207:21)
    at async fetchServerResponse (http://localhost:3000/_next/static/chunks/node_modules_next_dist_client_0r5nbpw._.js:8051:21)
    at async fetchMissingDynamicData (http://localhost:3000/_next/static/chunks/node_modules_next_dist_client_0r5nbpw._.js:9464:24) @ http://localhost:3000/_next/static/chunks/node_modules_next_dist_1ybzpk2._.js:3318
[15204403ms] [ERROR] Failed to load resource: net::ERR_NETWORK_CHANGED @ http://localhost:3000/en/login?reason=idle&_rsc=vC3-Au21QXuX1vqq:0
[15204403ms] [ERROR] Failed to fetch RSC payload for http://localhost:3000/en/login?reason=idle. Falling back to browser navigation. TypeError: Failed to fetch
    at createFetch (http://localhost:3000/_next/static/chunks/node_modules_next_dist_client_0r5nbpw._.js:8207:21)
    at async fetchServerResponse (http://localhost:3000/_next/static/chunks/node_modules_next_dist_client_0r5nbpw._.js:8051:21)
    at async fetchMissingDynamicData (http://localhost:3000/_next/static/chunks/node_modules_next_dist_client_0r5nbpw._.js:9464:24) @ http://localhost:3000/_next/static/chunks/node_modules_next_dist_1ybzpk2._.js:3318
[15204404ms] [ERROR] Failed to load resource: net::ERR_NETWORK_CHANGED @ http://localhost:3000/en/login?reason=idle&_rsc=vC3-Au21QXuX1vqq:0
[15204404ms] [ERROR] Failed to fetch RSC payload for http://localhost:3000/en/login?reason=idle. Falling back to browser navigation. TypeError: Failed to fetch
    at createFetch (http://localhost:3000/_next/static/chunks/node_modules_next_dist_client_0r5nbpw._.js:8207:21)
    at async fetchServerResponse (http://localhost:3000/_next/static/chunks/node_modules_next_dist_client_0r5nbpw._.js:8051:21)
    at async fetchMissingDynamicData (http://localhost:3000/_next/static/chunks/node_modules_next_dist_client_0r5nbpw._.js:9464:24) @ http://localhost:3000/_next/static/chunks/node_modules_next_dist_1ybzpk2._.js:3318
[15204405ms] [ERROR] Failed to load resource: net::ERR_NETWORK_CHANGED @ http://localhost:3000/en/login?reason=idle&_rsc=vC3-Au21QXuX1vqq:0
[15204406ms] [ERROR] Failed to fetch RSC payload for http://localhost:3000/en/login?reason=idle. Falling back to browser navigation. TypeError: Failed to fetch
    at createFetch (http://localhost:3000/_next/static/chunks/node_modules_next_dist_client_0r5nbpw._.js:8207:21)
    at async fetchServerResponse (http://localhost:3000/_next/static/chunks/node_modules_next_dist_client_0r5nbpw._.js:8051:21)
    at async fetchMissingDynamicData (http://localhost:3000/_next/static/chunks/node_modules_next_dist_client_0r5nbpw._.js:9464:24) @ http://localhost:3000/_next/static/chunks/node_modules_next_dist_1ybzpk2._.js:3318
[15204406ms] [ERROR] Failed to load resource: net::ERR_NETWORK_CHANGED @ http://localhost:3000/en/login?reason=idle&_rsc=vC3-Au21QXuX1vqq:0
[15204407ms] [ERROR] Failed to fetch RSC payload for http://localhost:3000/en/login?reason=idle. Falling back to browser navigation. TypeError: Failed to fetch
    at createFetch (http://localhost:3000/_next/static/chunks/node_modules_next_dist_client_0r5nbpw._.js:8207:21)
    at async fetchServerResponse (http://localhost:3000/_next/static/chunks/node_modules_next_dist_client_0r5nbpw._.js:8051:21)
    at async fetchMissingDynamicData (http://localhost:3000/_next/static/chunks/node_modules_next_dist_client_0r5nbpw._.js:9464:24) @ http://localhost:3000/_next/static/chunks/node_modules_next_dist_1ybzpk2._.js:3318
[15204408ms] [ERROR] Failed to load resource: net::ERR_NETWORK_CHANGED @ http://localhost:3000/en/login?reason=idle&_rsc=vC3-Au21QXuX1vqq:0
[15204408ms] [ERROR] Failed to fetch RSC payload for http://localhost:3000/en/login?reason=idle. Falling back to browser navigation. TypeError: Failed to fetch
    at createFetch (http://localhost:3000/_next/static/chunks/node_modules_next_dist_client_0r5nbpw._.js:8207:21)
    at async fetchServerResponse (http://localhost:3000/_next/static/chunks/node_modules_next_dist_client_0r5nbpw._.js:8051:21)
    at async fetchMissingDynamicData (http://localhost:3000/_next/static/chunks/node_modules_next_dist_client_0r5nbpw._.js:9464:24) @ http://localhost:3000/_next/static/chunks/node_modules_next_dist_1ybzpk2._.js:3318
[15204409ms] [ERROR] Failed to load resource: net::ERR_NETWORK_CHANGED @ http://localhost:3000/en/login?reason=idle&_rsc=vC3-Au21QXuX1vqq:0
[15204409ms] [ERROR] Failed to fetch RSC payload for http://localhost:3000/en/login?reason=idle. Falling back to browser navigation. TypeError: Failed to fetch
    at createFetch (http://localhost:3000/_next/static/chunks/node_modules_next_dist_client_0r5nbpw._.js:8207:21)
    at async fetchServerResponse (http://localhost:3000/_next/static/chunks/node_modules_next_dist_client_0r5nbpw._.js:8051:21)
    at async fetchMissingDynamicData (http://localhost:3000/_next/static/chunks/node_modules_next_dist_client_0r5nbpw._.js:9464:24) @ http://localhost:3000/_next/static/chunks/node_modules_next_dist_1ybzpk2._.js:3318
[15204410ms] [ERROR] Failed to load resource: net::ERR_NETWORK_CHANGED @ http://localhost:3000/en/login?reason=idle&_rsc=vC3-Au21QXuX1vqq:0
[15204410ms] [ERROR] Failed to fetch RSC payload for http://localhost:3000/en/login?reason=idle. Falling back to browser navigation. TypeError: Failed to fetch
    at createFetch (http://localhost:3000/_next/static/chunks/node_modules_next_dist_client_0r5nbpw._.js:8207:21)
    at async fetchServerResponse (http://localhost:3000/_next/static/chunks/node_modules_next_dist_client_0r5nbpw._.js:8051:21)
    at async fetchMissingDynamicData (http://localhost:3000/_next/static/chunks/node_modules_next_dist_client_0r5nbpw._.js:9464:24) @ http://localhost:3000/_next/static/chunks/node_modules_next_dist_1ybzpk2._.js:3318
[15204413ms] [ERROR] Failed to load resource: net::ERR_NETWORK_CHANGED @ http://localhost:3000/en/login?reason=idle&_rsc=vC3-Au21QXuX1vqq:0
[15204413ms] [ERROR] Failed to fetch RSC payload for http://localhost:3000/en/login?reason=idle. Falling back to browser navigation. TypeError: Failed to fetch
    at createFetch (http://localhost:3000/_next/static/chunks/node_modules_next_dist_client_0r5nbpw._.js:8207:21)
    at async fetchServerResponse (http://localhost:3000/_next/static/chunks/node_modules_next_dist_client_0r5nbpw._.js:8051:21)
    at async fetchMissingDynamicData (http://localhost:3000/_next/static/chunks/node_modules_next_dist_client_0r5nbpw._.js:9464:24) @ http://localhost:3000/_next/static/chunks/node_modules_next_dist_1ybzpk2._.js:3318
[15204414ms] [ERROR] Failed to load resource: net::ERR_NETWORK_CHANGED @ http://localhost:3000/en/login?reason=idle&_rsc=vC3-Au21QXuX1vqq:0
[15204415ms] [ERROR] Failed to fetch RSC payload for http://localhost:3000/en/login?reason=idle. Falling back to browser navigation. TypeError: Failed to fetch
    at createFetch (http://localhost:3000/_next/static/chunks/node_modules_next_dist_client_0r5nbpw._.js:8207:21)
    at async fetchServerResponse (http://localhost:3000/_next/static/chunks/node_modules_next_dist_client_0r5nbpw._.js:8051:21)
    at async fetchMissingDynamicData (http://localhost:3000/_next/static/chunks/node_modules_next_dist_client_0r5nbpw._.js:9464:24) @ http://localhost:3000/_next/static/chunks/node_modules_next_dist_1ybzpk2._.js:3318
[15204416ms] [ERROR] Failed to load resource: net::ERR_NETWORK_CHANGED @ http://localhost:3000/en/login?reason=idle&_rsc=vC3-Au21QXuX1vqq:0
[15204417ms] [ERROR] Failed to fetch RSC payload for http://localhost:3000/en/login?reason=idle. Falling back to browser navigation. TypeError: Failed to fetch
    at createFetch (http://localhost:3000/_next/static/chunks/node_modules_next_dist_client_0r5nbpw._.js:8207:21)
    at async fetchServerResponse (http://localhost:3000/_next/static/chunks/node_modules_next_dist_client_0r5nbpw._.js:8051:21)
    at async fetchMissingDynamicData (http://localhost:3000/_next/static/chunks/node_modules_next_dist_client_0r5nbpw._.js:9464:24) @ http://localhost:3000/_next/static/chunks/node_modules_next_dist_1ybzpk2._.js:3318
[15204418ms] [ERROR] Failed to load resource: net::ERR_NETWORK_CHANGED @ http://localhost:3000/en/login?reason=idle&_rsc=vC3-Au21QXuX1vqq:0
[15204418ms] [ERROR] Failed to fetch RSC payload for http://localhost:3000/en/login?reason=idle. Falling back to browser navigation. TypeError: Failed to fetch
    at createFetch (http://localhost:3000/_next/static/chunks/node_modules_next_dist_client_0r5nbpw._.js:8207:21)
    at async fetchServerResponse (http://localhost:3000/_next/static/chunks/node_modules_next_dist_client_0r5nbpw._.js:8051:21)
    at async fetchMissingDynamicData (http://localhost:3000/_next/static/chunks/node_modules_next_dist_client_0r5nbpw._.js:9464:24) @ http://localhost:3000/_next/static/chunks/node_modules_next_dist_1ybzpk2._.js:3318
[15204419ms] [ERROR] Failed to load resource: net::ERR_NETWORK_CHANGED @ http://localhost:3000/en/login?reason=idle&_rsc=vC3-Au21QXuX1vqq:0
[15204419ms] [ERROR] Failed to fetch RSC payload for http://localhost:3000/en/login?reason=idle. Falling back to browser navigation. TypeError: Failed to fetch
    at createFetch (http://localhost:3000/_next/static/chunks/node_modules_next_dist_client_0r5nbpw._.js:8207:21)
    at async fetchServerResponse (http://localhost:3000/_next/static/chunks/node_modules_next_dist_client_0r5nbpw._.js:8051:21)
    at async fetchMissingDynamicData (http://localhost:3000/_next/static/chunks/node_modules_next_dist_client_0r5nbpw._.js:9464:24) @ http://localhost:3000/_next/static/chunks/node_modules_next_dist_1ybzpk2._.js:3318
[15204420ms] [ERROR] Failed to load resource: net::ERR_NETWORK_CHANGED @ http://localhost:3000/en/login?reason=idle&_rsc=vC3-Au21QXuX1vqq:0
[15204420ms] [ERROR] Failed to fetch RSC payload for http://localhost:3000/en/login?reason=idle. Falling back to browser navigation. TypeError: Failed to fetch
    at createFetch (http://localhost:3000/_next/static/chunks/node_modules_next_dist_client_0r5nbpw._.js:8207:21)
    at async fetchServerResponse (http://localhost:3000/_next/static/chunks/node_modules_next_dist_client_0r5nbpw._.js:8051:21)
    at async fetchMissingDynamicData (http://localhost:3000/_next/static/chunks/node_modules_next_dist_client_0r5nbpw._.js:9464:24) @ http://localhost:3000/_next/static/chunks/node_modules_next_dist_1ybzpk2._.js:3318
[15204422ms] [ERROR] Failed to load resource: net::ERR_NETWORK_CHANGED @ http://localhost:3000/en/login?reason=idle&_rsc=vC3-Au21QXuX1vqq:0
[15204422ms] [ERROR] Failed to fetch RSC payload for http://localhost:3000/en/login?reason=idle. Falling back to browser navigation. TypeError: Failed to fetch
    at createFetch (http://localhost:3000/_next/static/chunks/node_modules_next_dist_client_0r5nbpw._.js:8207:21)
    at async fetchServerResponse (http://localhost:3000/_next/static/chunks/node_modules_next_dist_client_0r5nbpw._.js:8051:21)
    at async fetchMissingDynamicData (http://localhost:3000/_next/static/chunks/node_modules_next_dist_client_0r5nbpw._.js:9464:24) @ http://localhost:3000/_next/static/chunks/node_modules_next_dist_1ybzpk2._.js:3318
[15204423ms] [ERROR] Failed to load resource: net::ERR_NETWORK_CHANGED @ http://localhost:3000/en/login?reason=idle&_rsc=vC3-Au21QXuX1vqq:0
[15204424ms] [ERROR] Failed to fetch RSC payload for http://localhost:3000/en/login?reason=idle. Falling back to browser navigation. TypeError: Failed to fetch
    at createFetch (http://localhost:3000/_next/static/chunks/node_modules_next_dist_client_0r5nbpw._.js:8207:21)
    at async fetchServerResponse (http://localhost:3000/_next/static/chunks/node_modules_next_dist_client_0r5nbpw._.js:8051:21)
    at async fetchMissingDynamicData (http://localhost:3000/_next/static/chunks/node_modules_next_dist_client_0r5nbpw._.js:9464:24) @ http://localhost:3000/_next/static/chunks/node_modules_next_dist_1ybzpk2._.js:3318
[15204425ms] [ERROR] Failed to load resource: net::ERR_NETWORK_CHANGED @ http://localhost:3000/en/login?reason=idle&_rsc=vC3-Au21QXuX1vqq:0
[15204425ms] [ERROR] Failed to fetch RSC payload for http://localhost:3000/en/login?reason=idle. Falling back to browser navigation. TypeError: Failed to fetch
    at createFetch (http://localhost:3000/_next/static/chunks/node_modules_next_dist_client_0r5nbpw._.js:8207:21)
    at async fetchServerResponse (http://localhost:3000/_next/static/chunks/node_modules_next_dist_client_0r5nbpw._.js:8051:21)
    at async fetchMissingDynamicData (http://localhost:3000/_next/static/chunks/node_modules_next_dist_client_0r5nbpw._.js:9464:24) @ http://localhost:3000/_next/static/chunks/node_modules_next_dist_1ybzpk2._.js:3318
[15204426ms] [ERROR] Failed to load resource: net::ERR_NETWORK_CHANGED @ http://localhost:3000/en/login?reason=idle&_rsc=vC3-Au21QXuX1vqq:0
[15204426ms] [ERROR] Failed to fetch RSC payload for http://localhost:3000/en/login?reason=idle. Falling back to browser navigation. TypeError: Failed to fetch
    at createFetch (http://localhost:3000/_next/static/chunks/node_modules_next_dist_client_0r5nbpw._.js:8207:21)
    at async fetchServerResponse (http://localhost:3000/_next/static/chunks/node_modules_next_dist_client_0r5nbpw._.js:8051:21)
    at async fetchMissingDynamicData (http://localhost:3000/_next/static/chunks/node_modules_next_dist_client_0r5nbpw._.js:9464:24) @ http://localhost:3000/_next/static/chunks/node_modules_next_dist_1ybzpk2._.js:3318
[15204427ms] [ERROR] Failed to load resource: net::ERR_NETWORK_CHANGED @ http://localhost:3000/en/login?reason=idle&_rsc=vC3-Au21QXuX1vqq:0
[15204427ms] [ERROR] Failed to fetch RSC payload for http://localhost:3000/en/login?reason=idle. Falling back to browser navigation. TypeError: Failed to fetch
    at createFetch (http://localhost:3000/_next/static/chunks/node_modules_next_dist_client_0r5nbpw._.js:8207:21)
    at async fetchServerResponse (http://localhost:3000/_next/static/chunks/node_modules_next_dist_client_0r5nbpw._.js:8051:21)
    at async fetchMissingDynamicData (http://localhost:3000/_next/static/chunks/node_modules_next_dist_client_0r5nbpw._.js:9464:24) @ http://localhost:3000/_next/static/chunks/node_modules_next_dist_1ybzpk2._.js:3318
[15204428ms] [ERROR] Failed to load resource: net::ERR_NETWORK_CHANGED @ http://localhost:3000/en/login?reason=idle&_rsc=vC3-Au21QXuX1vqq:0
[15204428ms] [ERROR] Failed to fetch RSC payload for http://localhost:3000/en/login?reason=idle. Falling back to browser navigation. TypeError: Failed to fetch
    at createFetch (http://localhost:3000/_next/static/chunks/node_modules_next_dist_client_0r5nbpw._.js:8207:21)
    at async fetchServerResponse (http://localhost:3000/_next/static/chunks/node_modules_next_dist_client_0r5nbpw._.js:8051:21)
    at async fetchMissingDynamicData (http://localhost:3000/_next/static/chunks/node_modules_next_dist_client_0r5nbpw._.js:9464:24) @ http://localhost:3000/_next/static/chunks/node_modules_next_dist_1ybzpk2._.js:3318
[15204430ms] [ERROR] Failed to load resource: net::ERR_NETWORK_CHANGED @ http://localhost:3000/en/login?reason=idle&_rsc=vC3-Au21QXuX1vqq:0
[15204430ms] [ERROR] Failed to fetch RSC payload for http://localhost:3000/en/login?reason=idle. Falling back to browser navigation. TypeError: Failed to fetch
    at createFetch (http://localhost:3000/_next/static/chunks/node_modules_next_dist_client_0r5nbpw._.js:8207:21)
    at async fetchServerResponse (http://localhost:3000/_next/static/chunks/node_modules_next_dist_client_0r5nbpw._.js:8051:21)
    at async fetchMissingDynamicData (http://localhost:3000/_next/static/chunks/node_modules_next_dist_client_0r5nbpw._.js:9464:24) @ http://localhost:3000/_next/static/chunks/node_modules_next_dist_1ybzpk2._.js:3318
[15204431ms] [ERROR] Failed to load resource: net::ERR_NETWORK_CHANGED @ http://localhost:3000/en/login?reason=idle&_rsc=vC3-Au21QXuX1vqq:0
[15204431ms] [ERROR] Failed to fetch RSC payload for http://localhost:3000/en/login?reason=idle. Falling back to browser navigation. TypeError: Failed to fetch
    at createFetch (http://localhost:3000/_next/static/chunks/node_modules_next_dist_client_0r5nbpw._.js:8207:21)
    at async fetchServerResponse (http://localhost:3000/_next/static/chunks/node_modules_next_dist_client_0r5nbpw._.js:8051:21)
    at async fetchMissingDynamicData (http://localhost:3000/_next/static/chunks/node_modules_next_dist_client_0r5nbpw._.js:9464:24) @ http://localhost:3000/_next/static/chunks/node_modules_next_dist_1ybzpk2._.js:3318
[15204432ms] [ERROR] Failed to load resource: net::ERR_NETWORK_CHANGED @ http://localhost:3000/en/login?reason=idle&_rsc=vC3-Au21QXuX1vqq:0
[15204433ms] [ERROR] Failed to fetch RSC payload for http://localhost:3000/en/login?reason=idle. Falling back to browser navigation. TypeError: Failed to fetch
    at createFetch (http://localhost:3000/_next/static/chunks/node_modules_next_dist_client_0r5nbpw._.js:8207:21)
    at async fetchServerResponse (http://localhost:3000/_next/static/chunks/node_modules_next_dist_client_0r5nbpw._.js:8051:21)
    at async fetchMissingDynamicData (http://localhost:3000/_next/static/chunks/node_modules_next_dist_client_0r5nbpw._.js:9464:24) @ http://localhost:3000/_next/static/chunks/node_modules_next_dist_1ybzpk2._.js:3318
[15204434ms] [ERROR] Failed to load resource: net::ERR_NETWORK_CHANGED @ http://localhost:3000/en/login?reason=idle&_rsc=vC3-Au21QXuX1vqq:0
[15204434ms] [ERROR] Failed to fetch RSC payload for http://localhost:3000/en/login?reason=idle. Falling back to browser navigation. TypeError: Failed to fetch
    at createFetch (http://localhost:3000/_next/static/chunks/node_modules_next_dist_client_0r5nbpw._.js:8207:21)
    at async fetchServerResponse (http://localhost:3000/_next/static/chunks/node_modules_next_dist_client_0r5nbpw._.js:8051:21)
    at async fetchMissingDynamicData (http://localhost:3000/_next/static/chunks/node_modules_next_dist_client_0r5nbpw._.js:9464:24) @ http://localhost:3000/_next/static/chunks/node_modules_next_dist_1ybzpk2._.js:3318
[15204435ms] [ERROR] Failed to load resource: net::ERR_NETWORK_CHANGED @ http://localhost:3000/en/login?reason=idle&_rsc=vC3-Au21QXuX1vqq:0
[15204435ms] [ERROR] Failed to fetch RSC payload for http://localhost:3000/en/login?reason=idle. Falling back to browser navigation. TypeError: Failed to fetch
    at createFetch (http://localhost:3000/_next/static/chunks/node_modules_next_dist_client_0r5nbpw._.js:8207:21)
    at async fetchServerResponse (http://localhost:3000/_next/static/chunks/node_modules_next_dist_client_0r5nbpw._.js:8051:21)
    at async fetchMissingDynamicData (http://localhost:3000/_next/static/chunks/node_modules_next_dist_client_0r5nbpw._.js:9464:24) @ http://localhost:3000/_next/static/chunks/node_modules_next_dist_1ybzpk2._.js:3318
[15204436ms] [ERROR] Failed to load resource: net::ERR_NETWORK_CHANGED @ http://localhost:3000/en/login?reason=idle&_rsc=vC3-Au21QXuX1vqq:0
[15204437ms] [ERROR] Failed to fetch RSC payload for http://localhost:3000/en/login?reason=idle. Falling back to browser navigation. TypeError: Failed to fetch
    at createFetch (http://localhost:3000/_next/static/chunks/node_modules_next_dist_client_0r5nbpw._.js:8207:21)
    at async fetchServerResponse (http://localhost:3000/_next/static/chunks/node_modules_next_dist_client_0r5nbpw._.js:8051:21)
    at async fetchMissingDynamicData (http://localhost:3000/_next/static/chunks/node_modules_next_dist_client_0r5nbpw._.js:9464:24) @ http://localhost:3000/_next/static/chunks/node_modules_next_dist_1ybzpk2._.js:3318
[15204438ms] [ERROR] Failed to load resource: net::ERR_NETWORK_CHANGED @ http://localhost:3000/en/login?reason=idle&_rsc=vC3-Au21QXuX1vqq:0
[15204438ms] [ERROR] Failed to fetch RSC payload for http://localhost:3000/en/login?reason=idle. Falling back to browser navigation. TypeError: Failed to fetch
    at createFetch (http://localhost:3000/_next/static/chunks/node_modules_next_dist_client_0r5nbpw._.js:8207:21)
    at async fetchServerResponse (http://localhost:3000/_next/static/chunks/node_modules_next_dist_client_0r5nbpw._.js:8051:21)
    at async fetchMissingDynamicData (http://localhost:3000/_next/static/chunks/node_modules_next_dist_client_0r5nbpw._.js:9464:24) @ http://localhost:3000/_next/static/chunks/node_modules_next_dist_1ybzpk2._.js:3318
[15204439ms] [ERROR] Failed to load resource: net::ERR_NETWORK_CHANGED @ http://localhost:3000/en/login?reason=idle&_rsc=vC3-Au21QXuX1vqq:0
[15204439ms] [ERROR] Failed to fetch RSC payload for http://localhost:3000/en/login?reason=idle. Falling back to browser navigation. TypeError: Failed to fetch
    at createFetch (http://localhost:3000/_next/static/chunks/node_modules_next_dist_client_0r5nbpw._.js:8207:21)
    at async fetchServerResponse (http://localhost:3000/_next/static/chunks/node_modules_next_dist_client_0r5nbpw._.js:8051:21)
    at async fetchMissingDynamicData (http://localhost:3000/_next/static/chunks/node_modules_next_dist_client_0r5nbpw._.js:9464:24) @ http://localhost:3000/_next/static/chunks/node_modules_next_dist_1ybzpk2._.js:3318
[15204440ms] [ERROR] Failed to load resource: net::ERR_NETWORK_CHANGED @ http://localhost:3000/en/login?reason=idle&_rsc=vC3-Au21QXuX1vqq:0
[15204441ms] [ERROR] Failed to fetch RSC payload for http://localhost:3000/en/login?reason=idle. Falling back to browser navigation. TypeError: Failed to fetch
    at createFetch (http://localhost:3000/_next/static/chunks/node_modules_next_dist_client_0r5nbpw._.js:8207:21)
    at async fetchServerResponse (http://localhost:3000/_next/static/chunks/node_modules_next_dist_client_0r5nbpw._.js:8051:21)
    at async fetchMissingDynamicData (http://localhost:3000/_next/static/chunks/node_modules_next_dist_client_0r5nbpw._.js:9464:24) @ http://localhost:3000/_next/static/chunks/node_modules_next_dist_1ybzpk2._.js:3318
[15204443ms] [ERROR] Failed to load resource: net::ERR_NETWORK_CHANGED @ http://localhost:3000/en/login?reason=idle&_rsc=vC3-Au21QXuX1vqq:0
[15204443ms] [ERROR] Failed to fetch RSC payload for http://localhost:3000/en/login?reason=idle. Falling back to browser navigation. TypeError: Failed to fetch
    at createFetch (http://localhost:3000/_next/static/chunks/node_modules_next_dist_client_0r5nbpw._.js:8207:21)
    at async fetchServerResponse (http://localhost:3000/_next/static/chunks/node_modules_next_dist_client_0r5nbpw._.js:8051:21)
    at async fetchMissingDynamicData (http://localhost:3000/_next/static/chunks/node_modules_next_dist_client_0r5nbpw._.js:9464:24) @ http://localhost:3000/_next/static/chunks/node_modules_next_dist_1ybzpk2._.js:3318
[15204445ms] [ERROR] Failed to load resource: net::ERR_NETWORK_CHANGED @ http://localhost:3000/en/login?reason=idle&_rsc=vC3-Au21QXuX1vqq:0
[15204445ms] [ERROR] Failed to fetch RSC payload for http://localhost:3000/en/login?reason=idle. Falling back to browser navigation. TypeError: Failed to fetch
    at createFetch (http://localhost:3000/_next/static/chunks/node_modules_next_dist_client_0r5nbpw._.js:8207:21)
    at async fetchServerResponse (http://localhost:3000/_next/static/chunks/node_modules_next_dist_client_0r5nbpw._.js:8051:21)
    at async fetchMissingDynamicData (http://localhost:3000/_next/static/chunks/node_modules_next_dist_client_0r5nbpw._.js:9464:24) @ http://localhost:3000/_next/static/chunks/node_modules_next_dist_1ybzpk2._.js:3318
[15204447ms] [ERROR] Failed to load resource: net::ERR_NETWORK_CHANGED @ http://localhost:3000/en/login?reason=idle&_rsc=vC3-Au21QXuX1vqq:0
[15204447ms] [ERROR] Failed to fetch RSC payload for http://localhost:3000/en/login?reason=idle. Falling back to browser navigation. TypeError: Failed to fetch
    at createFetch (http://localhost:3000/_next/static/chunks/node_modules_next_dist_client_0r5nbpw._.js:8207:21)
    at async fetchServerResponse (http://localhost:3000/_next/static/chunks/node_modules_next_dist_client_0r5nbpw._.js:8051:21)
    at async fetchMissingDynamicData (http://localhost:3000/_next/static/chunks/node_modules_next_dist_client_0r5nbpw._.js:9464:24) @ http://localhost:3000/_next/static/chunks/node_modules_next_dist_1ybzpk2._.js:3318
[15204448ms] [ERROR] Failed to load resource: net::ERR_NETWORK_CHANGED @ http://localhost:3000/en/login?reason=idle&_rsc=vC3-Au21QXuX1vqq:0
[15204448ms] [ERROR] Failed to fetch RSC payload for http://localhost:3000/en/login?reason=idle. Falling back to browser navigation. TypeError: Failed to fetch
    at createFetch (http://localhost:3000/_next/static/chunks/node_modules_next_dist_client_0r5nbpw._.js:8207:21)
    at async fetchServerResponse (http://localhost:3000/_next/static/chunks/node_modules_next_dist_client_0r5nbpw._.js:8051:21)
    at async fetchMissingDynamicData (http://localhost:3000/_next/static/chunks/node_modules_next_dist_client_0r5nbpw._.js:9464:24) @ http://localhost:3000/_next/static/chunks/node_modules_next_dist_1ybzpk2._.js:3318
[15204450ms] [ERROR] Failed to load resource: net::ERR_NETWORK_CHANGED @ http://localhost:3000/en/login?reason=idle&_rsc=vC3-Au21QXuX1vqq:0
[15204450ms] [ERROR] Failed to fetch RSC payload for http://localhost:3000/en/login?reason=idle. Falling back to browser navigation. TypeError: Failed to fetch
    at createFetch (http://localhost:3000/_next/static/chunks/node_modules_next_dist_client_0r5nbpw._.js:8207:21)
    at async fetchServerResponse (http://localhost:3000/_next/static/chunks/node_modules_next_dist_client_0r5nbpw._.js:8051:21)
    at async fetchMissingDynamicData (http://localhost:3000/_next/static/chunks/node_modules_next_dist_client_0r5nbpw._.js:9464:24) @ http://localhost:3000/_next/static/chunks/node_modules_next_dist_1ybzpk2._.js:3318
[15204451ms] [ERROR] Failed to load resource: net::ERR_NETWORK_CHANGED @ http://localhost:3000/en/login?reason=idle&_rsc=vC3-Au21QXuX1vqq:0
[15204451ms] [ERROR] Failed to fetch RSC payload for http://localhost:3000/en/login?reason=idle. Falling back to browser navigation. TypeError: Failed to fetch
    at createFetch (http://localhost:3000/_next/static/chunks/node_modules_next_dist_client_0r5nbpw._.js:8207:21)
    at async fetchServerResponse (http://localhost:3000/_next/static/chunks/node_modules_next_dist_client_0r5nbpw._.js:8051:21)
    at async fetchMissingDynamicData (http://localhost:3000/_next/static/chunks/node_modules_next_dist_client_0r5nbpw._.js:9464:24) @ http://localhost:3000/_next/static/chunks/node_modules_next_dist_1ybzpk2._.js:3318
[15204452ms] [ERROR] Failed to load resource: net::ERR_NETWORK_CHANGED @ http://localhost:3000/en/login?reason=idle&_rsc=vC3-Au21QXuX1vqq:0
[15204452ms] [ERROR] Failed to fetch RSC payload for http://localhost:3000/en/login?reason=idle. Falling back to browser navigation. TypeError: Failed to fetch
    at createFetch (http://localhost:3000/_next/static/chunks/node_modules_next_dist_client_0r5nbpw._.js:8207:21)
    at async fetchServerResponse (http://localhost:3000/_next/static/chunks/node_modules_next_dist_client_0r5nbpw._.js:8051:21)
    at async fetchMissingDynamicData (http://localhost:3000/_next/static/chunks/node_modules_next_dist_client_0r5nbpw._.js:9464:24) @ http://localhost:3000/_next/static/chunks/node_modules_next_dist_1ybzpk2._.js:3318
[15204453ms] [ERROR] Failed to load resource: net::ERR_NETWORK_CHANGED @ http://localhost:3000/en/login?reason=idle&_rsc=vC3-Au21QXuX1vqq:0
[15204453ms] [ERROR] Failed to fetch RSC payload for http://localhost:3000/en/login?reason=idle. Falling back to browser navigation. TypeError: Failed to fetch
    at createFetch (http://localhost:3000/_next/static/chunks/node_modules_next_dist_client_0r5nbpw._.js:8207:21)
    at async fetchServerResponse (http://localhost:3000/_next/static/chunks/node_modules_next_dist_client_0r5nbpw._.js:8051:21)
    at async fetchMissingDynamicData (http://localhost:3000/_next/static/chunks/node_modules_next_dist_client_0r5nbpw._.js:9464:24) @ http://localhost:3000/_next/static/chunks/node_modules_next_dist_1ybzpk2._.js:3318
[15204456ms] [ERROR] Failed to load resource: net::ERR_NETWORK_CHANGED @ http://localhost:3000/en/login?reason=idle&_rsc=vC3-Au21QXuX1vqq:0
[15204456ms] [ERROR] Failed to fetch RSC payload for http://localhost:3000/en/login?reason=idle. Falling back to browser navigation. TypeError: Failed to fetch
    at createFetch (http://localhost:3000/_next/static/chunks/node_modules_next_dist_client_0r5nbpw._.js:8207:21)
    at async fetchServerResponse (http://localhost:3000/_next/static/chunks/node_modules_next_dist_client_0r5nbpw._.js:8051:21)
    at async fetchMissingDynamicData (http://localhost:3000/_next/static/chunks/node_modules_next_dist_client_0r5nbpw._.js:9464:24) @ http://localhost:3000/_next/static/chunks/node_modules_next_dist_1ybzpk2._.js:3318
[15204457ms] [ERROR] Failed to load resource: net::ERR_NETWORK_CHANGED @ http://localhost:3000/en/login?reason=idle&_rsc=vC3-Au21QXuX1vqq:0
[15204457ms] [ERROR] Failed to fetch RSC payload for http://localhost:3000/en/login?reason=idle. Falling back to browser navigation. TypeError: Failed to fetch
    at createFetch (http://localhost:3000/_next/static/chunks/node_modules_next_dist_client_0r5nbpw._.js:8207:21)
    at async fetchServerResponse (http://localhost:3000/_next/static/chunks/node_modules_next_dist_client_0r5nbpw._.js:8051:21)
    at async fetchMissingDynamicData (http://localhost:3000/_next/static/chunks/node_modules_next_dist_client_0r5nbpw._.js:9464:24) @ http://localhost:3000/_next/static/chunks/node_modules_next_dist_1ybzpk2._.js:3318
[15204459ms] [ERROR] Failed to load resource: net::ERR_NETWORK_CHANGED @ http://localhost:3000/en/login?reason=idle&_rsc=vC3-Au21QXuX1vqq:0
[15204459ms] [ERROR] Failed to fetch RSC payload for http://localhost:3000/en/login?reason=idle. Falling back to browser navigation. TypeError: Failed to fetch
    at createFetch (http://localhost:3000/_next/static/chunks/node_modules_next_dist_client_0r5nbpw._.js:8207:21)
    at async fetchServerResponse (http://localhost:3000/_next/static/chunks/node_modules_next_dist_client_0r5nbpw._.js:8051:21)
    at async fetchMissingDynamicData (http://localhost:3000/_next/static/chunks/node_modules_next_dist_client_0r5nbpw._.js:9464:24) @ http://localhost:3000/_next/static/chunks/node_modules_next_dist_1ybzpk2._.js:3318
[15204460ms] [ERROR] Failed to load resource: net::ERR_NETWORK_CHANGED @ http://localhost:3000/en/login?reason=idle&_rsc=vC3-Au21QXuX1vqq:0
[15204461ms] [ERROR] Failed to fetch RSC payload for http://localhost:3000/en/login?reason=idle. Falling back to browser navigation. TypeError: Failed to fetch
    at createFetch (http://localhost:3000/_next/static/chunks/node_modules_next_dist_client_0r5nbpw._.js:8207:21)
    at async fetchServerResponse (http://localhost:3000/_next/static/chunks/node_modules_next_dist_client_0r5nbpw._.js:8051:21)
    at async fetchMissingDynamicData (http://localhost:3000/_next/static/chunks/node_modules_next_dist_client_0r5nbpw._.js:9464:24) @ http://localhost:3000/_next/static/chunks/node_modules_next_dist_1ybzpk2._.js:3318
[15204462ms] [ERROR] Failed to load resource: net::ERR_NETWORK_CHANGED @ http://localhost:3000/en/login?reason=idle&_rsc=vC3-Au21QXuX1vqq:0
[15204463ms] [ERROR] Failed to fetch RSC payload for http://localhost:3000/en/login?reason=idle. Falling back to browser navigation. TypeError: Failed to fetch
    at createFetch (http://localhost:3000/_next/static/chunks/node_modules_next_dist_client_0r5nbpw._.js:8207:21)
    at async fetchServerResponse (http://localhost:3000/_next/static/chunks/node_modules_next_dist_client_0r5nbpw._.js:8051:21)
    at async fetchMissingDynamicData (http://localhost:3000/_next/static/chunks/node_modules_next_dist_client_0r5nbpw._.js:9464:24) @ http://localhost:3000/_next/static/chunks/node_modules_next_dist_1ybzpk2._.js:3318
[15204464ms] [ERROR] Failed to load resource: net::ERR_NETWORK_CHANGED @ http://localhost:3000/en/login?reason=idle&_rsc=vC3-Au21QXuX1vqq:0
[15204464ms] [ERROR] Failed to fetch RSC payload for http://localhost:3000/en/login?reason=idle. Falling back to browser navigation. TypeError: Failed to fetch
    at createFetch (http://localhost:3000/_next/static/chunks/node_modules_next_dist_client_0r5nbpw._.js:8207:21)
    at async fetchServerResponse (http://localhost:3000/_next/static/chunks/node_modules_next_dist_client_0r5nbpw._.js:8051:21)
    at async fetchMissingDynamicData (http://localhost:3000/_next/static/chunks/node_modules_next_dist_client_0r5nbpw._.js:9464:24) @ http://localhost:3000/_next/static/chunks/node_modules_next_dist_1ybzpk2._.js:3318
[15204465ms] [ERROR] Failed to load resource: net::ERR_NETWORK_CHANGED @ http://localhost:3000/en/login?reason=idle&_rsc=vC3-Au21QXuX1vqq:0
[15204465ms] [ERROR] Failed to fetch RSC payload for http://localhost:3000/en/login?reason=idle. Falling back to browser navigation. TypeError: Failed to fetch
    at createFetch (http://localhost:3000/_next/static/chunks/node_modules_next_dist_client_0r5nbpw._.js:8207:21)
    at async fetchServerResponse (http://localhost:3000/_next/static/chunks/node_modules_next_dist_client_0r5nbpw._.js:8051:21)
    at async fetchMissingDynamicData (http://localhost:3000/_next/static/chunks/node_modules_next_dist_client_0r5nbpw._.js:9464:24) @ http://localhost:3000/_next/static/chunks/node_modules_next_dist_1ybzpk2._.js:3318
[15204467ms] [ERROR] Failed to load resource: net::ERR_NETWORK_CHANGED @ http://localhost:3000/en/login?reason=idle&_rsc=vC3-Au21QXuX1vqq:0
[15204467ms] [ERROR] Failed to fetch RSC payload for http://localhost:3000/en/login?reason=idle. Falling back to browser navigation. TypeError: Failed to fetch
    at createFetch (http://localhost:3000/_next/static/chunks/node_modules_next_dist_client_0r5nbpw._.js:8207:21)
    at async fetchServerResponse (http://localhost:3000/_next/static/chunks/node_modules_next_dist_client_0r5nbpw._.js:8051:21)
    at async fetchMissingDynamicData (http://localhost:3000/_next/static/chunks/node_modules_next_dist_client_0r5nbpw._.js:9464:24) @ http://localhost:3000/_next/static/chunks/node_modules_next_dist_1ybzpk2._.js:3318
[15204469ms] [ERROR] Failed to load resource: net::ERR_NETWORK_CHANGED @ http://localhost:3000/en/login?reason=idle&_rsc=vC3-Au21QXuX1vqq:0
[15204469ms] [ERROR] Failed to fetch RSC payload for http://localhost:3000/en/login?reason=idle. Falling back to browser navigation. TypeError: Failed to fetch
    at createFetch (http://localhost:3000/_next/static/chunks/node_modules_next_dist_client_0r5nbpw._.js:8207:21)
    at async fetchServerResponse (http://localhost:3000/_next/static/chunks/node_modules_next_dist_client_0r5nbpw._.js:8051:21)
    at async fetchMissingDynamicData (http://localhost:3000/_next/static/chunks/node_modules_next_dist_client_0r5nbpw._.js:9464:24) @ http://localhost:3000/_next/static/chunks/node_modules_next_dist_1ybzpk2._.js:3318
[15204470ms] [ERROR] Failed to load resource: net::ERR_NETWORK_CHANGED @ http://localhost:3000/en/login?reason=idle&_rsc=vC3-Au21QXuX1vqq:0
[15204470ms] [ERROR] Failed to fetch RSC payload for http://localhost:3000/en/login?reason=idle. Falling back to browser navigation. TypeError: Failed to fetch
    at createFetch (http://localhost:3000/_next/static/chunks/node_modules_next_dist_client_0r5nbpw._.js:8207:21)
    at async fetchServerResponse (http://localhost:3000/_next/static/chunks/node_modules_next_dist_client_0r5nbpw._.js:8051:21)
    at async fetchMissingDynamicData (http://localhost:3000/_next/static/chunks/node_modules_next_dist_client_0r5nbpw._.js:9464:24) @ http://localhost:3000/_next/static/chunks/node_modules_next_dist_1ybzpk2._.js:3318
[15204472ms] [ERROR] Failed to load resource: net::ERR_NETWORK_CHANGED @ http://localhost:3000/en/login?reason=idle&_rsc=vC3-Au21QXuX1vqq:0
[15204472ms] [ERROR] Failed to fetch RSC payload for http://localhost:3000/en/login?reason=idle. Falling back to browser navigation. TypeError: Failed to fetch
    at createFetch (http://localhost:3000/_next/static/chunks/node_modules_next_dist_client_0r5nbpw._.js:8207:21)
    at async fetchServerResponse (http://localhost:3000/_next/static/chunks/node_modules_next_dist_client_0r5nbpw._.js:8051:21)
    at async fetchMissingDynamicData (http://localhost:3000/_next/static/chunks/node_modules_next_dist_client_0r5nbpw._.js:9464:24) @ http://localhost:3000/_next/static/chunks/node_modules_next_dist_1ybzpk2._.js:3318
[15204473ms] [ERROR] Failed to load resource: net::ERR_NETWORK_CHANGED @ http://localhost:3000/en/login?reason=idle&_rsc=vC3-Au21QXuX1vqq:0
[15204473ms] [ERROR] Failed to fetch RSC payload for http://localhost:3000/en/login?reason=idle. Falling back to browser navigation. TypeError: Failed to fetch
    at createFetch (http://localhost:3000/_next/static/chunks/node_modules_next_dist_client_0r5nbpw._.js:8207:21)
    at async fetchServerResponse (http://localhost:3000/_next/static/chunks/node_modules_next_dist_client_0r5nbpw._.js:8051:21)
    at async fetchMissingDynamicData (http://localhost:3000/_next/static/chunks/node_modules_next_dist_client_0r5nbpw._.js:9464:24) @ http://localhost:3000/_next/static/chunks/node_modules_next_dist_1ybzpk2._.js:3318
[15204474ms] [ERROR] Failed to load resource: net::ERR_NETWORK_CHANGED @ http://localhost:3000/en/login?reason=idle&_rsc=vC3-Au21QXuX1vqq:0
[15204474ms] [ERROR] Failed to fetch RSC payload for http://localhost:3000/en/login?reason=idle. Falling back to browser navigation. TypeError: Failed to fetch
    at createFetch (http://localhost:3000/_next/static/chunks/node_modules_next_dist_client_0r5nbpw._.js:8207:21)
    at async fetchServerResponse (http://localhost:3000/_next/static/chunks/node_modules_next_dist_client_0r5nbpw._.js:8051:21)
    at async fetchMissingDynamicData (http://localhost:3000/_next/static/chunks/node_modules_next_dist_client_0r5nbpw._.js:9464:24) @ http://localhost:3000/_next/static/chunks/node_modules_next_dist_1ybzpk2._.js:3318
[15204475ms] [ERROR] Failed to load resource: net::ERR_NETWORK_CHANGED @ http://localhost:3000/en/login?reason=idle&_rsc=vC3-Au21QXuX1vqq:0
[15204475ms] [ERROR] Failed to fetch RSC payload for http://localhost:3000/en/login?reason=idle. Falling back to browser navigation. TypeError: Failed to fetch
    at createFetch (http://localhost:3000/_next/static/chunks/node_modules_next_dist_client_0r5nbpw._.js:8207:21)
    at async fetchServerResponse (http://localhost:3000/_next/static/chunks/node_modules_next_dist_client_0r5nbpw._.js:8051:21)
    at async fetchMissingDynamicData (http://localhost:3000/_next/static/chunks/node_modules_next_dist_client_0r5nbpw._.js:9464:24) @ http://localhost:3000/_next/static/chunks/node_modules_next_dist_1ybzpk2._.js:3318
[15204477ms] [ERROR] Failed to load resource: net::ERR_NETWORK_CHANGED @ http://localhost:3000/en/login?reason=idle&_rsc=vC3-Au21QXuX1vqq:0
[15204477ms] [ERROR] Failed to fetch RSC payload for http://localhost:3000/en/login?reason=idle. Falling back to browser navigation. TypeError: Failed to fetch
    at createFetch (http://localhost:3000/_next/static/chunks/node_modules_next_dist_client_0r5nbpw._.js:8207:21)
    at async fetchServerResponse (http://localhost:3000/_next/static/chunks/node_modules_next_dist_client_0r5nbpw._.js:8051:21)
    at async fetchMissingDynamicData (http://localhost:3000/_next/static/chunks/node_modules_next_dist_client_0r5nbpw._.js:9464:24) @ http://localhost:3000/_next/static/chunks/node_modules_next_dist_1ybzpk2._.js:3318
[15204478ms] [ERROR] Failed to load resource: net::ERR_NETWORK_CHANGED @ http://localhost:3000/en/login?reason=idle&_rsc=vC3-Au21QXuX1vqq:0
[15204478ms] [ERROR] Failed to fetch RSC payload for http://localhost:3000/en/login?reason=idle. Falling back to browser navigation. TypeError: Failed to fetch
    at createFetch (http://localhost:3000/_next/static/chunks/node_modules_next_dist_client_0r5nbpw._.js:8207:21)
    at async fetchServerResponse (http://localhost:3000/_next/static/chunks/node_modules_next_dist_client_0r5nbpw._.js:8051:21)
    at async fetchMissingDynamicData (http://localhost:3000/_next/static/chunks/node_modules_next_dist_client_0r5nbpw._.js:9464:24) @ http://localhost:3000/_next/static/chunks/node_modules_next_dist_1ybzpk2._.js:3318
[15204480ms] [ERROR] Failed to load resource: net::ERR_NETWORK_CHANGED @ http://localhost:3000/en/login?reason=idle&_rsc=vC3-Au21QXuX1vqq:0
[15204480ms] [ERROR] Failed to fetch RSC payload for http://localhost:3000/en/login?reason=idle. Falling back to browser navigation. TypeError: Failed to fetch
    at createFetch (http://localhost:3000/_next/static/chunks/node_modules_next_dist_client_0r5nbpw._.js:8207:21)
    at async fetchServerResponse (http://localhost:3000/_next/static/chunks/node_modules_next_dist_client_0r5nbpw._.js:8051:21)
    at async fetchMissingDynamicData (http://localhost:3000/_next/static/chunks/node_modules_next_dist_client_0r5nbpw._.js:9464:24) @ http://localhost:3000/_next/static/chunks/node_modules_next_dist_1ybzpk2._.js:3318
[15204481ms] [ERROR] Failed to load resource: net::ERR_NETWORK_CHANGED @ http://localhost:3000/en/login?reason=idle&_rsc=vC3-Au21QXuX1vqq:0
[15204481ms] [ERROR] Failed to fetch RSC payload for http://localhost:3000/en/login?reason=idle. Falling back to browser navigation. TypeError: Failed to fetch
    at createFetch (http://localhost:3000/_next/static/chunks/node_modules_next_dist_client_0r5nbpw._.js:8207:21)
    at async fetchServerResponse (http://localhost:3000/_next/static/chunks/node_modules_next_dist_client_0r5nbpw._.js:8051:21)
    at async fetchMissingDynamicData (http://localhost:3000/_next/static/chunks/node_modules_next_dist_client_0r5nbpw._.js:9464:24) @ http://localhost:3000/_next/static/chunks/node_modules_next_dist_1ybzpk2._.js:3318
[15204482ms] [ERROR] Failed to load resource: net::ERR_NETWORK_CHANGED @ http://localhost:3000/en/login?reason=idle&_rsc=vC3-Au21QXuX1vqq:0
[15204483ms] [ERROR] Failed to fetch RSC payload for http://localhost:3000/en/login?reason=idle. Falling back to browser navigation. TypeError: Failed to fetch
    at createFetch (http://localhost:3000/_next/static/chunks/node_modules_next_dist_client_0r5nbpw._.js:8207:21)
    at async fetchServerResponse (http://localhost:3000/_next/static/chunks/node_modules_next_dist_client_0r5nbpw._.js:8051:21)
    at async fetchMissingDynamicData (http://localhost:3000/_next/static/chunks/node_modules_next_dist_client_0r5nbpw._.js:9464:24) @ http://localhost:3000/_next/static/chunks/node_modules_next_dist_1ybzpk2._.js:3318
[15204484ms] [ERROR] Failed to load resource: net::ERR_NETWORK_CHANGED @ http://localhost:3000/en/login?reason=idle&_rsc=vC3-Au21QXuX1vqq:0
[15204484ms] [ERROR] Failed to fetch RSC payload for http://localhost:3000/en/login?reason=idle. Falling back to browser navigation. TypeError: Failed to fetch
    at createFetch (http://localhost:3000/_next/static/chunks/node_modules_next_dist_client_0r5nbpw._.js:8207:21)
    at async fetchServerResponse (http://localhost:3000/_next/static/chunks/node_modules_next_dist_client_0r5nbpw._.js:8051:21)
    at async fetchMissingDynamicData (http://localhost:3000/_next/static/chunks/node_modules_next_dist_client_0r5nbpw._.js:9464:24) @ http://localhost:3000/_next/static/chunks/node_modules_next_dist_1ybzpk2._.js:3318
[15204485ms] [ERROR] Failed to load resource: net::ERR_NETWORK_CHANGED @ http://localhost:3000/en/login?reason=idle&_rsc=vC3-Au21QXuX1vqq:0
[15204485ms] [ERROR] Failed to fetch RSC payload for http://localhost:3000/en/login?reason=idle. Falling back to browser navigation. TypeError: Failed to fetch
    at createFetch (http://localhost:3000/_next/static/chunks/node_modules_next_dist_client_0r5nbpw._.js:8207:21)
    at async fetchServerResponse (http://localhost:3000/_next/static/chunks/node_modules_next_dist_client_0r5nbpw._.js:8051:21)
    at async fetchMissingDynamicData (http://localhost:3000/_next/static/chunks/node_modules_next_dist_client_0r5nbpw._.js:9464:24) @ http://localhost:3000/_next/static/chunks/node_modules_next_dist_1ybzpk2._.js:3318
[15204487ms] [ERROR] Failed to load resource: net::ERR_NETWORK_CHANGED @ http://localhost:3000/en/login?reason=idle&_rsc=vC3-Au21QXuX1vqq:0
[15204487ms] [ERROR] Failed to fetch RSC payload for http://localhost:3000/en/login?reason=idle. Falling back to browser navigation. TypeError: Failed to fetch
    at createFetch (http://localhost:3000/_next/static/chunks/node_modules_next_dist_client_0r5nbpw._.js:8207:21)
    at async fetchServerResponse (http://localhost:3000/_next/static/chunks/node_modules_next_dist_client_0r5nbpw._.js:8051:21)
    at async fetchMissingDynamicData (http://localhost:3000/_next/static/chunks/node_modules_next_dist_client_0r5nbpw._.js:9464:24) @ http://localhost:3000/_next/static/chunks/node_modules_next_dist_1ybzpk2._.js:3318
[15204488ms] [ERROR] Failed to load resource: net::ERR_NETWORK_CHANGED @ http://localhost:3000/en/login?reason=idle&_rsc=vC3-Au21QXuX1vqq:0
[15204489ms] [ERROR] Failed to fetch RSC payload for http://localhost:3000/en/login?reason=idle. Falling back to browser navigation. TypeError: Failed to fetch
    at createFetch (http://localhost:3000/_next/static/chunks/node_modules_next_dist_client_0r5nbpw._.js:8207:21)
    at async fetchServerResponse (http://localhost:3000/_next/static/chunks/node_modules_next_dist_client_0r5nbpw._.js:8051:21)
    at async fetchMissingDynamicData (http://localhost:3000/_next/static/chunks/node_modules_next_dist_client_0r5nbpw._.js:9464:24) @ http://localhost:3000/_next/static/chunks/node_modules_next_dist_1ybzpk2._.js:3318
[15204490ms] [ERROR] Failed to load resource: net::ERR_NETWORK_CHANGED @ http://localhost:3000/en/login?reason=idle&_rsc=vC3-Au21QXuX1vqq:0
[15204490ms] [ERROR] Failed to fetch RSC payload for http://localhost:3000/en/login?reason=idle. Falling back to browser navigation. TypeError: Failed to fetch
    at createFetch (http://localhost:3000/_next/static/chunks/node_modules_next_dist_client_0r5nbpw._.js:8207:21)
    at async fetchServerResponse (http://localhost:3000/_next/static/chunks/node_modules_next_dist_client_0r5nbpw._.js:8051:21)
    at async fetchMissingDynamicData (http://localhost:3000/_next/static/chunks/node_modules_next_dist_client_0r5nbpw._.js:9464:24) @ http://localhost:3000/_next/static/chunks/node_modules_next_dist_1ybzpk2._.js:3318
[15204492ms] [ERROR] Failed to load resource: net::ERR_NETWORK_CHANGED @ http://localhost:3000/en/login?reason=idle&_rsc=vC3-Au21QXuX1vqq:0
[15204492ms] [ERROR] Failed to fetch RSC payload for http://localhost:3000/en/login?reason=idle. Falling back to browser navigation. TypeError: Failed to fetch
    at createFetch (http://localhost:3000/_next/static/chunks/node_modules_next_dist_client_0r5nbpw._.js:8207:21)
    at async fetchServerResponse (http://localhost:3000/_next/static/chunks/node_modules_next_dist_client_0r5nbpw._.js:8051:21)
    at async fetchMissingDynamicData (http://localhost:3000/_next/static/chunks/node_modules_next_dist_client_0r5nbpw._.js:9464:24) @ http://localhost:3000/_next/static/chunks/node_modules_next_dist_1ybzpk2._.js:3318
[15204494ms] [ERROR] Failed to load resource: net::ERR_NETWORK_CHANGED @ http://localhost:3000/en/login?reason=idle&_rsc=vC3-Au21QXuX1vqq:0
[15204494ms] [ERROR] Failed to fetch RSC payload for http://localhost:3000/en/login?reason=idle. Falling back to browser navigation. TypeError: Failed to fetch
    at createFetch (http://localhost:3000/_next/static/chunks/node_modules_next_dist_client_0r5nbpw._.js:8207:21)
    at async fetchServerResponse (http://localhost:3000/_next/static/chunks/node_modules_next_dist_client_0r5nbpw._.js:8051:21)
    at async fetchMissingDynamicData (http://localhost:3000/_next/static/chunks/node_modules_next_dist_client_0r5nbpw._.js:9464:24) @ http://localhost:3000/_next/static/chunks/node_modules_next_dist_1ybzpk2._.js:3318
[15204495ms] [ERROR] Failed to load resource: net::ERR_NETWORK_CHANGED @ http://localhost:3000/en/login?reason=idle&_rsc=vC3-Au21QXuX1vqq:0
[15204495ms] [ERROR] Failed to fetch RSC payload for http://localhost:3000/en/login?reason=idle. Falling back to browser navigation. TypeError: Failed to fetch
    at createFetch (http://localhost:3000/_next/static/chunks/node_modules_next_dist_client_0r5nbpw._.js:8207:21)
    at async fetchServerResponse (http://localhost:3000/_next/static/chunks/node_modules_next_dist_client_0r5nbpw._.js:8051:21)
    at async fetchMissingDynamicData (http://localhost:3000/_next/static/chunks/node_modules_next_dist_client_0r5nbpw._.js:9464:24) @ http://localhost:3000/_next/static/chunks/node_modules_next_dist_1ybzpk2._.js:3318
[15204497ms] [ERROR] Failed to load resource: net::ERR_NETWORK_CHANGED @ http://localhost:3000/en/login?reason=idle&_rsc=vC3-Au21QXuX1vqq:0
[15204497ms] [ERROR] Failed to fetch RSC payload for http://localhost:3000/en/login?reason=idle. Falling back to browser navigation. TypeError: Failed to fetch
    at createFetch (http://localhost:3000/_next/static/chunks/node_modules_next_dist_client_0r5nbpw._.js:8207:21)
    at async fetchServerResponse (http://localhost:3000/_next/static/chunks/node_modules_next_dist_client_0r5nbpw._.js:8051:21)
    at async fetchMissingDynamicData (http://localhost:3000/_next/static/chunks/node_modules_next_dist_client_0r5nbpw._.js:9464:24) @ http://localhost:3000/_next/static/chunks/node_modules_next_dist_1ybzpk2._.js:3318
[15204498ms] [ERROR] Failed to load resource: net::ERR_NETWORK_CHANGED @ http://localhost:3000/en/login?reason=idle&_rsc=vC3-Au21QXuX1vqq:0
[15204498ms] [ERROR] Failed to fetch RSC payload for http://localhost:3000/en/login?reason=idle. Falling back to browser navigation. TypeError: Failed to fetch
    at createFetch (http://localhost:3000/_next/static/chunks/node_modules_next_dist_client_0r5nbpw._.js:8207:21)
    at async fetchServerResponse (http://localhost:3000/_next/static/chunks/node_modules_next_dist_client_0r5nbpw._.js:8051:21)
    at async fetchMissingDynamicData (http://localhost:3000/_next/static/chunks/node_modules_next_dist_client_0r5nbpw._.js:9464:24) @ http://localhost:3000/_next/static/chunks/node_modules_next_dist_1ybzpk2._.js:3318
[15204502ms] [ERROR] Failed to load resource: net::ERR_NETWORK_CHANGED @ http://localhost:3000/en/login?reason=idle&_rsc=vC3-Au21QXuX1vqq:0
[15204503ms] [ERROR] Failed to fetch RSC payload for http://localhost:3000/en/login?reason=idle. Falling back to browser navigation. TypeError: Failed to fetch
    at createFetch (http://localhost:3000/_next/static/chunks/node_modules_next_dist_client_0r5nbpw._.js:8207:21)
    at async fetchServerResponse (http://localhost:3000/_next/static/chunks/node_modules_next_dist_client_0r5nbpw._.js:8051:21)
    at async fetchMissingDynamicData (http://localhost:3000/_next/static/chunks/node_modules_next_dist_client_0r5nbpw._.js:9464:24) @ http://localhost:3000/_next/static/chunks/node_modules_next_dist_1ybzpk2._.js:3318
[15204504ms] [ERROR] Failed to load resource: net::ERR_NETWORK_CHANGED @ http://localhost:3000/en/login?reason=idle&_rsc=vC3-Au21QXuX1vqq:0
[15204504ms] [ERROR] Failed to fetch RSC payload for http://localhost:3000/en/login?reason=idle. Falling back to browser navigation. TypeError: Failed to fetch
    at createFetch (http://localhost:3000/_next/static/chunks/node_modules_next_dist_client_0r5nbpw._.js:8207:21)
    at async fetchServerResponse (http://localhost:3000/_next/static/chunks/node_modules_next_dist_client_0r5nbpw._.js:8051:21)
    at async fetchMissingDynamicData (http://localhost:3000/_next/static/chunks/node_modules_next_dist_client_0r5nbpw._.js:9464:24) @ http://localhost:3000/_next/static/chunks/node_modules_next_dist_1ybzpk2._.js:3318
[15204506ms] [ERROR] Failed to load resource: net::ERR_NETWORK_CHANGED @ http://localhost:3000/en/login?reason=idle&_rsc=vC3-Au21QXuX1vqq:0
[15204506ms] [ERROR] Failed to fetch RSC payload for http://localhost:3000/en/login?reason=idle. Falling back to browser navigation. TypeError: Failed to fetch
    at createFetch (http://localhost:3000/_next/static/chunks/node_modules_next_dist_client_0r5nbpw._.js:8207:21)
    at async fetchServerResponse (http://localhost:3000/_next/static/chunks/node_modules_next_dist_client_0r5nbpw._.js:8051:21)
    at async fetchMissingDynamicData (http://localhost:3000/_next/static/chunks/node_modules_next_dist_client_0r5nbpw._.js:9464:24) @ http://localhost:3000/_next/static/chunks/node_modules_next_dist_1ybzpk2._.js:3318
[15204507ms] [ERROR] Failed to load resource: net::ERR_NETWORK_CHANGED @ http://localhost:3000/en/login?reason=idle&_rsc=vC3-Au21QXuX1vqq:0
[15204507ms] [ERROR] Failed to fetch RSC payload for http://localhost:3000/en/login?reason=idle. Falling back to browser navigation. TypeError: Failed to fetch
    at createFetch (http://localhost:3000/_next/static/chunks/node_modules_next_dist_client_0r5nbpw._.js:8207:21)
    at async fetchServerResponse (http://localhost:3000/_next/static/chunks/node_modules_next_dist_client_0r5nbpw._.js:8051:21)
    at async fetchMissingDynamicData (http://localhost:3000/_next/static/chunks/node_modules_next_dist_client_0r5nbpw._.js:9464:24) @ http://localhost:3000/_next/static/chunks/node_modules_next_dist_1ybzpk2._.js:3318
[15204509ms] [ERROR] Failed to load resource: net::ERR_NETWORK_CHANGED @ http://localhost:3000/en/login?reason=idle&_rsc=vC3-Au21QXuX1vqq:0
[15204509ms] [ERROR] Failed to fetch RSC payload for http://localhost:3000/en/login?reason=idle. Falling back to browser navigation. TypeError: Failed to fetch
    at createFetch (http://localhost:3000/_next/static/chunks/node_modules_next_dist_client_0r5nbpw._.js:8207:21)
    at async fetchServerResponse (http://localhost:3000/_next/static/chunks/node_modules_next_dist_client_0r5nbpw._.js:8051:21)
    at async fetchMissingDynamicData (http://localhost:3000/_next/static/chunks/node_modules_next_dist_client_0r5nbpw._.js:9464:24) @ http://localhost:3000/_next/static/chunks/node_modules_next_dist_1ybzpk2._.js:3318
[15204510ms] [ERROR] Failed to load resource: net::ERR_NETWORK_CHANGED @ http://localhost:3000/en/login?reason=idle&_rsc=vC3-Au21QXuX1vqq:0
[15204510ms] [ERROR] Failed to fetch RSC payload for http://localhost:3000/en/login?reason=idle. Falling back to browser navigation. TypeError: Failed to fetch
    at createFetch (http://localhost:3000/_next/static/chunks/node_modules_next_dist_client_0r5nbpw._.js:8207:21)
    at async fetchServerResponse (http://localhost:3000/_next/static/chunks/node_modules_next_dist_client_0r5nbpw._.js:8051:21)
    at async fetchMissingDynamicData (http://localhost:3000/_next/static/chunks/node_modules_next_dist_client_0r5nbpw._.js:9464:24) @ http://localhost:3000/_next/static/chunks/node_modules_next_dist_1ybzpk2._.js:3318
[15204512ms] [ERROR] Failed to load resource: net::ERR_NETWORK_CHANGED @ http://localhost:3000/en/login?reason=idle&_rsc=vC3-Au21QXuX1vqq:0
[15204512ms] [ERROR] Failed to fetch RSC payload for http://localhost:3000/en/login?reason=idle. Falling back to browser navigation. TypeError: Failed to fetch
    at createFetch (http://localhost:3000/_next/static/chunks/node_modules_next_dist_client_0r5nbpw._.js:8207:21)
    at async fetchServerResponse (http://localhost:3000/_next/static/chunks/node_modules_next_dist_client_0r5nbpw._.js:8051:21)
    at async fetchMissingDynamicData (http://localhost:3000/_next/static/chunks/node_modules_next_dist_client_0r5nbpw._.js:9464:24) @ http://localhost:3000/_next/static/chunks/node_modules_next_dist_1ybzpk2._.js:3318
[15204513ms] [ERROR] Failed to load resource: net::ERR_NETWORK_CHANGED @ http://localhost:3000/en/login?reason=idle&_rsc=vC3-Au21QXuX1vqq:0
[15204513ms] [ERROR] Failed to fetch RSC payload for http://localhost:3000/en/login?reason=idle. Falling back to browser navigation. TypeError: Failed to fetch
    at createFetch (http://localhost:3000/_next/static/chunks/node_modules_next_dist_client_0r5nbpw._.js:8207:21)
    at async fetchServerResponse (http://localhost:3000/_next/static/chunks/node_modules_next_dist_client_0r5nbpw._.js:8051:21)
    at async fetchMissingDynamicData (http://localhost:3000/_next/static/chunks/node_modules_next_dist_client_0r5nbpw._.js:9464:24) @ http://localhost:3000/_next/static/chunks/node_modules_next_dist_1ybzpk2._.js:3318
[15204515ms] [ERROR] Failed to load resource: net::ERR_NETWORK_CHANGED @ http://localhost:3000/en/login?reason=idle&_rsc=vC3-Au21QXuX1vqq:0
[15204515ms] [ERROR] Failed to fetch RSC payload for http://localhost:3000/en/login?reason=idle. Falling back to browser navigation. TypeError: Failed to fetch
    at createFetch (http://localhost:3000/_next/static/chunks/node_modules_next_dist_client_0r5nbpw._.js:8207:21)
    at async fetchServerResponse (http://localhost:3000/_next/static/chunks/node_modules_next_dist_client_0r5nbpw._.js:8051:21)
    at async fetchMissingDynamicData (http://localhost:3000/_next/static/chunks/node_modules_next_dist_client_0r5nbpw._.js:9464:24) @ http://localhost:3000/_next/static/chunks/node_modules_next_dist_1ybzpk2._.js:3318
[15204517ms] [ERROR] Failed to load resource: net::ERR_NETWORK_CHANGED @ http://localhost:3000/en/login?reason=idle&_rsc=vC3-Au21QXuX1vqq:0
[15204517ms] [ERROR] Failed to fetch RSC payload for http://localhost:3000/en/login?reason=idle. Falling back to browser navigation. TypeError: Failed to fetch
    at createFetch (http://localhost:3000/_next/static/chunks/node_modules_next_dist_client_0r5nbpw._.js:8207:21)
    at async fetchServerResponse (http://localhost:3000/_next/static/chunks/node_modules_next_dist_client_0r5nbpw._.js:8051:21)
    at async fetchMissingDynamicData (http://localhost:3000/_next/static/chunks/node_modules_next_dist_client_0r5nbpw._.js:9464:24) @ http://localhost:3000/_next/static/chunks/node_modules_next_dist_1ybzpk2._.js:3318
[15204519ms] [ERROR] Failed to load resource: net::ERR_NETWORK_CHANGED @ http://localhost:3000/en/login?reason=idle&_rsc=vC3-Au21QXuX1vqq:0
[15204519ms] [ERROR] Failed to fetch RSC payload for http://localhost:3000/en/login?reason=idle. Falling back to browser navigation. TypeError: Failed to fetch
    at createFetch (http://localhost:3000/_next/static/chunks/node_modules_next_dist_client_0r5nbpw._.js:8207:21)
    at async fetchServerResponse (http://localhost:3000/_next/static/chunks/node_modules_next_dist_client_0r5nbpw._.js:8051:21)
    at async fetchMissingDynamicData (http://localhost:3000/_next/static/chunks/node_modules_next_dist_client_0r5nbpw._.js:9464:24) @ http://localhost:3000/_next/static/chunks/node_modules_next_dist_1ybzpk2._.js:3318
[15204520ms] [ERROR] Failed to load resource: net::ERR_NETWORK_CHANGED @ http://localhost:3000/en/login?reason=idle&_rsc=vC3-Au21QXuX1vqq:0
[15204520ms] [ERROR] Failed to fetch RSC payload for http://localhost:3000/en/login?reason=idle. Falling back to browser navigation. TypeError: Failed to fetch
    at createFetch (http://localhost:3000/_next/static/chunks/node_modules_next_dist_client_0r5nbpw._.js:8207:21)
    at async fetchServerResponse (http://localhost:3000/_next/static/chunks/node_modules_next_dist_client_0r5nbpw._.js:8051:21)
    at async fetchMissingDynamicData (http://localhost:3000/_next/static/chunks/node_modules_next_dist_client_0r5nbpw._.js:9464:24) @ http://localhost:3000/_next/static/chunks/node_modules_next_dist_1ybzpk2._.js:3318
[15204522ms] [ERROR] Failed to load resource: net::ERR_NETWORK_CHANGED @ http://localhost:3000/en/login?reason=idle&_rsc=vC3-Au21QXuX1vqq:0
[15204522ms] [ERROR] Failed to fetch RSC payload for http://localhost:3000/en/login?reason=idle. Falling back to browser navigation. TypeError: Failed to fetch
    at createFetch (http://localhost:3000/_next/static/chunks/node_modules_next_dist_client_0r5nbpw._.js:8207:21)
    at async fetchServerResponse (http://localhost:3000/_next/static/chunks/node_modules_next_dist_client_0r5nbpw._.js:8051:21)
    at async fetchMissingDynamicData (http://localhost:3000/_next/static/chunks/node_modules_next_dist_client_0r5nbpw._.js:9464:24) @ http://localhost:3000/_next/static/chunks/node_modules_next_dist_1ybzpk2._.js:3318
[15204523ms] [ERROR] Failed to load resource: net::ERR_NETWORK_CHANGED @ http://localhost:3000/en/login?reason=idle&_rsc=vC3-Au21QXuX1vqq:0
[15204523ms] [ERROR] Failed to fetch RSC payload for http://localhost:3000/en/login?reason=idle. Falling back to browser navigation. TypeError: Failed to fetch
    at createFetch (http://localhost:3000/_next/static/chunks/node_modules_next_dist_client_0r5nbpw._.js:8207:21)
    at async fetchServerResponse (http://localhost:3000/_next/static/chunks/node_modules_next_dist_client_0r5nbpw._.js:8051:21)
    at async fetchMissingDynamicData (http://localhost:3000/_next/static/chunks/node_modules_next_dist_client_0r5nbpw._.js:9464:24) @ http://localhost:3000/_next/static/chunks/node_modules_next_dist_1ybzpk2._.js:3318
[15204525ms] [ERROR] Failed to load resource: net::ERR_NETWORK_CHANGED @ http://localhost:3000/en/login?reason=idle&_rsc=vC3-Au21QXuX1vqq:0
[15204526ms] [ERROR] Failed to fetch RSC payload for http://localhost:3000/en/login?reason=idle. Falling back to browser navigation. TypeError: Failed to fetch
    at createFetch (http://localhost:3000/_next/static/chunks/node_modules_next_dist_client_0r5nbpw._.js:8207:21)
    at async fetchServerResponse (http://localhost:3000/_next/static/chunks/node_modules_next_dist_client_0r5nbpw._.js:8051:21)
    at async fetchMissingDynamicData (http://localhost:3000/_next/static/chunks/node_modules_next_dist_client_0r5nbpw._.js:9464:24) @ http://localhost:3000/_next/static/chunks/node_modules_next_dist_1ybzpk2._.js:3318
[15204527ms] [ERROR] Failed to load resource: net::ERR_NETWORK_CHANGED @ http://localhost:3000/en/login?reason=idle&_rsc=vC3-Au21QXuX1vqq:0
[15204527ms] [ERROR] Failed to fetch RSC payload for http://localhost:3000/en/login?reason=idle. Falling back to browser navigation. TypeError: Failed to fetch
    at createFetch (http://localhost:3000/_next/static/chunks/node_modules_next_dist_client_0r5nbpw._.js:8207:21)
    at async fetchServerResponse (http://localhost:3000/_next/static/chunks/node_modules_next_dist_client_0r5nbpw._.js:8051:21)
    at async fetchMissingDynamicData (http://localhost:3000/_next/static/chunks/node_modules_next_dist_client_0r5nbpw._.js:9464:24) @ http://localhost:3000/_next/static/chunks/node_modules_next_dist_1ybzpk2._.js:3318
[15204529ms] [ERROR] Failed to load resource: net::ERR_NETWORK_CHANGED @ http://localhost:3000/en/login?reason=idle&_rsc=vC3-Au21QXuX1vqq:0
[15204529ms] [ERROR] Failed to fetch RSC payload for http://localhost:3000/en/login?reason=idle. Falling back to browser navigation. TypeError: Failed to fetch
    at createFetch (http://localhost:3000/_next/static/chunks/node_modules_next_dist_client_0r5nbpw._.js:8207:21)
    at async fetchServerResponse (http://localhost:3000/_next/static/chunks/node_modules_next_dist_client_0r5nbpw._.js:8051:21)
    at async fetchMissingDynamicData (http://localhost:3000/_next/static/chunks/node_modules_next_dist_client_0r5nbpw._.js:9464:24) @ http://localhost:3000/_next/static/chunks/node_modules_next_dist_1ybzpk2._.js:3318
[15204532ms] [ERROR] Failed to load resource: net::ERR_NETWORK_CHANGED @ http://localhost:3000/en/login?reason=idle&_rsc=vC3-Au21QXuX1vqq:0
[15204532ms] [ERROR] Failed to fetch RSC payload for http://localhost:3000/en/login?reason=idle. Falling back to browser navigation. TypeError: Failed to fetch
    at createFetch (http://localhost:3000/_next/static/chunks/node_modules_next_dist_client_0r5nbpw._.js:8207:21)
    at async fetchServerResponse (http://localhost:3000/_next/static/chunks/node_modules_next_dist_client_0r5nbpw._.js:8051:21)
    at async fetchMissingDynamicData (http://localhost:3000/_next/static/chunks/node_modules_next_dist_client_0r5nbpw._.js:9464:24) @ http://localhost:3000/_next/static/chunks/node_modules_next_dist_1ybzpk2._.js:3318
[15204533ms] [ERROR] Failed to load resource: net::ERR_NETWORK_CHANGED @ http://localhost:3000/en/login?reason=idle&_rsc=vC3-Au21QXuX1vqq:0
[15204534ms] [ERROR] Failed to fetch RSC payload for http://localhost:3000/en/login?reason=idle. Falling back to browser navigation. TypeError: Failed to fetch
    at createFetch (http://localhost:3000/_next/static/chunks/node_modules_next_dist_client_0r5nbpw._.js:8207:21)
    at async fetchServerResponse (http://localhost:3000/_next/static/chunks/node_modules_next_dist_client_0r5nbpw._.js:8051:21)
    at async fetchMissingDynamicData (http://localhost:3000/_next/static/chunks/node_modules_next_dist_client_0r5nbpw._.js:9464:24) @ http://localhost:3000/_next/static/chunks/node_modules_next_dist_1ybzpk2._.js:3318
[15204536ms] [ERROR] Failed to load resource: net::ERR_NETWORK_CHANGED @ http://localhost:3000/en/login?reason=idle&_rsc=vC3-Au21QXuX1vqq:0
[15204536ms] [ERROR] Failed to fetch RSC payload for http://localhost:3000/en/login?reason=idle. Falling back to browser navigation. TypeError: Failed to fetch
    at createFetch (http://localhost:3000/_next/static/chunks/node_modules_next_dist_client_0r5nbpw._.js:8207:21)
    at async fetchServerResponse (http://localhost:3000/_next/static/chunks/node_modules_next_dist_client_0r5nbpw._.js:8051:21)
    at async fetchMissingDynamicData (http://localhost:3000/_next/static/chunks/node_modules_next_dist_client_0r5nbpw._.js:9464:24) @ http://localhost:3000/_next/static/chunks/node_modules_next_dist_1ybzpk2._.js:3318
[15204537ms] [ERROR] Failed to load resource: net::ERR_NETWORK_CHANGED @ http://localhost:3000/en/login?reason=idle&_rsc=vC3-Au21QXuX1vqq:0
[15204538ms] [ERROR] Failed to fetch RSC payload for http://localhost:3000/en/login?reason=idle. Falling back to browser navigation. TypeError: Failed to fetch
    at createFetch (http://localhost:3000/_next/static/chunks/node_modules_next_dist_client_0r5nbpw._.js:8207:21)
    at async fetchServerResponse (http://localhost:3000/_next/static/chunks/node_modules_next_dist_client_0r5nbpw._.js:8051:21)
    at async fetchMissingDynamicData (http://localhost:3000/_next/static/chunks/node_modules_next_dist_client_0r5nbpw._.js:9464:24) @ http://localhost:3000/_next/static/chunks/node_modules_next_dist_1ybzpk2._.js:3318
[15204539ms] [ERROR] Failed to load resource: net::ERR_NETWORK_CHANGED @ http://localhost:3000/en/login?reason=idle&_rsc=vC3-Au21QXuX1vqq:0
[15204539ms] [ERROR] Failed to fetch RSC payload for http://localhost:3000/en/login?reason=idle. Falling back to browser navigation. TypeError: Failed to fetch
    at createFetch (http://localhost:3000/_next/static/chunks/node_modules_next_dist_client_0r5nbpw._.js:8207:21)
    at async fetchServerResponse (http://localhost:3000/_next/static/chunks/node_modules_next_dist_client_0r5nbpw._.js:8051:21)
    at async fetchMissingDynamicData (http://localhost:3000/_next/static/chunks/node_modules_next_dist_client_0r5nbpw._.js:9464:24) @ http://localhost:3000/_next/static/chunks/node_modules_next_dist_1ybzpk2._.js:3318
[15204541ms] [ERROR] Failed to load resource: net::ERR_NETWORK_CHANGED @ http://localhost:3000/en/login?reason=idle&_rsc=vC3-Au21QXuX1vqq:0
[15204541ms] [ERROR] Failed to fetch RSC payload for http://localhost:3000/en/login?reason=idle. Falling back to browser navigation. TypeError: Failed to fetch
    at createFetch (http://localhost:3000/_next/static/chunks/node_modules_next_dist_client_0r5nbpw._.js:8207:21)
    at async fetchServerResponse (http://localhost:3000/_next/static/chunks/node_modules_next_dist_client_0r5nbpw._.js:8051:21)
    at async fetchMissingDynamicData (http://localhost:3000/_next/static/chunks/node_modules_next_dist_client_0r5nbpw._.js:9464:24) @ http://localhost:3000/_next/static/chunks/node_modules_next_dist_1ybzpk2._.js:3318
[15204542ms] [ERROR] Failed to load resource: net::ERR_NETWORK_CHANGED @ http://localhost:3000/en/login?reason=idle&_rsc=vC3-Au21QXuX1vqq:0
[15204542ms] [ERROR] Failed to fetch RSC payload for http://localhost:3000/en/login?reason=idle. Falling back to browser navigation. TypeError: Failed to fetch
    at createFetch (http://localhost:3000/_next/static/chunks/node_modules_next_dist_client_0r5nbpw._.js:8207:21)
    at async fetchServerResponse (http://localhost:3000/_next/static/chunks/node_modules_next_dist_client_0r5nbpw._.js:8051:21)
    at async fetchMissingDynamicData (http://localhost:3000/_next/static/chunks/node_modules_next_dist_client_0r5nbpw._.js:9464:24) @ http://localhost:3000/_next/static/chunks/node_modules_next_dist_1ybzpk2._.js:3318
[15204543ms] [ERROR] Failed to load resource: net::ERR_NETWORK_CHANGED @ http://localhost:3000/en/login?reason=idle&_rsc=vC3-Au21QXuX1vqq:0
[15204543ms] [ERROR] Failed to fetch RSC payload for http://localhost:3000/en/login?reason=idle. Falling back to browser navigation. TypeError: Failed to fetch
    at createFetch (http://localhost:3000/_next/static/chunks/node_modules_next_dist_client_0r5nbpw._.js:8207:21)
    at async fetchServerResponse (http://localhost:3000/_next/static/chunks/node_modules_next_dist_client_0r5nbpw._.js:8051:21)
    at async fetchMissingDynamicData (http://localhost:3000/_next/static/chunks/node_modules_next_dist_client_0r5nbpw._.js:9464:24) @ http://localhost:3000/_next/static/chunks/node_modules_next_dist_1ybzpk2._.js:3318
[15204545ms] [ERROR] Failed to load resource: net::ERR_NETWORK_CHANGED @ http://localhost:3000/en/login?reason=idle&_rsc=vC3-Au21QXuX1vqq:0
[15204545ms] [ERROR] Failed to fetch RSC payload for http://localhost:3000/en/login?reason=idle. Falling back to browser navigation. TypeError: Failed to fetch
    at createFetch (http://localhost:3000/_next/static/chunks/node_modules_next_dist_client_0r5nbpw._.js:8207:21)
    at async fetchServerResponse (http://localhost:3000/_next/static/chunks/node_modules_next_dist_client_0r5nbpw._.js:8051:21)
    at async fetchMissingDynamicData (http://localhost:3000/_next/static/chunks/node_modules_next_dist_client_0r5nbpw._.js:9464:24) @ http://localhost:3000/_next/static/chunks/node_modules_next_dist_1ybzpk2._.js:3318
[15204546ms] [ERROR] Failed to load resource: net::ERR_NETWORK_CHANGED @ http://localhost:3000/en/login?reason=idle&_rsc=vC3-Au21QXuX1vqq:0
[15204546ms] [ERROR] Failed to fetch RSC payload for http://localhost:3000/en/login?reason=idle. Falling back to browser navigation. TypeError: Failed to fetch
    at createFetch (http://localhost:3000/_next/static/chunks/node_modules_next_dist_client_0r5nbpw._.js:8207:21)
    at async fetchServerResponse (http://localhost:3000/_next/static/chunks/node_modules_next_dist_client_0r5nbpw._.js:8051:21)
    at async fetchMissingDynamicData (http://localhost:3000/_next/static/chunks/node_modules_next_dist_client_0r5nbpw._.js:9464:24) @ http://localhost:3000/_next/static/chunks/node_modules_next_dist_1ybzpk2._.js:3318
[15204547ms] [ERROR] Failed to load resource: net::ERR_NETWORK_CHANGED @ http://localhost:3000/en/login?reason=idle&_rsc=vC3-Au21QXuX1vqq:0
[15204548ms] [ERROR] Failed to fetch RSC payload for http://localhost:3000/en/login?reason=idle. Falling back to browser navigation. TypeError: Failed to fetch
    at createFetch (http://localhost:3000/_next/static/chunks/node_modules_next_dist_client_0r5nbpw._.js:8207:21)
    at async fetchServerResponse (http://localhost:3000/_next/static/chunks/node_modules_next_dist_client_0r5nbpw._.js:8051:21)
    at async fetchMissingDynamicData (http://localhost:3000/_next/static/chunks/node_modules_next_dist_client_0r5nbpw._.js:9464:24) @ http://localhost:3000/_next/static/chunks/node_modules_next_dist_1ybzpk2._.js:3318
[15204548ms] [ERROR] Failed to load resource: net::ERR_NETWORK_CHANGED @ http://localhost:3000/en/login?reason=idle&_rsc=vC3-Au21QXuX1vqq:0
[15204549ms] [ERROR] Failed to fetch RSC payload for http://localhost:3000/en/login?reason=idle. Falling back to browser navigation. TypeError: Failed to fetch
    at createFetch (http://localhost:3000/_next/static/chunks/node_modules_next_dist_client_0r5nbpw._.js:8207:21)
    at async fetchServerResponse (http://localhost:3000/_next/static/chunks/node_modules_next_dist_client_0r5nbpw._.js:8051:21)
    at async fetchMissingDynamicData (http://localhost:3000/_next/static/chunks/node_modules_next_dist_client_0r5nbpw._.js:9464:24) @ http://localhost:3000/_next/static/chunks/node_modules_next_dist_1ybzpk2._.js:3318
[15204551ms] [ERROR] Failed to load resource: net::ERR_NETWORK_CHANGED @ http://localhost:3000/en/login?reason=idle&_rsc=vC3-Au21QXuX1vqq:0
[15204552ms] [ERROR] Failed to fetch RSC payload for http://localhost:3000/en/login?reason=idle. Falling back to browser navigation. TypeError: Failed to fetch
    at createFetch (http://localhost:3000/_next/static/chunks/node_modules_next_dist_client_0r5nbpw._.js:8207:21)
    at async fetchServerResponse (http://localhost:3000/_next/static/chunks/node_modules_next_dist_client_0r5nbpw._.js:8051:21)
    at async fetchMissingDynamicData (http://localhost:3000/_next/static/chunks/node_modules_next_dist_client_0r5nbpw._.js:9464:24) @ http://localhost:3000/_next/static/chunks/node_modules_next_dist_1ybzpk2._.js:3318
[15204553ms] [ERROR] Failed to load resource: net::ERR_NETWORK_CHANGED @ http://localhost:3000/en/login?reason=idle&_rsc=vC3-Au21QXuX1vqq:0
[15204553ms] [ERROR] Failed to fetch RSC payload for http://localhost:3000/en/login?reason=idle. Falling back to browser navigation. TypeError: Failed to fetch
    at createFetch (http://localhost:3000/_next/static/chunks/node_modules_next_dist_client_0r5nbpw._.js:8207:21)
    at async fetchServerResponse (http://localhost:3000/_next/static/chunks/node_modules_next_dist_client_0r5nbpw._.js:8051:21)
    at async fetchMissingDynamicData (http://localhost:3000/_next/static/chunks/node_modules_next_dist_client_0r5nbpw._.js:9464:24) @ http://localhost:3000/_next/static/chunks/node_modules_next_dist_1ybzpk2._.js:3318
[15204555ms] [ERROR] Failed to load resource: net::ERR_NETWORK_CHANGED @ http://localhost:3000/en/login?reason=idle&_rsc=vC3-Au21QXuX1vqq:0
[15204555ms] [ERROR] Failed to fetch RSC payload for http://localhost:3000/en/login?reason=idle. Falling back to browser navigation. TypeError: Failed to fetch
    at createFetch (http://localhost:3000/_next/static/chunks/node_modules_next_dist_client_0r5nbpw._.js:8207:21)
    at async fetchServerResponse (http://localhost:3000/_next/static/chunks/node_modules_next_dist_client_0r5nbpw._.js:8051:21)
    at async fetchMissingDynamicData (http://localhost:3000/_next/static/chunks/node_modules_next_dist_client_0r5nbpw._.js:9464:24) @ http://localhost:3000/_next/static/chunks/node_modules_next_dist_1ybzpk2._.js:3318
[15204557ms] [ERROR] Failed to load resource: net::ERR_NETWORK_CHANGED @ http://localhost:3000/en/login?reason=idle&_rsc=vC3-Au21QXuX1vqq:0
[15204557ms] [ERROR] Failed to fetch RSC payload for http://localhost:3000/en/login?reason=idle. Falling back to browser navigation. TypeError: Failed to fetch
    at createFetch (http://localhost:3000/_next/static/chunks/node_modules_next_dist_client_0r5nbpw._.js:8207:21)
    at async fetchServerResponse (http://localhost:3000/_next/static/chunks/node_modules_next_dist_client_0r5nbpw._.js:8051:21)
    at async fetchMissingDynamicData (http://localhost:3000/_next/static/chunks/node_modules_next_dist_client_0r5nbpw._.js:9464:24) @ http://localhost:3000/_next/static/chunks/node_modules_next_dist_1ybzpk2._.js:3318
[15204559ms] [ERROR] Failed to load resource: net::ERR_NETWORK_CHANGED @ http://localhost:3000/en/login?reason=idle&_rsc=vC3-Au21QXuX1vqq:0
[15204559ms] [ERROR] Failed to fetch RSC payload for http://localhost:3000/en/login?reason=idle. Falling back to browser navigation. TypeError: Failed to fetch
    at createFetch (http://localhost:3000/_next/static/chunks/node_modules_next_dist_client_0r5nbpw._.js:8207:21)
    at async fetchServerResponse (http://localhost:3000/_next/static/chunks/node_modules_next_dist_client_0r5nbpw._.js:8051:21)
    at async fetchMissingDynamicData (http://localhost:3000/_next/static/chunks/node_modules_next_dist_client_0r5nbpw._.js:9464:24) @ http://localhost:3000/_next/static/chunks/node_modules_next_dist_1ybzpk2._.js:3318
[15204560ms] [ERROR] Failed to load resource: net::ERR_NETWORK_CHANGED @ http://localhost:3000/en/login?reason=idle&_rsc=vC3-Au21QXuX1vqq:0
[15204560ms] [ERROR] Failed to fetch RSC payload for http://localhost:3000/en/login?reason=idle. Falling back to browser navigation. TypeError: Failed to fetch
    at createFetch (http://localhost:3000/_next/static/chunks/node_modules_next_dist_client_0r5nbpw._.js:8207:21)
    at async fetchServerResponse (http://localhost:3000/_next/static/chunks/node_modules_next_dist_client_0r5nbpw._.js:8051:21)
    at async fetchMissingDynamicData (http://localhost:3000/_next/static/chunks/node_modules_next_dist_client_0r5nbpw._.js:9464:24) @ http://localhost:3000/_next/static/chunks/node_modules_next_dist_1ybzpk2._.js:3318
[15204561ms] [ERROR] Failed to load resource: net::ERR_NETWORK_CHANGED @ http://localhost:3000/en/login?reason=idle&_rsc=vC3-Au21QXuX1vqq:0
[15204561ms] [ERROR] Failed to fetch RSC payload for http://localhost:3000/en/login?reason=idle. Falling back to browser navigation. TypeError: Failed to fetch
    at createFetch (http://localhost:3000/_next/static/chunks/node_modules_next_dist_client_0r5nbpw._.js:8207:21)
    at async fetchServerResponse (http://localhost:3000/_next/static/chunks/node_modules_next_dist_client_0r5nbpw._.js:8051:21)
    at async fetchMissingDynamicData (http://localhost:3000/_next/static/chunks/node_modules_next_dist_client_0r5nbpw._.js:9464:24) @ http://localhost:3000/_next/static/chunks/node_modules_next_dist_1ybzpk2._.js:3318
[15204562ms] [ERROR] Failed to load resource: net::ERR_NETWORK_CHANGED @ http://localhost:3000/en/login?reason=idle&_rsc=vC3-Au21QXuX1vqq:0
[15204563ms] [ERROR] Failed to fetch RSC payload for http://localhost:3000/en/login?reason=idle. Falling back to browser navigation. TypeError: Failed to fetch
    at createFetch (http://localhost:3000/_next/static/chunks/node_modules_next_dist_client_0r5nbpw._.js:8207:21)
    at async fetchServerResponse (http://localhost:3000/_next/static/chunks/node_modules_next_dist_client_0r5nbpw._.js:8051:21)
    at async fetchMissingDynamicData (http://localhost:3000/_next/static/chunks/node_modules_next_dist_client_0r5nbpw._.js:9464:24) @ http://localhost:3000/_next/static/chunks/node_modules_next_dist_1ybzpk2._.js:3318
[15204564ms] [ERROR] Failed to load resource: net::ERR_NETWORK_CHANGED @ http://localhost:3000/en/login?reason=idle&_rsc=vC3-Au21QXuX1vqq:0
[15204564ms] [ERROR] Failed to fetch RSC payload for http://localhost:3000/en/login?reason=idle. Falling back to browser navigation. TypeError: Failed to fetch
    at createFetch (http://localhost:3000/_next/static/chunks/node_modules_next_dist_client_0r5nbpw._.js:8207:21)
    at async fetchServerResponse (http://localhost:3000/_next/static/chunks/node_modules_next_dist_client_0r5nbpw._.js:8051:21)
    at async fetchMissingDynamicData (http://localhost:3000/_next/static/chunks/node_modules_next_dist_client_0r5nbpw._.js:9464:24) @ http://localhost:3000/_next/static/chunks/node_modules_next_dist_1ybzpk2._.js:3318
[15204565ms] [ERROR] Failed to load resource: net::ERR_NETWORK_CHANGED @ http://localhost:3000/en/login?reason=idle&_rsc=vC3-Au21QXuX1vqq:0
[15204565ms] [ERROR] Failed to fetch RSC payload for http://localhost:3000/en/login?reason=idle. Falling back to browser navigation. TypeError: Failed to fetch
    at createFetch (http://localhost:3000/_next/static/chunks/node_modules_next_dist_client_0r5nbpw._.js:8207:21)
    at async fetchServerResponse (http://localhost:3000/_next/static/chunks/node_modules_next_dist_client_0r5nbpw._.js:8051:21)
    at async fetchMissingDynamicData (http://localhost:3000/_next/static/chunks/node_modules_next_dist_client_0r5nbpw._.js:9464:24) @ http://localhost:3000/_next/static/chunks/node_modules_next_dist_1ybzpk2._.js:3318
[15204566ms] [ERROR] Failed to load resource: net::ERR_NETWORK_CHANGED @ http://localhost:3000/en/login?reason=idle&_rsc=vC3-Au21QXuX1vqq:0
[15204566ms] [ERROR] Failed to fetch RSC payload for http://localhost:3000/en/login?reason=idle. Falling back to browser navigation. TypeError: Failed to fetch
    at createFetch (http://localhost:3000/_next/static/chunks/node_modules_next_dist_client_0r5nbpw._.js:8207:21)
    at async fetchServerResponse (http://localhost:3000/_next/static/chunks/node_modules_next_dist_client_0r5nbpw._.js:8051:21)
    at async fetchMissingDynamicData (http://localhost:3000/_next/static/chunks/node_modules_next_dist_client_0r5nbpw._.js:9464:24) @ http://localhost:3000/_next/static/chunks/node_modules_next_dist_1ybzpk2._.js:3318
[15204567ms] [ERROR] Failed to load resource: net::ERR_NETWORK_CHANGED @ http://localhost:3000/en/login?reason=idle&_rsc=vC3-Au21QXuX1vqq:0
[15204567ms] [ERROR] Failed to fetch RSC payload for http://localhost:3000/en/login?reason=idle. Falling back to browser navigation. TypeError: Failed to fetch
    at createFetch (http://localhost:3000/_next/static/chunks/node_modules_next_dist_client_0r5nbpw._.js:8207:21)
    at async fetchServerResponse (http://localhost:3000/_next/static/chunks/node_modules_next_dist_client_0r5nbpw._.js:8051:21)
    at async fetchMissingDynamicData (http://localhost:3000/_next/static/chunks/node_modules_next_dist_client_0r5nbpw._.js:9464:24) @ http://localhost:3000/_next/static/chunks/node_modules_next_dist_1ybzpk2._.js:3318
[15204568ms] [ERROR] Failed to load resource: net::ERR_NETWORK_CHANGED @ http://localhost:3000/en/login?reason=idle&_rsc=vC3-Au21QXuX1vqq:0
[15204568ms] [ERROR] Failed to fetch RSC payload for http://localhost:3000/en/login?reason=idle. Falling back to browser navigation. TypeError: Failed to fetch
    at createFetch (http://localhost:3000/_next/static/chunks/node_modules_next_dist_client_0r5nbpw._.js:8207:21)
    at async fetchServerResponse (http://localhost:3000/_next/static/chunks/node_modules_next_dist_client_0r5nbpw._.js:8051:21)
    at async fetchMissingDynamicData (http://localhost:3000/_next/static/chunks/node_modules_next_dist_client_0r5nbpw._.js:9464:24) @ http://localhost:3000/_next/static/chunks/node_modules_next_dist_1ybzpk2._.js:3318
[15204569ms] [ERROR] Failed to load resource: net::ERR_NETWORK_CHANGED @ http://localhost:3000/en/login?reason=idle&_rsc=vC3-Au21QXuX1vqq:0
[15204569ms] [ERROR] Failed to fetch RSC payload for http://localhost:3000/en/login?reason=idle. Falling back to browser navigation. TypeError: Failed to fetch
    at createFetch (http://localhost:3000/_next/static/chunks/node_modules_next_dist_client_0r5nbpw._.js:8207:21)
    at async fetchServerResponse (http://localhost:3000/_next/static/chunks/node_modules_next_dist_client_0r5nbpw._.js:8051:21)
    at async fetchMissingDynamicData (http://localhost:3000/_next/static/chunks/node_modules_next_dist_client_0r5nbpw._.js:9464:24) @ http://localhost:3000/_next/static/chunks/node_modules_next_dist_1ybzpk2._.js:3318
[15204571ms] [ERROR] Failed to load resource: net::ERR_NETWORK_CHANGED @ http://localhost:3000/en/login?reason=idle&_rsc=vC3-Au21QXuX1vqq:0
[15204571ms] [ERROR] Failed to fetch RSC payload for http://localhost:3000/en/login?reason=idle. Falling back to browser navigation. TypeError: Failed to fetch
    at createFetch (http://localhost:3000/_next/static/chunks/node_modules_next_dist_client_0r5nbpw._.js:8207:21)
    at async fetchServerResponse (http://localhost:3000/_next/static/chunks/node_modules_next_dist_client_0r5nbpw._.js:8051:21)
    at async fetchMissingDynamicData (http://localhost:3000/_next/static/chunks/node_modules_next_dist_client_0r5nbpw._.js:9464:24) @ http://localhost:3000/_next/static/chunks/node_modules_next_dist_1ybzpk2._.js:3318
[15204574ms] [ERROR] Failed to load resource: net::ERR_NETWORK_CHANGED @ http://localhost:3000/en/login?reason=idle&_rsc=vC3-Au21QXuX1vqq:0
[15204574ms] [ERROR] Failed to fetch RSC payload for http://localhost:3000/en/login?reason=idle. Falling back to browser navigation. TypeError: Failed to fetch
    at createFetch (http://localhost:3000/_next/static/chunks/node_modules_next_dist_client_0r5nbpw._.js:8207:21)
    at async fetchServerResponse (http://localhost:3000/_next/static/chunks/node_modules_next_dist_client_0r5nbpw._.js:8051:21)
    at async fetchMissingDynamicData (http://localhost:3000/_next/static/chunks/node_modules_next_dist_client_0r5nbpw._.js:9464:24) @ http://localhost:3000/_next/static/chunks/node_modules_next_dist_1ybzpk2._.js:3318
[15204576ms] [ERROR] Failed to load resource: net::ERR_NETWORK_CHANGED @ http://localhost:3000/en/login?reason=idle&_rsc=vC3-Au21QXuX1vqq:0
[15204576ms] [ERROR] Failed to fetch RSC payload for http://localhost:3000/en/login?reason=idle. Falling back to browser navigation. TypeError: Failed to fetch
    at createFetch (http://localhost:3000/_next/static/chunks/node_modules_next_dist_client_0r5nbpw._.js:8207:21)
    at async fetchServerResponse (http://localhost:3000/_next/static/chunks/node_modules_next_dist_client_0r5nbpw._.js:8051:21)
    at async fetchMissingDynamicData (http://localhost:3000/_next/static/chunks/node_modules_next_dist_client_0r5nbpw._.js:9464:24) @ http://localhost:3000/_next/static/chunks/node_modules_next_dist_1ybzpk2._.js:3318
[15204577ms] [ERROR] Failed to load resource: net::ERR_NETWORK_CHANGED @ http://localhost:3000/en/login?reason=idle&_rsc=vC3-Au21QXuX1vqq:0
[15204577ms] [ERROR] Failed to fetch RSC payload for http://localhost:3000/en/login?reason=idle. Falling back to browser navigation. TypeError: Failed to fetch
    at createFetch (http://localhost:3000/_next/static/chunks/node_modules_next_dist_client_0r5nbpw._.js:8207:21)
    at async fetchServerResponse (http://localhost:3000/_next/static/chunks/node_modules_next_dist_client_0r5nbpw._.js:8051:21)
    at async fetchMissingDynamicData (http://localhost:3000/_next/static/chunks/node_modules_next_dist_client_0r5nbpw._.js:9464:24) @ http://localhost:3000/_next/static/chunks/node_modules_next_dist_1ybzpk2._.js:3318
[15204578ms] [ERROR] Failed to load resource: net::ERR_NETWORK_CHANGED @ http://localhost:3000/en/login?reason=idle&_rsc=vC3-Au21QXuX1vqq:0
[15204578ms] [ERROR] Failed to fetch RSC payload for http://localhost:3000/en/login?reason=idle. Falling back to browser navigation. TypeError: Failed to fetch
    at createFetch (http://localhost:3000/_next/static/chunks/node_modules_next_dist_client_0r5nbpw._.js:8207:21)
    at async fetchServerResponse (http://localhost:3000/_next/static/chunks/node_modules_next_dist_client_0r5nbpw._.js:8051:21)
    at async fetchMissingDynamicData (http://localhost:3000/_next/static/chunks/node_modules_next_dist_client_0r5nbpw._.js:9464:24) @ http://localhost:3000/_next/static/chunks/node_modules_next_dist_1ybzpk2._.js:3318
[15204580ms] [ERROR] Failed to load resource: net::ERR_NETWORK_CHANGED @ http://localhost:3000/en/login?reason=idle&_rsc=vC3-Au21QXuX1vqq:0
[15204580ms] [ERROR] Failed to fetch RSC payload for http://localhost:3000/en/login?reason=idle. Falling back to browser navigation. TypeError: Failed to fetch
    at createFetch (http://localhost:3000/_next/static/chunks/node_modules_next_dist_client_0r5nbpw._.js:8207:21)
    at async fetchServerResponse (http://localhost:3000/_next/static/chunks/node_modules_next_dist_client_0r5nbpw._.js:8051:21)
    at async fetchMissingDynamicData (http://localhost:3000/_next/static/chunks/node_modules_next_dist_client_0r5nbpw._.js:9464:24) @ http://localhost:3000/_next/static/chunks/node_modules_next_dist_1ybzpk2._.js:3318
[15204581ms] [ERROR] Failed to load resource: net::ERR_NETWORK_CHANGED @ http://localhost:3000/en/login?reason=idle&_rsc=vC3-Au21QXuX1vqq:0
[15204581ms] [ERROR] Failed to fetch RSC payload for http://localhost:3000/en/login?reason=idle. Falling back to browser navigation. TypeError: Failed to fetch
    at createFetch (http://localhost:3000/_next/static/chunks/node_modules_next_dist_client_0r5nbpw._.js:8207:21)
    at async fetchServerResponse (http://localhost:3000/_next/static/chunks/node_modules_next_dist_client_0r5nbpw._.js:8051:21)
    at async fetchMissingDynamicData (http://localhost:3000/_next/static/chunks/node_modules_next_dist_client_0r5nbpw._.js:9464:24) @ http://localhost:3000/_next/static/chunks/node_modules_next_dist_1ybzpk2._.js:3318
[15204582ms] [ERROR] Failed to load resource: net::ERR_NETWORK_CHANGED @ http://localhost:3000/en/login?reason=idle&_rsc=vC3-Au21QXuX1vqq:0
[15204583ms] [ERROR] Failed to fetch RSC payload for http://localhost:3000/en/login?reason=idle. Falling back to browser navigation. TypeError: Failed to fetch
    at createFetch (http://localhost:3000/_next/static/chunks/node_modules_next_dist_client_0r5nbpw._.js:8207:21)
    at async fetchServerResponse (http://localhost:3000/_next/static/chunks/node_modules_next_dist_client_0r5nbpw._.js:8051:21)
    at async fetchMissingDynamicData (http://localhost:3000/_next/static/chunks/node_modules_next_dist_client_0r5nbpw._.js:9464:24) @ http://localhost:3000/_next/static/chunks/node_modules_next_dist_1ybzpk2._.js:3318
[15204584ms] [ERROR] Failed to load resource: net::ERR_NETWORK_CHANGED @ http://localhost:3000/en/login?reason=idle&_rsc=vC3-Au21QXuX1vqq:0
[15204584ms] [ERROR] Failed to fetch RSC payload for http://localhost:3000/en/login?reason=idle. Falling back to browser navigation. TypeError: Failed to fetch
    at createFetch (http://localhost:3000/_next/static/chunks/node_modules_next_dist_client_0r5nbpw._.js:8207:21)
    at async fetchServerResponse (http://localhost:3000/_next/static/chunks/node_modules_next_dist_client_0r5nbpw._.js:8051:21)
    at async fetchMissingDynamicData (http://localhost:3000/_next/static/chunks/node_modules_next_dist_client_0r5nbpw._.js:9464:24) @ http://localhost:3000/_next/static/chunks/node_modules_next_dist_1ybzpk2._.js:3318
[15204585ms] [ERROR] Failed to load resource: net::ERR_NETWORK_CHANGED @ http://localhost:3000/en/login?reason=idle&_rsc=vC3-Au21QXuX1vqq:0
[15204585ms] [ERROR] Failed to fetch RSC payload for http://localhost:3000/en/login?reason=idle. Falling back to browser navigation. TypeError: Failed to fetch
    at createFetch (http://localhost:3000/_next/static/chunks/node_modules_next_dist_client_0r5nbpw._.js:8207:21)
    at async fetchServerResponse (http://localhost:3000/_next/static/chunks/node_modules_next_dist_client_0r5nbpw._.js:8051:21)
    at async fetchMissingDynamicData (http://localhost:3000/_next/static/chunks/node_modules_next_dist_client_0r5nbpw._.js:9464:24) @ http://localhost:3000/_next/static/chunks/node_modules_next_dist_1ybzpk2._.js:3318
[15204587ms] [ERROR] Failed to load resource: net::ERR_NETWORK_CHANGED @ http://localhost:3000/en/login?reason=idle&_rsc=vC3-Au21QXuX1vqq:0
[15204588ms] [ERROR] Failed to fetch RSC payload for http://localhost:3000/en/login?reason=idle. Falling back to browser navigation. TypeError: Failed to fetch
    at createFetch (http://localhost:3000/_next/static/chunks/node_modules_next_dist_client_0r5nbpw._.js:8207:21)
    at async fetchServerResponse (http://localhost:3000/_next/static/chunks/node_modules_next_dist_client_0r5nbpw._.js:8051:21)
    at async fetchMissingDynamicData (http://localhost:3000/_next/static/chunks/node_modules_next_dist_client_0r5nbpw._.js:9464:24) @ http://localhost:3000/_next/static/chunks/node_modules_next_dist_1ybzpk2._.js:3318
[15204590ms] [ERROR] Failed to load resource: net::ERR_NETWORK_CHANGED @ http://localhost:3000/en/login?reason=idle&_rsc=vC3-Au21QXuX1vqq:0
[15204590ms] [ERROR] Failed to fetch RSC payload for http://localhost:3000/en/login?reason=idle. Falling back to browser navigation. TypeError: Failed to fetch
    at createFetch (http://localhost:3000/_next/static/chunks/node_modules_next_dist_client_0r5nbpw._.js:8207:21)
    at async fetchServerResponse (http://localhost:3000/_next/static/chunks/node_modules_next_dist_client_0r5nbpw._.js:8051:21)
    at async fetchMissingDynamicData (http://localhost:3000/_next/static/chunks/node_modules_next_dist_client_0r5nbpw._.js:9464:24) @ http://localhost:3000/_next/static/chunks/node_modules_next_dist_1ybzpk2._.js:3318
[15204591ms] [ERROR] Failed to load resource: net::ERR_NETWORK_CHANGED @ http://localhost:3000/en/login?reason=idle&_rsc=vC3-Au21QXuX1vqq:0
[15204591ms] [ERROR] Failed to fetch RSC payload for http://localhost:3000/en/login?reason=idle. Falling back to browser navigation. TypeError: Failed to fetch
    at createFetch (http://localhost:3000/_next/static/chunks/node_modules_next_dist_client_0r5nbpw._.js:8207:21)
    at async fetchServerResponse (http://localhost:3000/_next/static/chunks/node_modules_next_dist_client_0r5nbpw._.js:8051:21)
    at async fetchMissingDynamicData (http://localhost:3000/_next/static/chunks/node_modules_next_dist_client_0r5nbpw._.js:9464:24) @ http://localhost:3000/_next/static/chunks/node_modules_next_dist_1ybzpk2._.js:3318
[15204592ms] [ERROR] Failed to load resource: net::ERR_NETWORK_CHANGED @ http://localhost:3000/en/login?reason=idle&_rsc=vC3-Au21QXuX1vqq:0
[15204592ms] [ERROR] Failed to fetch RSC payload for http://localhost:3000/en/login?reason=idle. Falling back to browser navigation. TypeError: Failed to fetch
    at createFetch (http://localhost:3000/_next/static/chunks/node_modules_next_dist_client_0r5nbpw._.js:8207:21)
    at async fetchServerResponse (http://localhost:3000/_next/static/chunks/node_modules_next_dist_client_0r5nbpw._.js:8051:21)
    at async fetchMissingDynamicData (http://localhost:3000/_next/static/chunks/node_modules_next_dist_client_0r5nbpw._.js:9464:24) @ http://localhost:3000/_next/static/chunks/node_modules_next_dist_1ybzpk2._.js:3318
[15204595ms] [ERROR] Failed to load resource: net::ERR_NETWORK_CHANGED @ http://localhost:3000/en/login?reason=idle&_rsc=vC3-Au21QXuX1vqq:0
[15204595ms] [ERROR] Failed to fetch RSC payload for http://localhost:3000/en/login?reason=idle. Falling back to browser navigation. TypeError: Failed to fetch
    at createFetch (http://localhost:3000/_next/static/chunks/node_modules_next_dist_client_0r5nbpw._.js:8207:21)
    at async fetchServerResponse (http://localhost:3000/_next/static/chunks/node_modules_next_dist_client_0r5nbpw._.js:8051:21)
    at async fetchMissingDynamicData (http://localhost:3000/_next/static/chunks/node_modules_next_dist_client_0r5nbpw._.js:9464:24) @ http://localhost:3000/_next/static/chunks/node_modules_next_dist_1ybzpk2._.js:3318
[15204596ms] [ERROR] Failed to load resource: net::ERR_NETWORK_CHANGED @ http://localhost:3000/en/login?reason=idle&_rsc=vC3-Au21QXuX1vqq:0
[15204596ms] [ERROR] Failed to fetch RSC payload for http://localhost:3000/en/login?reason=idle. Falling back to browser navigation. TypeError: Failed to fetch
    at createFetch (http://localhost:3000/_next/static/chunks/node_modules_next_dist_client_0r5nbpw._.js:8207:21)
    at async fetchServerResponse (http://localhost:3000/_next/static/chunks/node_modules_next_dist_client_0r5nbpw._.js:8051:21)
    at async fetchMissingDynamicData (http://localhost:3000/_next/static/chunks/node_modules_next_dist_client_0r5nbpw._.js:9464:24) @ http://localhost:3000/_next/static/chunks/node_modules_next_dist_1ybzpk2._.js:3318
[15204597ms] [ERROR] Failed to load resource: net::ERR_NETWORK_CHANGED @ http://localhost:3000/en/login?reason=idle&_rsc=vC3-Au21QXuX1vqq:0
[15204597ms] [ERROR] Failed to fetch RSC payload for http://localhost:3000/en/login?reason=idle. Falling back to browser navigation. TypeError: Failed to fetch
    at createFetch (http://localhost:3000/_next/static/chunks/node_modules_next_dist_client_0r5nbpw._.js:8207:21)
    at async fetchServerResponse (http://localhost:3000/_next/static/chunks/node_modules_next_dist_client_0r5nbpw._.js:8051:21)
    at async fetchMissingDynamicData (http://localhost:3000/_next/static/chunks/node_modules_next_dist_client_0r5nbpw._.js:9464:24) @ http://localhost:3000/_next/static/chunks/node_modules_next_dist_1ybzpk2._.js:3318
[15204598ms] [ERROR] Failed to load resource: net::ERR_NETWORK_CHANGED @ http://localhost:3000/en/login?reason=idle&_rsc=vC3-Au21QXuX1vqq:0
[15204599ms] [ERROR] Failed to fetch RSC payload for http://localhost:3000/en/login?reason=idle. Falling back to browser navigation. TypeError: Failed to fetch
    at createFetch (http://localhost:3000/_next/static/chunks/node_modules_next_dist_client_0r5nbpw._.js:8207:21)
    at async fetchServerResponse (http://localhost:3000/_next/static/chunks/node_modules_next_dist_client_0r5nbpw._.js:8051:21)
    at async fetchMissingDynamicData (http://localhost:3000/_next/static/chunks/node_modules_next_dist_client_0r5nbpw._.js:9464:24) @ http://localhost:3000/_next/static/chunks/node_modules_next_dist_1ybzpk2._.js:3318
[15204600ms] [ERROR] Failed to load resource: net::ERR_NETWORK_CHANGED @ http://localhost:3000/en/login?reason=idle&_rsc=vC3-Au21QXuX1vqq:0
[15204600ms] [ERROR] Failed to fetch RSC payload for http://localhost:3000/en/login?reason=idle. Falling back to browser navigation. TypeError: Failed to fetch
    at createFetch (http://localhost:3000/_next/static/chunks/node_modules_next_dist_client_0r5nbpw._.js:8207:21)
    at async fetchServerResponse (http://localhost:3000/_next/static/chunks/node_modules_next_dist_client_0r5nbpw._.js:8051:21)
    at async fetchMissingDynamicData (http://localhost:3000/_next/static/chunks/node_modules_next_dist_client_0r5nbpw._.js:9464:24) @ http://localhost:3000/_next/static/chunks/node_modules_next_dist_1ybzpk2._.js:3318
[15204601ms] [ERROR] Failed to load resource: net::ERR_NETWORK_CHANGED @ http://localhost:3000/en/login?reason=idle&_rsc=vC3-Au21QXuX1vqq:0
[15204601ms] [ERROR] Failed to fetch RSC payload for http://localhost:3000/en/login?reason=idle. Falling back to browser navigation. TypeError: Failed to fetch
    at createFetch (http://localhost:3000/_next/static/chunks/node_modules_next_dist_client_0r5nbpw._.js:8207:21)
    at async fetchServerResponse (http://localhost:3000/_next/static/chunks/node_modules_next_dist_client_0r5nbpw._.js:8051:21)
    at async fetchMissingDynamicData (http://localhost:3000/_next/static/chunks/node_modules_next_dist_client_0r5nbpw._.js:9464:24) @ http://localhost:3000/_next/static/chunks/node_modules_next_dist_1ybzpk2._.js:3318
[15204602ms] [ERROR] Failed to load resource: net::ERR_NETWORK_CHANGED @ http://localhost:3000/en/login?reason=idle&_rsc=vC3-Au21QXuX1vqq:0
[15204603ms] [ERROR] Failed to fetch RSC payload for http://localhost:3000/en/login?reason=idle. Falling back to browser navigation. TypeError: Failed to fetch
    at createFetch (http://localhost:3000/_next/static/chunks/node_modules_next_dist_client_0r5nbpw._.js:8207:21)
    at async fetchServerResponse (http://localhost:3000/_next/static/chunks/node_modules_next_dist_client_0r5nbpw._.js:8051:21)
    at async fetchMissingDynamicData (http://localhost:3000/_next/static/chunks/node_modules_next_dist_client_0r5nbpw._.js:9464:24) @ http://localhost:3000/_next/static/chunks/node_modules_next_dist_1ybzpk2._.js:3318
[15204604ms] [ERROR] Failed to load resource: net::ERR_NETWORK_CHANGED @ http://localhost:3000/en/login?reason=idle&_rsc=vC3-Au21QXuX1vqq:0
[15204604ms] [ERROR] Failed to fetch RSC payload for http://localhost:3000/en/login?reason=idle. Falling back to browser navigation. TypeError: Failed to fetch
    at createFetch (http://localhost:3000/_next/static/chunks/node_modules_next_dist_client_0r5nbpw._.js:8207:21)
    at async fetchServerResponse (http://localhost:3000/_next/static/chunks/node_modules_next_dist_client_0r5nbpw._.js:8051:21)
    at async fetchMissingDynamicData (http://localhost:3000/_next/static/chunks/node_modules_next_dist_client_0r5nbpw._.js:9464:24) @ http://localhost:3000/_next/static/chunks/node_modules_next_dist_1ybzpk2._.js:3318
[15204605ms] [ERROR] Failed to load resource: net::ERR_NETWORK_CHANGED @ http://localhost:3000/en/login?reason=idle&_rsc=vC3-Au21QXuX1vqq:0
[15204605ms] [ERROR] Failed to fetch RSC payload for http://localhost:3000/en/login?reason=idle. Falling back to browser navigation. TypeError: Failed to fetch
    at createFetch (http://localhost:3000/_next/static/chunks/node_modules_next_dist_client_0r5nbpw._.js:8207:21)
    at async fetchServerResponse (http://localhost:3000/_next/static/chunks/node_modules_next_dist_client_0r5nbpw._.js:8051:21)
    at async fetchMissingDynamicData (http://localhost:3000/_next/static/chunks/node_modules_next_dist_client_0r5nbpw._.js:9464:24) @ http://localhost:3000/_next/static/chunks/node_modules_next_dist_1ybzpk2._.js:3318
[15204606ms] [ERROR] Failed to load resource: net::ERR_NETWORK_CHANGED @ http://localhost:3000/en/login?reason=idle&_rsc=vC3-Au21QXuX1vqq:0
[15204606ms] [ERROR] Failed to fetch RSC payload for http://localhost:3000/en/login?reason=idle. Falling back to browser navigation. TypeError: Failed to fetch
    at createFetch (http://localhost:3000/_next/static/chunks/node_modules_next_dist_client_0r5nbpw._.js:8207:21)
    at async fetchServerResponse (http://localhost:3000/_next/static/chunks/node_modules_next_dist_client_0r5nbpw._.js:8051:21)
    at async fetchMissingDynamicData (http://localhost:3000/_next/static/chunks/node_modules_next_dist_client_0r5nbpw._.js:9464:24) @ http://localhost:3000/_next/static/chunks/node_modules_next_dist_1ybzpk2._.js:3318
[15204608ms] [ERROR] Failed to load resource: net::ERR_NETWORK_CHANGED @ http://localhost:3000/en/login?reason=idle&_rsc=vC3-Au21QXuX1vqq:0
[15204608ms] [ERROR] Failed to fetch RSC payload for http://localhost:3000/en/login?reason=idle. Falling back to browser navigation. TypeError: Failed to fetch
    at createFetch (http://localhost:3000/_next/static/chunks/node_modules_next_dist_client_0r5nbpw._.js:8207:21)
    at async fetchServerResponse (http://localhost:3000/_next/static/chunks/node_modules_next_dist_client_0r5nbpw._.js:8051:21)
    at async fetchMissingDynamicData (http://localhost:3000/_next/static/chunks/node_modules_next_dist_client_0r5nbpw._.js:9464:24) @ http://localhost:3000/_next/static/chunks/node_modules_next_dist_1ybzpk2._.js:3318
[15204609ms] [ERROR] Failed to load resource: net::ERR_NETWORK_CHANGED @ http://localhost:3000/en/login?reason=idle&_rsc=vC3-Au21QXuX1vqq:0
[15204610ms] [ERROR] Failed to fetch RSC payload for http://localhost:3000/en/login?reason=idle. Falling back to browser navigation. TypeError: Failed to fetch
    at createFetch (http://localhost:3000/_next/static/chunks/node_modules_next_dist_client_0r5nbpw._.js:8207:21)
    at async fetchServerResponse (http://localhost:3000/_next/static/chunks/node_modules_next_dist_client_0r5nbpw._.js:8051:21)
    at async fetchMissingDynamicData (http://localhost:3000/_next/static/chunks/node_modules_next_dist_client_0r5nbpw._.js:9464:24) @ http://localhost:3000/_next/static/chunks/node_modules_next_dist_1ybzpk2._.js:3318
[15204611ms] [ERROR] Failed to load resource: net::ERR_NETWORK_CHANGED @ http://localhost:3000/en/login?reason=idle&_rsc=vC3-Au21QXuX1vqq:0
[15204611ms] [ERROR] Failed to fetch RSC payload for http://localhost:3000/en/login?reason=idle. Falling back to browser navigation. TypeError: Failed to fetch
    at createFetch (http://localhost:3000/_next/static/chunks/node_modules_next_dist_client_0r5nbpw._.js:8207:21)
    at async fetchServerResponse (http://localhost:3000/_next/static/chunks/node_modules_next_dist_client_0r5nbpw._.js:8051:21)
    at async fetchMissingDynamicData (http://localhost:3000/_next/static/chunks/node_modules_next_dist_client_0r5nbpw._.js:9464:24) @ http://localhost:3000/_next/static/chunks/node_modules_next_dist_1ybzpk2._.js:3318
[15204612ms] [ERROR] Failed to load resource: net::ERR_NETWORK_CHANGED @ http://localhost:3000/en/login?reason=idle&_rsc=vC3-Au21QXuX1vqq:0
[15204613ms] [ERROR] Failed to fetch RSC payload for http://localhost:3000/en/login?reason=idle. Falling back to browser navigation. TypeError: Failed to fetch
    at createFetch (http://localhost:3000/_next/static/chunks/node_modules_next_dist_client_0r5nbpw._.js:8207:21)
    at async fetchServerResponse (http://localhost:3000/_next/static/chunks/node_modules_next_dist_client_0r5nbpw._.js:8051:21)
    at async fetchMissingDynamicData (http://localhost:3000/_next/static/chunks/node_modules_next_dist_client_0r5nbpw._.js:9464:24) @ http://localhost:3000/_next/static/chunks/node_modules_next_dist_1ybzpk2._.js:3318
[15204614ms] [ERROR] Failed to load resource: net::ERR_NETWORK_CHANGED @ http://localhost:3000/en/login?reason=idle&_rsc=vC3-Au21QXuX1vqq:0
[15204614ms] [ERROR] Failed to fetch RSC payload for http://localhost:3000/en/login?reason=idle. Falling back to browser navigation. TypeError: Failed to fetch
    at createFetch (http://localhost:3000/_next/static/chunks/node_modules_next_dist_client_0r5nbpw._.js:8207:21)
    at async fetchServerResponse (http://localhost:3000/_next/static/chunks/node_modules_next_dist_client_0r5nbpw._.js:8051:21)
    at async fetchMissingDynamicData (http://localhost:3000/_next/static/chunks/node_modules_next_dist_client_0r5nbpw._.js:9464:24) @ http://localhost:3000/_next/static/chunks/node_modules_next_dist_1ybzpk2._.js:3318
[15204615ms] [ERROR] Failed to load resource: net::ERR_NETWORK_CHANGED @ http://localhost:3000/en/login?reason=idle&_rsc=vC3-Au21QXuX1vqq:0
[15204615ms] [ERROR] Failed to fetch RSC payload for http://localhost:3000/en/login?reason=idle. Falling back to browser navigation. TypeError: Failed to fetch
    at createFetch (http://localhost:3000/_next/static/chunks/node_modules_next_dist_client_0r5nbpw._.js:8207:21)
    at async fetchServerResponse (http://localhost:3000/_next/static/chunks/node_modules_next_dist_client_0r5nbpw._.js:8051:21)
    at async fetchMissingDynamicData (http://localhost:3000/_next/static/chunks/node_modules_next_dist_client_0r5nbpw._.js:9464:24) @ http://localhost:3000/_next/static/chunks/node_modules_next_dist_1ybzpk2._.js:3318
[15204617ms] [ERROR] Failed to load resource: net::ERR_NETWORK_CHANGED @ http://localhost:3000/en/login?reason=idle&_rsc=vC3-Au21QXuX1vqq:0
[15204617ms] [ERROR] Failed to fetch RSC payload for http://localhost:3000/en/login?reason=idle. Falling back to browser navigation. TypeError: Failed to fetch
    at createFetch (http://localhost:3000/_next/static/chunks/node_modules_next_dist_client_0r5nbpw._.js:8207:21)
    at async fetchServerResponse (http://localhost:3000/_next/static/chunks/node_modules_next_dist_client_0r5nbpw._.js:8051:21)
    at async fetchMissingDynamicData (http://localhost:3000/_next/static/chunks/node_modules_next_dist_client_0r5nbpw._.js:9464:24) @ http://localhost:3000/_next/static/chunks/node_modules_next_dist_1ybzpk2._.js:3318
[15204619ms] [ERROR] Failed to load resource: net::ERR_NETWORK_CHANGED @ http://localhost:3000/en/login?reason=idle&_rsc=vC3-Au21QXuX1vqq:0
[15204619ms] [ERROR] Failed to fetch RSC payload for http://localhost:3000/en/login?reason=idle. Falling back to browser navigation. TypeError: Failed to fetch
    at createFetch (http://localhost:3000/_next/static/chunks/node_modules_next_dist_client_0r5nbpw._.js:8207:21)
    at async fetchServerResponse (http://localhost:3000/_next/static/chunks/node_modules_next_dist_client_0r5nbpw._.js:8051:21)
    at async fetchMissingDynamicData (http://localhost:3000/_next/static/chunks/node_modules_next_dist_client_0r5nbpw._.js:9464:24) @ http://localhost:3000/_next/static/chunks/node_modules_next_dist_1ybzpk2._.js:3318
[15204620ms] [ERROR] Failed to load resource: net::ERR_NETWORK_CHANGED @ http://localhost:3000/en/login?reason=idle&_rsc=vC3-Au21QXuX1vqq:0
[15204620ms] [ERROR] Failed to fetch RSC payload for http://localhost:3000/en/login?reason=idle. Falling back to browser navigation. TypeError: Failed to fetch
    at createFetch (http://localhost:3000/_next/static/chunks/node_modules_next_dist_client_0r5nbpw._.js:8207:21)
    at async fetchServerResponse (http://localhost:3000/_next/static/chunks/node_modules_next_dist_client_0r5nbpw._.js:8051:21)
    at async fetchMissingDynamicData (http://localhost:3000/_next/static/chunks/node_modules_next_dist_client_0r5nbpw._.js:9464:24) @ http://localhost:3000/_next/static/chunks/node_modules_next_dist_1ybzpk2._.js:3318
[15204622ms] [ERROR] Failed to load resource: net::ERR_NETWORK_CHANGED @ http://localhost:3000/en/login?reason=idle&_rsc=vC3-Au21QXuX1vqq:0
[15204622ms] [ERROR] Failed to fetch RSC payload for http://localhost:3000/en/login?reason=idle. Falling back to browser navigation. TypeError: Failed to fetch
    at createFetch (http://localhost:3000/_next/static/chunks/node_modules_next_dist_client_0r5nbpw._.js:8207:21)
    at async fetchServerResponse (http://localhost:3000/_next/static/chunks/node_modules_next_dist_client_0r5nbpw._.js:8051:21)
    at async fetchMissingDynamicData (http://localhost:3000/_next/static/chunks/node_modules_next_dist_client_0r5nbpw._.js:9464:24) @ http://localhost:3000/_next/static/chunks/node_modules_next_dist_1ybzpk2._.js:3318
[15204623ms] [ERROR] Failed to load resource: net::ERR_NETWORK_CHANGED @ http://localhost:3000/en/login?reason=idle&_rsc=vC3-Au21QXuX1vqq:0
[15204623ms] [ERROR] Failed to fetch RSC payload for http://localhost:3000/en/login?reason=idle. Falling back to browser navigation. TypeError: Failed to fetch
    at createFetch (http://localhost:3000/_next/static/chunks/node_modules_next_dist_client_0r5nbpw._.js:8207:21)
    at async fetchServerResponse (http://localhost:3000/_next/static/chunks/node_modules_next_dist_client_0r5nbpw._.js:8051:21)
    at async fetchMissingDynamicData (http://localhost:3000/_next/static/chunks/node_modules_next_dist_client_0r5nbpw._.js:9464:24) @ http://localhost:3000/_next/static/chunks/node_modules_next_dist_1ybzpk2._.js:3318
[15204624ms] [ERROR] Failed to load resource: net::ERR_NETWORK_CHANGED @ http://localhost:3000/en/login?reason=idle&_rsc=vC3-Au21QXuX1vqq:0
[15204624ms] [ERROR] Failed to fetch RSC payload for http://localhost:3000/en/login?reason=idle. Falling back to browser navigation. TypeError: Failed to fetch
    at createFetch (http://localhost:3000/_next/static/chunks/node_modules_next_dist_client_0r5nbpw._.js:8207:21)
    at async fetchServerResponse (http://localhost:3000/_next/static/chunks/node_modules_next_dist_client_0r5nbpw._.js:8051:21)
    at async fetchMissingDynamicData (http://localhost:3000/_next/static/chunks/node_modules_next_dist_client_0r5nbpw._.js:9464:24) @ http://localhost:3000/_next/static/chunks/node_modules_next_dist_1ybzpk2._.js:3318
[15204626ms] [ERROR] Failed to load resource: net::ERR_NETWORK_CHANGED @ http://localhost:3000/en/login?reason=idle&_rsc=vC3-Au21QXuX1vqq:0
[15204626ms] [ERROR] Failed to fetch RSC payload for http://localhost:3000/en/login?reason=idle. Falling back to browser navigation. TypeError: Failed to fetch
    at createFetch (http://localhost:3000/_next/static/chunks/node_modules_next_dist_client_0r5nbpw._.js:8207:21)
    at async fetchServerResponse (http://localhost:3000/_next/static/chunks/node_modules_next_dist_client_0r5nbpw._.js:8051:21)
    at async fetchMissingDynamicData (http://localhost:3000/_next/static/chunks/node_modules_next_dist_client_0r5nbpw._.js:9464:24) @ http://localhost:3000/_next/static/chunks/node_modules_next_dist_1ybzpk2._.js:3318
[15204627ms] [ERROR] Failed to load resource: net::ERR_NETWORK_CHANGED @ http://localhost:3000/en/login?reason=idle&_rsc=vC3-Au21QXuX1vqq:0
[15204627ms] [ERROR] Failed to fetch RSC payload for http://localhost:3000/en/login?reason=idle. Falling back to browser navigation. TypeError: Failed to fetch
    at createFetch (http://localhost:3000/_next/static/chunks/node_modules_next_dist_client_0r5nbpw._.js:8207:21)
    at async fetchServerResponse (http://localhost:3000/_next/static/chunks/node_modules_next_dist_client_0r5nbpw._.js:8051:21)
    at async fetchMissingDynamicData (http://localhost:3000/_next/static/chunks/node_modules_next_dist_client_0r5nbpw._.js:9464:24) @ http://localhost:3000/_next/static/chunks/node_modules_next_dist_1ybzpk2._.js:3318
[15204628ms] [ERROR] Failed to load resource: net::ERR_NETWORK_CHANGED @ http://localhost:3000/en/login?reason=idle&_rsc=vC3-Au21QXuX1vqq:0
[15204629ms] [ERROR] Failed to fetch RSC payload for http://localhost:3000/en/login?reason=idle. Falling back to browser navigation. TypeError: Failed to fetch
    at createFetch (http://localhost:3000/_next/static/chunks/node_modules_next_dist_client_0r5nbpw._.js:8207:21)
    at async fetchServerResponse (http://localhost:3000/_next/static/chunks/node_modules_next_dist_client_0r5nbpw._.js:8051:21)
    at async fetchMissingDynamicData (http://localhost:3000/_next/static/chunks/node_modules_next_dist_client_0r5nbpw._.js:9464:24) @ http://localhost:3000/_next/static/chunks/node_modules_next_dist_1ybzpk2._.js:3318
[15204630ms] [ERROR] Failed to load resource: net::ERR_NETWORK_CHANGED @ http://localhost:3000/en/login?reason=idle&_rsc=vC3-Au21QXuX1vqq:0
[15204630ms] [ERROR] Failed to fetch RSC payload for http://localhost:3000/en/login?reason=idle. Falling back to browser navigation. TypeError: Failed to fetch
    at createFetch (http://localhost:3000/_next/static/chunks/node_modules_next_dist_client_0r5nbpw._.js:8207:21)
    at async fetchServerResponse (http://localhost:3000/_next/static/chunks/node_modules_next_dist_client_0r5nbpw._.js:8051:21)
    at async fetchMissingDynamicData (http://localhost:3000/_next/static/chunks/node_modules_next_dist_client_0r5nbpw._.js:9464:24) @ http://localhost:3000/_next/static/chunks/node_modules_next_dist_1ybzpk2._.js:3318
[15204631ms] [ERROR] Failed to load resource: net::ERR_NETWORK_CHANGED @ http://localhost:3000/en/login?reason=idle&_rsc=vC3-Au21QXuX1vqq:0
[15204631ms] [ERROR] Failed to fetch RSC payload for http://localhost:3000/en/login?reason=idle. Falling back to browser navigation. TypeError: Failed to fetch
    at createFetch (http://localhost:3000/_next/static/chunks/node_modules_next_dist_client_0r5nbpw._.js:8207:21)
    at async fetchServerResponse (http://localhost:3000/_next/static/chunks/node_modules_next_dist_client_0r5nbpw._.js:8051:21)
    at async fetchMissingDynamicData (http://localhost:3000/_next/static/chunks/node_modules_next_dist_client_0r5nbpw._.js:9464:24) @ http://localhost:3000/_next/static/chunks/node_modules_next_dist_1ybzpk2._.js:3318
[15204632ms] [ERROR] Failed to load resource: net::ERR_NETWORK_CHANGED @ http://localhost:3000/en/login?reason=idle&_rsc=vC3-Au21QXuX1vqq:0
[15204633ms] [ERROR] Failed to fetch RSC payload for http://localhost:3000/en/login?reason=idle. Falling back to browser navigation. TypeError: Failed to fetch
    at createFetch (http://localhost:3000/_next/static/chunks/node_modules_next_dist_client_0r5nbpw._.js:8207:21)
    at async fetchServerResponse (http://localhost:3000/_next/static/chunks/node_modules_next_dist_client_0r5nbpw._.js:8051:21)
    at async fetchMissingDynamicData (http://localhost:3000/_next/static/chunks/node_modules_next_dist_client_0r5nbpw._.js:9464:24) @ http://localhost:3000/_next/static/chunks/node_modules_next_dist_1ybzpk2._.js:3318
[15204637ms] [ERROR] Failed to load resource: net::ERR_NETWORK_CHANGED @ http://localhost:3000/en/login?reason=idle&_rsc=vC3-Au21QXuX1vqq:0
[15204637ms] [ERROR] Failed to fetch RSC payload for http://localhost:3000/en/login?reason=idle. Falling back to browser navigation. TypeError: Failed to fetch
    at createFetch (http://localhost:3000/_next/static/chunks/node_modules_next_dist_client_0r5nbpw._.js:8207:21)
    at async fetchServerResponse (http://localhost:3000/_next/static/chunks/node_modules_next_dist_client_0r5nbpw._.js:8051:21)
    at async fetchMissingDynamicData (http://localhost:3000/_next/static/chunks/node_modules_next_dist_client_0r5nbpw._.js:9464:24) @ http://localhost:3000/_next/static/chunks/node_modules_next_dist_1ybzpk2._.js:3318
[15204639ms] [ERROR] Failed to load resource: net::ERR_NETWORK_CHANGED @ http://localhost:3000/en/login?reason=idle&_rsc=vC3-Au21QXuX1vqq:0
[15204639ms] [ERROR] Failed to fetch RSC payload for http://localhost:3000/en/login?reason=idle. Falling back to browser navigation. TypeError: Failed to fetch
    at createFetch (http://localhost:3000/_next/static/chunks/node_modules_next_dist_client_0r5nbpw._.js:8207:21)
    at async fetchServerResponse (http://localhost:3000/_next/static/chunks/node_modules_next_dist_client_0r5nbpw._.js:8051:21)
    at async fetchMissingDynamicData (http://localhost:3000/_next/static/chunks/node_modules_next_dist_client_0r5nbpw._.js:9464:24) @ http://localhost:3000/_next/static/chunks/node_modules_next_dist_1ybzpk2._.js:3318
[15204641ms] [ERROR] Failed to load resource: net::ERR_NETWORK_CHANGED @ http://localhost:3000/en/login?reason=idle&_rsc=vC3-Au21QXuX1vqq:0
[15204641ms] [ERROR] Failed to fetch RSC payload for http://localhost:3000/en/login?reason=idle. Falling back to browser navigation. TypeError: Failed to fetch
    at createFetch (http://localhost:3000/_next/static/chunks/node_modules_next_dist_client_0r5nbpw._.js:8207:21)
    at async fetchServerResponse (http://localhost:3000/_next/static/chunks/node_modules_next_dist_client_0r5nbpw._.js:8051:21)
    at async fetchMissingDynamicData (http://localhost:3000/_next/static/chunks/node_modules_next_dist_client_0r5nbpw._.js:9464:24) @ http://localhost:3000/_next/static/chunks/node_modules_next_dist_1ybzpk2._.js:3318
[15204643ms] [ERROR] Failed to load resource: net::ERR_NETWORK_CHANGED @ http://localhost:3000/en/login?reason=idle&_rsc=vC3-Au21QXuX1vqq:0
[15204644ms] [ERROR] Failed to fetch RSC payload for http://localhost:3000/en/login?reason=idle. Falling back to browser navigation. TypeError: Failed to fetch
    at createFetch (http://localhost:3000/_next/static/chunks/node_modules_next_dist_client_0r5nbpw._.js:8207:21)
    at async fetchServerResponse (http://localhost:3000/_next/static/chunks/node_modules_next_dist_client_0r5nbpw._.js:8051:21)
    at async fetchMissingDynamicData (http://localhost:3000/_next/static/chunks/node_modules_next_dist_client_0r5nbpw._.js:9464:24) @ http://localhost:3000/_next/static/chunks/node_modules_next_dist_1ybzpk2._.js:3318
[15204649ms] [ERROR] Failed to load resource: net::ERR_NETWORK_CHANGED @ http://localhost:3000/en/login?reason=idle&_rsc=vC3-Au21QXuX1vqq:0
[15204649ms] [ERROR] Failed to fetch RSC payload for http://localhost:3000/en/login?reason=idle. Falling back to browser navigation. TypeError: Failed to fetch
    at createFetch (http://localhost:3000/_next/static/chunks/node_modules_next_dist_client_0r5nbpw._.js:8207:21)
    at async fetchServerResponse (http://localhost:3000/_next/static/chunks/node_modules_next_dist_client_0r5nbpw._.js:8051:21)
    at async fetchMissingDynamicData (http://localhost:3000/_next/static/chunks/node_modules_next_dist_client_0r5nbpw._.js:9464:24) @ http://localhost:3000/_next/static/chunks/node_modules_next_dist_1ybzpk2._.js:3318
[15204651ms] [ERROR] Failed to load resource: net::ERR_NETWORK_CHANGED @ http://localhost:3000/en/login?reason=idle&_rsc=vC3-Au21QXuX1vqq:0
[15204651ms] [ERROR] Failed to fetch RSC payload for http://localhost:3000/en/login?reason=idle. Falling back to browser navigation. TypeError: Failed to fetch
    at createFetch (http://localhost:3000/_next/static/chunks/node_modules_next_dist_client_0r5nbpw._.js:8207:21)
    at async fetchServerResponse (http://localhost:3000/_next/static/chunks/node_modules_next_dist_client_0r5nbpw._.js:8051:21)
    at async fetchMissingDynamicData (http://localhost:3000/_next/static/chunks/node_modules_next_dist_client_0r5nbpw._.js:9464:24) @ http://localhost:3000/_next/static/chunks/node_modules_next_dist_1ybzpk2._.js:3318
[15204655ms] [ERROR] Failed to load resource: net::ERR_NETWORK_CHANGED @ http://localhost:3000/en/login?reason=idle&_rsc=vC3-Au21QXuX1vqq:0
[15204655ms] [ERROR] Failed to fetch RSC payload for http://localhost:3000/en/login?reason=idle. Falling back to browser navigation. TypeError: Failed to fetch
    at createFetch (http://localhost:3000/_next/static/chunks/node_modules_next_dist_client_0r5nbpw._.js:8207:21)
    at async fetchServerResponse (http://localhost:3000/_next/static/chunks/node_modules_next_dist_client_0r5nbpw._.js:8051:21)
    at async fetchMissingDynamicData (http://localhost:3000/_next/static/chunks/node_modules_next_dist_client_0r5nbpw._.js:9464:24) @ http://localhost:3000/_next/static/chunks/node_modules_next_dist_1ybzpk2._.js:3318
[15204658ms] [ERROR] Failed to load resource: net::ERR_NETWORK_CHANGED @ http://localhost:3000/en/login?reason=idle&_rsc=vC3-Au21QXuX1vqq:0
[15204659ms] [ERROR] Failed to fetch RSC payload for http://localhost:3000/en/login?reason=idle. Falling back to browser navigation. TypeError: Failed to fetch
    at createFetch (http://localhost:3000/_next/static/chunks/node_modules_next_dist_client_0r5nbpw._.js:8207:21)
    at async fetchServerResponse (http://localhost:3000/_next/static/chunks/node_modules_next_dist_client_0r5nbpw._.js:8051:21)
    at async fetchMissingDynamicData (http://localhost:3000/_next/static/chunks/node_modules_next_dist_client_0r5nbpw._.js:9464:24) @ http://localhost:3000/_next/static/chunks/node_modules_next_dist_1ybzpk2._.js:3318
[15204661ms] [ERROR] Failed to load resource: net::ERR_NETWORK_CHANGED @ http://localhost:3000/en/login?reason=idle&_rsc=vC3-Au21QXuX1vqq:0
[15204662ms] [ERROR] Failed to fetch RSC payload for http://localhost:3000/en/login?reason=idle. Falling back to browser navigation. TypeError: Failed to fetch
    at createFetch (http://localhost:3000/_next/static/chunks/node_modules_next_dist_client_0r5nbpw._.js:8207:21)
    at async fetchServerResponse (http://localhost:3000/_next/static/chunks/node_modules_next_dist_client_0r5nbpw._.js:8051:21)
    at async fetchMissingDynamicData (http://localhost:3000/_next/static/chunks/node_modules_next_dist_client_0r5nbpw._.js:9464:24) @ http://localhost:3000/_next/static/chunks/node_modules_next_dist_1ybzpk2._.js:3318
[15204665ms] [ERROR] Failed to load resource: net::ERR_NETWORK_CHANGED @ http://localhost:3000/en/login?reason=idle&_rsc=vC3-Au21QXuX1vqq:0
[15204666ms] [ERROR] Failed to fetch RSC payload for http://localhost:3000/en/login?reason=idle. Falling back to browser navigation. TypeError: Failed to fetch
    at createFetch (http://localhost:3000/_next/static/chunks/node_modules_next_dist_client_0r5nbpw._.js:8207:21)
    at async fetchServerResponse (http://localhost:3000/_next/static/chunks/node_modules_next_dist_client_0r5nbpw._.js:8051:21)
    at async fetchMissingDynamicData (http://localhost:3000/_next/static/chunks/node_modules_next_dist_client_0r5nbpw._.js:9464:24) @ http://localhost:3000/_next/static/chunks/node_modules_next_dist_1ybzpk2._.js:3318
[15204668ms] [ERROR] Failed to load resource: net::ERR_NETWORK_CHANGED @ http://localhost:3000/en/login?reason=idle&_rsc=vC3-Au21QXuX1vqq:0
[15204668ms] [ERROR] Failed to fetch RSC payload for http://localhost:3000/en/login?reason=idle. Falling back to browser navigation. TypeError: Failed to fetch
    at createFetch (http://localhost:3000/_next/static/chunks/node_modules_next_dist_client_0r5nbpw._.js:8207:21)
    at async fetchServerResponse (http://localhost:3000/_next/static/chunks/node_modules_next_dist_client_0r5nbpw._.js:8051:21)
    at async fetchMissingDynamicData (http://localhost:3000/_next/static/chunks/node_modules_next_dist_client_0r5nbpw._.js:9464:24) @ http://localhost:3000/_next/static/chunks/node_modules_next_dist_1ybzpk2._.js:3318
[15204670ms] [ERROR] Failed to load resource: net::ERR_NETWORK_CHANGED @ http://localhost:3000/en/login?reason=idle&_rsc=vC3-Au21QXuX1vqq:0
[15204670ms] [ERROR] Failed to fetch RSC payload for http://localhost:3000/en/login?reason=idle. Falling back to browser navigation. TypeError: Failed to fetch
    at createFetch (http://localhost:3000/_next/static/chunks/node_modules_next_dist_client_0r5nbpw._.js:8207:21)
    at async fetchServerResponse (http://localhost:3000/_next/static/chunks/node_modules_next_dist_client_0r5nbpw._.js:8051:21)
    at async fetchMissingDynamicData (http://localhost:3000/_next/static/chunks/node_modules_next_dist_client_0r5nbpw._.js:9464:24) @ http://localhost:3000/_next/static/chunks/node_modules_next_dist_1ybzpk2._.js:3318
[15204673ms] [ERROR] Failed to load resource: net::ERR_NETWORK_CHANGED @ http://localhost:3000/en/login?reason=idle&_rsc=vC3-Au21QXuX1vqq:0
[15204673ms] [ERROR] Failed to fetch RSC payload for http://localhost:3000/en/login?reason=idle. Falling back to browser navigation. TypeError: Failed to fetch
    at createFetch (http://localhost:3000/_next/static/chunks/node_modules_next_dist_client_0r5nbpw._.js:8207:21)
    at async fetchServerResponse (http://localhost:3000/_next/static/chunks/node_modules_next_dist_client_0r5nbpw._.js:8051:21)
    at async fetchMissingDynamicData (http://localhost:3000/_next/static/chunks/node_modules_next_dist_client_0r5nbpw._.js:9464:24) @ http://localhost:3000/_next/static/chunks/node_modules_next_dist_1ybzpk2._.js:3318
[15204674ms] [ERROR] Failed to load resource: net::ERR_NETWORK_CHANGED @ http://localhost:3000/en/login?reason=idle&_rsc=vC3-Au21QXuX1vqq:0
[15204675ms] [ERROR] Failed to fetch RSC payload for http://localhost:3000/en/login?reason=idle. Falling back to browser navigation. TypeError: Failed to fetch
    at createFetch (http://localhost:3000/_next/static/chunks/node_modules_next_dist_client_0r5nbpw._.js:8207:21)
    at async fetchServerResponse (http://localhost:3000/_next/static/chunks/node_modules_next_dist_client_0r5nbpw._.js:8051:21)
    at async fetchMissingDynamicData (http://localhost:3000/_next/static/chunks/node_modules_next_dist_client_0r5nbpw._.js:9464:24) @ http://localhost:3000/_next/static/chunks/node_modules_next_dist_1ybzpk2._.js:3318
[15204677ms] [ERROR] Failed to load resource: net::ERR_NETWORK_CHANGED @ http://localhost:3000/en/login?reason=idle&_rsc=vC3-Au21QXuX1vqq:0
[15204677ms] [ERROR] Failed to fetch RSC payload for http://localhost:3000/en/login?reason=idle. Falling back to browser navigation. TypeError: Failed to fetch
    at createFetch (http://localhost:3000/_next/static/chunks/node_modules_next_dist_client_0r5nbpw._.js:8207:21)
    at async fetchServerResponse (http://localhost:3000/_next/static/chunks/node_modules_next_dist_client_0r5nbpw._.js:8051:21)
    at async fetchMissingDynamicData (http://localhost:3000/_next/static/chunks/node_modules_next_dist_client_0r5nbpw._.js:9464:24) @ http://localhost:3000/_next/static/chunks/node_modules_next_dist_1ybzpk2._.js:3318
[15204680ms] [ERROR] Failed to load resource: net::ERR_NETWORK_CHANGED @ http://localhost:3000/en/login?reason=idle&_rsc=vC3-Au21QXuX1vqq:0
[15204681ms] [ERROR] Failed to fetch RSC payload for http://localhost:3000/en/login?reason=idle. Falling back to browser navigation. TypeError: Failed to fetch
    at createFetch (http://localhost:3000/_next/static/chunks/node_modules_next_dist_client_0r5nbpw._.js:8207:21)
    at async fetchServerResponse (http://localhost:3000/_next/static/chunks/node_modules_next_dist_client_0r5nbpw._.js:8051:21)
    at async fetchMissingDynamicData (http://localhost:3000/_next/static/chunks/node_modules_next_dist_client_0r5nbpw._.js:9464:24) @ http://localhost:3000/_next/static/chunks/node_modules_next_dist_1ybzpk2._.js:3318
[15204682ms] [ERROR] Failed to load resource: net::ERR_NETWORK_CHANGED @ http://localhost:3000/en/login?reason=idle&_rsc=vC3-Au21QXuX1vqq:0
[15204682ms] [ERROR] Failed to fetch RSC payload for http://localhost:3000/en/login?reason=idle. Falling back to browser navigation. TypeError: Failed to fetch
    at createFetch (http://localhost:3000/_next/static/chunks/node_modules_next_dist_client_0r5nbpw._.js:8207:21)
    at async fetchServerResponse (http://localhost:3000/_next/static/chunks/node_modules_next_dist_client_0r5nbpw._.js:8051:21)
    at async fetchMissingDynamicData (http://localhost:3000/_next/static/chunks/node_modules_next_dist_client_0r5nbpw._.js:9464:24) @ http://localhost:3000/_next/static/chunks/node_modules_next_dist_1ybzpk2._.js:3318
[15204683ms] [ERROR] Failed to load resource: net::ERR_NETWORK_CHANGED @ http://localhost:3000/en/login?reason=idle&_rsc=vC3-Au21QXuX1vqq:0
[15204684ms] [ERROR] Failed to fetch RSC payload for http://localhost:3000/en/login?reason=idle. Falling back to browser navigation. TypeError: Failed to fetch
    at createFetch (http://localhost:3000/_next/static/chunks/node_modules_next_dist_client_0r5nbpw._.js:8207:21)
    at async fetchServerResponse (http://localhost:3000/_next/static/chunks/node_modules_next_dist_client_0r5nbpw._.js:8051:21)
    at async fetchMissingDynamicData (http://localhost:3000/_next/static/chunks/node_modules_next_dist_client_0r5nbpw._.js:9464:24) @ http://localhost:3000/_next/static/chunks/node_modules_next_dist_1ybzpk2._.js:3318
[15204685ms] [ERROR] Failed to load resource: net::ERR_NETWORK_CHANGED @ http://localhost:3000/en/login?reason=idle&_rsc=vC3-Au21QXuX1vqq:0
[15204685ms] [ERROR] Failed to fetch RSC payload for http://localhost:3000/en/login?reason=idle. Falling back to browser navigation. TypeError: Failed to fetch
    at createFetch (http://localhost:3000/_next/static/chunks/node_modules_next_dist_client_0r5nbpw._.js:8207:21)
    at async fetchServerResponse (http://localhost:3000/_next/static/chunks/node_modules_next_dist_client_0r5nbpw._.js:8051:21)
    at async fetchMissingDynamicData (http://localhost:3000/_next/static/chunks/node_modules_next_dist_client_0r5nbpw._.js:9464:24) @ http://localhost:3000/_next/static/chunks/node_modules_next_dist_1ybzpk2._.js:3318
[15204686ms] [ERROR] Failed to load resource: net::ERR_NETWORK_CHANGED @ http://localhost:3000/en/login?reason=idle&_rsc=vC3-Au21QXuX1vqq:0
[15204686ms] [ERROR] Failed to fetch RSC payload for http://localhost:3000/en/login?reason=idle. Falling back to browser navigation. TypeError: Failed to fetch
    at createFetch (http://localhost:3000/_next/static/chunks/node_modules_next_dist_client_0r5nbpw._.js:8207:21)
    at async fetchServerResponse (http://localhost:3000/_next/static/chunks/node_modules_next_dist_client_0r5nbpw._.js:8051:21)
    at async fetchMissingDynamicData (http://localhost:3000/_next/static/chunks/node_modules_next_dist_client_0r5nbpw._.js:9464:24) @ http://localhost:3000/_next/static/chunks/node_modules_next_dist_1ybzpk2._.js:3318
[15204687ms] [ERROR] Failed to load resource: net::ERR_NETWORK_CHANGED @ http://localhost:3000/en/login?reason=idle&_rsc=vC3-Au21QXuX1vqq:0
[15204687ms] [ERROR] Failed to fetch RSC payload for http://localhost:3000/en/login?reason=idle. Falling back to browser navigation. TypeError: Failed to fetch
    at createFetch (http://localhost:3000/_next/static/chunks/node_modules_next_dist_client_0r5nbpw._.js:8207:21)
    at async fetchServerResponse (http://localhost:3000/_next/static/chunks/node_modules_next_dist_client_0r5nbpw._.js:8051:21)
    at async fetchMissingDynamicData (http://localhost:3000/_next/static/chunks/node_modules_next_dist_client_0r5nbpw._.js:9464:24) @ http://localhost:3000/_next/static/chunks/node_modules_next_dist_1ybzpk2._.js:3318
[15204688ms] [ERROR] Failed to load resource: net::ERR_NETWORK_CHANGED @ http://localhost:3000/en/login?reason=idle&_rsc=vC3-Au21QXuX1vqq:0
[15204689ms] [ERROR] Failed to fetch RSC payload for http://localhost:3000/en/login?reason=idle. Falling back to browser navigation. TypeError: Failed to fetch
    at createFetch (http://localhost:3000/_next/static/chunks/node_modules_next_dist_client_0r5nbpw._.js:8207:21)
    at async fetchServerResponse (http://localhost:3000/_next/static/chunks/node_modules_next_dist_client_0r5nbpw._.js:8051:21)
    at async fetchMissingDynamicData (http://localhost:3000/_next/static/chunks/node_modules_next_dist_client_0r5nbpw._.js:9464:24) @ http://localhost:3000/_next/static/chunks/node_modules_next_dist_1ybzpk2._.js:3318
[15204690ms] [ERROR] Failed to load resource: net::ERR_NETWORK_CHANGED @ http://localhost:3000/en/login?reason=idle&_rsc=vC3-Au21QXuX1vqq:0
[15204691ms] [ERROR] Failed to fetch RSC payload for http://localhost:3000/en/login?reason=idle. Falling back to browser navigation. TypeError: Failed to fetch
    at createFetch (http://localhost:3000/_next/static/chunks/node_modules_next_dist_client_0r5nbpw._.js:8207:21)
    at async fetchServerResponse (http://localhost:3000/_next/static/chunks/node_modules_next_dist_client_0r5nbpw._.js:8051:21)
    at async fetchMissingDynamicData (http://localhost:3000/_next/static/chunks/node_modules_next_dist_client_0r5nbpw._.js:9464:24) @ http://localhost:3000/_next/static/chunks/node_modules_next_dist_1ybzpk2._.js:3318
[15204693ms] [ERROR] Failed to load resource: net::ERR_NETWORK_CHANGED @ http://localhost:3000/en/login?reason=idle&_rsc=vC3-Au21QXuX1vqq:0
[15204693ms] [ERROR] Failed to fetch RSC payload for http://localhost:3000/en/login?reason=idle. Falling back to browser navigation. TypeError: Failed to fetch
    at createFetch (http://localhost:3000/_next/static/chunks/node_modules_next_dist_client_0r5nbpw._.js:8207:21)
    at async fetchServerResponse (http://localhost:3000/_next/static/chunks/node_modules_next_dist_client_0r5nbpw._.js:8051:21)
    at async fetchMissingDynamicData (http://localhost:3000/_next/static/chunks/node_modules_next_dist_client_0r5nbpw._.js:9464:24) @ http://localhost:3000/_next/static/chunks/node_modules_next_dist_1ybzpk2._.js:3318
[15204695ms] [ERROR] Failed to load resource: net::ERR_NETWORK_CHANGED @ http://localhost:3000/en/login?reason=idle&_rsc=vC3-Au21QXuX1vqq:0
[15204696ms] [ERROR] Failed to fetch RSC payload for http://localhost:3000/en/login?reason=idle. Falling back to browser navigation. TypeError: Failed to fetch
    at createFetch (http://localhost:3000/_next/static/chunks/node_modules_next_dist_client_0r5nbpw._.js:8207:21)
    at async fetchServerResponse (http://localhost:3000/_next/static/chunks/node_modules_next_dist_client_0r5nbpw._.js:8051:21)
    at async fetchMissingDynamicData (http://localhost:3000/_next/static/chunks/node_modules_next_dist_client_0r5nbpw._.js:9464:24) @ http://localhost:3000/_next/static/chunks/node_modules_next_dist_1ybzpk2._.js:3318
[15204698ms] [ERROR] Failed to load resource: net::ERR_NETWORK_CHANGED @ http://localhost:3000/en/login?reason=idle&_rsc=vC3-Au21QXuX1vqq:0
[15204698ms] [ERROR] Failed to fetch RSC payload for http://localhost:3000/en/login?reason=idle. Falling back to browser navigation. TypeError: Failed to fetch
    at createFetch (http://localhost:3000/_next/static/chunks/node_modules_next_dist_client_0r5nbpw._.js:8207:21)
    at async fetchServerResponse (http://localhost:3000/_next/static/chunks/node_modules_next_dist_client_0r5nbpw._.js:8051:21)
    at async fetchMissingDynamicData (http://localhost:3000/_next/static/chunks/node_modules_next_dist_client_0r5nbpw._.js:9464:24) @ http://localhost:3000/_next/static/chunks/node_modules_next_dist_1ybzpk2._.js:3318
[15204700ms] [ERROR] Failed to load resource: net::ERR_NETWORK_CHANGED @ http://localhost:3000/en/login?reason=idle&_rsc=vC3-Au21QXuX1vqq:0
[15204700ms] [ERROR] Failed to fetch RSC payload for http://localhost:3000/en/login?reason=idle. Falling back to browser navigation. TypeError: Failed to fetch
    at createFetch (http://localhost:3000/_next/static/chunks/node_modules_next_dist_client_0r5nbpw._.js:8207:21)
    at async fetchServerResponse (http://localhost:3000/_next/static/chunks/node_modules_next_dist_client_0r5nbpw._.js:8051:21)
    at async fetchMissingDynamicData (http://localhost:3000/_next/static/chunks/node_modules_next_dist_client_0r5nbpw._.js:9464:24) @ http://localhost:3000/_next/static/chunks/node_modules_next_dist_1ybzpk2._.js:3318
[15204702ms] [ERROR] Failed to load resource: net::ERR_NETWORK_CHANGED @ http://localhost:3000/en/login?reason=idle&_rsc=vC3-Au21QXuX1vqq:0
[15204702ms] [ERROR] Failed to fetch RSC payload for http://localhost:3000/en/login?reason=idle. Falling back to browser navigation. TypeError: Failed to fetch
    at createFetch (http://localhost:3000/_next/static/chunks/node_modules_next_dist_client_0r5nbpw._.js:8207:21)
    at async fetchServerResponse (http://localhost:3000/_next/static/chunks/node_modules_next_dist_client_0r5nbpw._.js:8051:21)
    at async fetchMissingDynamicData (http://localhost:3000/_next/static/chunks/node_modules_next_dist_client_0r5nbpw._.js:9464:24) @ http://localhost:3000/_next/static/chunks/node_modules_next_dist_1ybzpk2._.js:3318
[15204706ms] [ERROR] Failed to load resource: net::ERR_NETWORK_CHANGED @ http://localhost:3000/en/login?reason=idle&_rsc=vC3-Au21QXuX1vqq:0
[15204706ms] [ERROR] Failed to fetch RSC payload for http://localhost:3000/en/login?reason=idle. Falling back to browser navigation. TypeError: Failed to fetch
    at createFetch (http://localhost:3000/_next/static/chunks/node_modules_next_dist_client_0r5nbpw._.js:8207:21)
    at async fetchServerResponse (http://localhost:3000/_next/static/chunks/node_modules_next_dist_client_0r5nbpw._.js:8051:21)
    at async fetchMissingDynamicData (http://localhost:3000/_next/static/chunks/node_modules_next_dist_client_0r5nbpw._.js:9464:24) @ http://localhost:3000/_next/static/chunks/node_modules_next_dist_1ybzpk2._.js:3318
[15204708ms] [ERROR] Failed to load resource: net::ERR_NETWORK_CHANGED @ http://localhost:3000/en/login?reason=idle&_rsc=vC3-Au21QXuX1vqq:0
[15204708ms] [ERROR] Failed to fetch RSC payload for http://localhost:3000/en/login?reason=idle. Falling back to browser navigation. TypeError: Failed to fetch
    at createFetch (http://localhost:3000/_next/static/chunks/node_modules_next_dist_client_0r5nbpw._.js:8207:21)
    at async fetchServerResponse (http://localhost:3000/_next/static/chunks/node_modules_next_dist_client_0r5nbpw._.js:8051:21)
    at async fetchMissingDynamicData (http://localhost:3000/_next/static/chunks/node_modules_next_dist_client_0r5nbpw._.js:9464:24) @ http://localhost:3000/_next/static/chunks/node_modules_next_dist_1ybzpk2._.js:3318
[15204711ms] [ERROR] Failed to load resource: net::ERR_NETWORK_CHANGED @ http://localhost:3000/en/login?reason=idle&_rsc=vC3-Au21QXuX1vqq:0
[15204711ms] [ERROR] Failed to fetch RSC payload for http://localhost:3000/en/login?reason=idle. Falling back to browser navigation. TypeError: Failed to fetch
    at createFetch (http://localhost:3000/_next/static/chunks/node_modules_next_dist_client_0r5nbpw._.js:8207:21)
    at async fetchServerResponse (http://localhost:3000/_next/static/chunks/node_modules_next_dist_client_0r5nbpw._.js:8051:21)
    at async fetchMissingDynamicData (http://localhost:3000/_next/static/chunks/node_modules_next_dist_client_0r5nbpw._.js:9464:24) @ http://localhost:3000/_next/static/chunks/node_modules_next_dist_1ybzpk2._.js:3318
[15204713ms] [ERROR] Failed to load resource: net::ERR_NETWORK_CHANGED @ http://localhost:3000/en/login?reason=idle&_rsc=vC3-Au21QXuX1vqq:0
[15204714ms] [ERROR] Failed to fetch RSC payload for http://localhost:3000/en/login?reason=idle. Falling back to browser navigation. TypeError: Failed to fetch
    at createFetch (http://localhost:3000/_next/static/chunks/node_modules_next_dist_client_0r5nbpw._.js:8207:21)
    at async fetchServerResponse (http://localhost:3000/_next/static/chunks/node_modules_next_dist_client_0r5nbpw._.js:8051:21)
    at async fetchMissingDynamicData (http://localhost:3000/_next/static/chunks/node_modules_next_dist_client_0r5nbpw._.js:9464:24) @ http://localhost:3000/_next/static/chunks/node_modules_next_dist_1ybzpk2._.js:3318
[15204715ms] [ERROR] Failed to load resource: net::ERR_NETWORK_CHANGED @ http://localhost:3000/en/login?reason=idle&_rsc=vC3-Au21QXuX1vqq:0
[15204715ms] [ERROR] Failed to fetch RSC payload for http://localhost:3000/en/login?reason=idle. Falling back to browser navigation. TypeError: Failed to fetch
    at createFetch (http://localhost:3000/_next/static/chunks/node_modules_next_dist_client_0r5nbpw._.js:8207:21)
    at async fetchServerResponse (http://localhost:3000/_next/static/chunks/node_modules_next_dist_client_0r5nbpw._.js:8051:21)
    at async fetchMissingDynamicData (http://localhost:3000/_next/static/chunks/node_modules_next_dist_client_0r5nbpw._.js:9464:24) @ http://localhost:3000/_next/static/chunks/node_modules_next_dist_1ybzpk2._.js:3318
[15204717ms] [ERROR] Failed to load resource: net::ERR_NETWORK_CHANGED @ http://localhost:3000/en/login?reason=idle&_rsc=vC3-Au21QXuX1vqq:0
[15204717ms] [ERROR] Failed to fetch RSC payload for http://localhost:3000/en/login?reason=idle. Falling back to browser navigation. TypeError: Failed to fetch
    at createFetch (http://localhost:3000/_next/static/chunks/node_modules_next_dist_client_0r5nbpw._.js:8207:21)
    at async fetchServerResponse (http://localhost:3000/_next/static/chunks/node_modules_next_dist_client_0r5nbpw._.js:8051:21)
    at async fetchMissingDynamicData (http://localhost:3000/_next/static/chunks/node_modules_next_dist_client_0r5nbpw._.js:9464:24) @ http://localhost:3000/_next/static/chunks/node_modules_next_dist_1ybzpk2._.js:3318
[15204718ms] [ERROR] Failed to load resource: net::ERR_NETWORK_CHANGED @ http://localhost:3000/en/login?reason=idle&_rsc=vC3-Au21QXuX1vqq:0
[15204718ms] [ERROR] Failed to fetch RSC payload for http://localhost:3000/en/login?reason=idle. Falling back to browser navigation. TypeError: Failed to fetch
    at createFetch (http://localhost:3000/_next/static/chunks/node_modules_next_dist_client_0r5nbpw._.js:8207:21)
    at async fetchServerResponse (http://localhost:3000/_next/static/chunks/node_modules_next_dist_client_0r5nbpw._.js:8051:21)
    at async fetchMissingDynamicData (http://localhost:3000/_next/static/chunks/node_modules_next_dist_client_0r5nbpw._.js:9464:24) @ http://localhost:3000/_next/static/chunks/node_modules_next_dist_1ybzpk2._.js:3318
[15204720ms] [ERROR] Failed to load resource: net::ERR_NETWORK_CHANGED @ http://localhost:3000/en/login?reason=idle&_rsc=vC3-Au21QXuX1vqq:0
[15204720ms] [ERROR] Failed to fetch RSC payload for http://localhost:3000/en/login?reason=idle. Falling back to browser navigation. TypeError: Failed to fetch
    at createFetch (http://localhost:3000/_next/static/chunks/node_modules_next_dist_client_0r5nbpw._.js:8207:21)
    at async fetchServerResponse (http://localhost:3000/_next/static/chunks/node_modules_next_dist_client_0r5nbpw._.js:8051:21)
    at async fetchMissingDynamicData (http://localhost:3000/_next/static/chunks/node_modules_next_dist_client_0r5nbpw._.js:9464:24) @ http://localhost:3000/_next/static/chunks/node_modules_next_dist_1ybzpk2._.js:3318
[15204722ms] [ERROR] Failed to load resource: net::ERR_NETWORK_CHANGED @ http://localhost:3000/en/login?reason=idle&_rsc=vC3-Au21QXuX1vqq:0
[15204722ms] [ERROR] Failed to fetch RSC payload for http://localhost:3000/en/login?reason=idle. Falling back to browser navigation. TypeError: Failed to fetch
    at createFetch (http://localhost:3000/_next/static/chunks/node_modules_next_dist_client_0r5nbpw._.js:8207:21)
    at async fetchServerResponse (http://localhost:3000/_next/static/chunks/node_modules_next_dist_client_0r5nbpw._.js:8051:21)
    at async fetchMissingDynamicData (http://localhost:3000/_next/static/chunks/node_modules_next_dist_client_0r5nbpw._.js:9464:24) @ http://localhost:3000/_next/static/chunks/node_modules_next_dist_1ybzpk2._.js:3318
[15204723ms] [ERROR] Failed to load resource: net::ERR_NETWORK_CHANGED @ http://localhost:3000/en/login?reason=idle&_rsc=vC3-Au21QXuX1vqq:0
[15204723ms] [ERROR] Failed to fetch RSC payload for http://localhost:3000/en/login?reason=idle. Falling back to browser navigation. TypeError: Failed to fetch
    at createFetch (http://localhost:3000/_next/static/chunks/node_modules_next_dist_client_0r5nbpw._.js:8207:21)
    at async fetchServerResponse (http://localhost:3000/_next/static/chunks/node_modules_next_dist_client_0r5nbpw._.js:8051:21)
    at async fetchMissingDynamicData (http://localhost:3000/_next/static/chunks/node_modules_next_dist_client_0r5nbpw._.js:9464:24) @ http://localhost:3000/_next/static/chunks/node_modules_next_dist_1ybzpk2._.js:3318
[15204725ms] [ERROR] Failed to load resource: net::ERR_NETWORK_CHANGED @ http://localhost:3000/en/login?reason=idle&_rsc=vC3-Au21QXuX1vqq:0
[15204725ms] [ERROR] Failed to fetch RSC payload for http://localhost:3000/en/login?reason=idle. Falling back to browser navigation. TypeError: Failed to fetch
    at createFetch (http://localhost:3000/_next/static/chunks/node_modules_next_dist_client_0r5nbpw._.js:8207:21)
    at async fetchServerResponse (http://localhost:3000/_next/static/chunks/node_modules_next_dist_client_0r5nbpw._.js:8051:21)
    at async fetchMissingDynamicData (http://localhost:3000/_next/static/chunks/node_modules_next_dist_client_0r5nbpw._.js:9464:24) @ http://localhost:3000/_next/static/chunks/node_modules_next_dist_1ybzpk2._.js:3318
[15204727ms] [ERROR] Failed to load resource: net::ERR_NETWORK_CHANGED @ http://localhost:3000/en/login?reason=idle&_rsc=vC3-Au21QXuX1vqq:0
[15204727ms] [ERROR] Failed to fetch RSC payload for http://localhost:3000/en/login?reason=idle. Falling back to browser navigation. TypeError: Failed to fetch
    at createFetch (http://localhost:3000/_next/static/chunks/node_modules_next_dist_client_0r5nbpw._.js:8207:21)
    at async fetchServerResponse (http://localhost:3000/_next/static/chunks/node_modules_next_dist_client_0r5nbpw._.js:8051:21)
    at async fetchMissingDynamicData (http://localhost:3000/_next/static/chunks/node_modules_next_dist_client_0r5nbpw._.js:9464:24) @ http://localhost:3000/_next/static/chunks/node_modules_next_dist_1ybzpk2._.js:3318
[15204730ms] [ERROR] Failed to load resource: net::ERR_NETWORK_CHANGED @ http://localhost:3000/en/login?reason=idle&_rsc=vC3-Au21QXuX1vqq:0
[15204730ms] [ERROR] Failed to fetch RSC payload for http://localhost:3000/en/login?reason=idle. Falling back to browser navigation. TypeError: Failed to fetch
    at createFetch (http://localhost:3000/_next/static/chunks/node_modules_next_dist_client_0r5nbpw._.js:8207:21)
    at async fetchServerResponse (http://localhost:3000/_next/static/chunks/node_modules_next_dist_client_0r5nbpw._.js:8051:21)
    at async fetchMissingDynamicData (http://localhost:3000/_next/static/chunks/node_modules_next_dist_client_0r5nbpw._.js:9464:24) @ http://localhost:3000/_next/static/chunks/node_modules_next_dist_1ybzpk2._.js:3318
[15204732ms] [ERROR] Failed to load resource: net::ERR_NETWORK_CHANGED @ http://localhost:3000/en/login?reason=idle&_rsc=vC3-Au21QXuX1vqq:0
[15204732ms] [ERROR] Failed to fetch RSC payload for http://localhost:3000/en/login?reason=idle. Falling back to browser navigation. TypeError: Failed to fetch
    at createFetch (http://localhost:3000/_next/static/chunks/node_modules_next_dist_client_0r5nbpw._.js:8207:21)
    at async fetchServerResponse (http://localhost:3000/_next/static/chunks/node_modules_next_dist_client_0r5nbpw._.js:8051:21)
    at async fetchMissingDynamicData (http://localhost:3000/_next/static/chunks/node_modules_next_dist_client_0r5nbpw._.js:9464:24) @ http://localhost:3000/_next/static/chunks/node_modules_next_dist_1ybzpk2._.js:3318
[15204733ms] [ERROR] Failed to load resource: net::ERR_NETWORK_CHANGED @ http://localhost:3000/en/login?reason=idle&_rsc=vC3-Au21QXuX1vqq:0
[15204733ms] [ERROR] Failed to fetch RSC payload for http://localhost:3000/en/login?reason=idle. Falling back to browser navigation. TypeError: Failed to fetch
    at createFetch (http://localhost:3000/_next/static/chunks/node_modules_next_dist_client_0r5nbpw._.js:8207:21)
    at async fetchServerResponse (http://localhost:3000/_next/static/chunks/node_modules_next_dist_client_0r5nbpw._.js:8051:21)
    at async fetchMissingDynamicData (http://localhost:3000/_next/static/chunks/node_modules_next_dist_client_0r5nbpw._.js:9464:24) @ http://localhost:3000/_next/static/chunks/node_modules_next_dist_1ybzpk2._.js:3318
[15204736ms] [ERROR] Failed to load resource: net::ERR_NETWORK_CHANGED @ http://localhost:3000/en/login?reason=idle&_rsc=vC3-Au21QXuX1vqq:0
[15204736ms] [ERROR] Failed to fetch RSC payload for http://localhost:3000/en/login?reason=idle. Falling back to browser navigation. TypeError: Failed to fetch
    at createFetch (http://localhost:3000/_next/static/chunks/node_modules_next_dist_client_0r5nbpw._.js:8207:21)
    at async fetchServerResponse (http://localhost:3000/_next/static/chunks/node_modules_next_dist_client_0r5nbpw._.js:8051:21)
    at async fetchMissingDynamicData (http://localhost:3000/_next/static/chunks/node_modules_next_dist_client_0r5nbpw._.js:9464:24) @ http://localhost:3000/_next/static/chunks/node_modules_next_dist_1ybzpk2._.js:3318
[15204739ms] [ERROR] Failed to load resource: net::ERR_NETWORK_CHANGED @ http://localhost:3000/en/login?reason=idle&_rsc=vC3-Au21QXuX1vqq:0
[15204739ms] [ERROR] Failed to fetch RSC payload for http://localhost:3000/en/login?reason=idle. Falling back to browser navigation. TypeError: Failed to fetch
    at createFetch (http://localhost:3000/_next/static/chunks/node_modules_next_dist_client_0r5nbpw._.js:8207:21)
    at async fetchServerResponse (http://localhost:3000/_next/static/chunks/node_modules_next_dist_client_0r5nbpw._.js:8051:21)
    at async fetchMissingDynamicData (http://localhost:3000/_next/static/chunks/node_modules_next_dist_client_0r5nbpw._.js:9464:24) @ http://localhost:3000/_next/static/chunks/node_modules_next_dist_1ybzpk2._.js:3318
[15204740ms] [ERROR] Failed to load resource: net::ERR_NETWORK_CHANGED @ http://localhost:3000/en/login?reason=idle&_rsc=vC3-Au21QXuX1vqq:0
[15204741ms] [ERROR] Failed to fetch RSC payload for http://localhost:3000/en/login?reason=idle. Falling back to browser navigation. TypeError: Failed to fetch
    at createFetch (http://localhost:3000/_next/static/chunks/node_modules_next_dist_client_0r5nbpw._.js:8207:21)
    at async fetchServerResponse (http://localhost:3000/_next/static/chunks/node_modules_next_dist_client_0r5nbpw._.js:8051:21)
    at async fetchMissingDynamicData (http://localhost:3000/_next/static/chunks/node_modules_next_dist_client_0r5nbpw._.js:9464:24) @ http://localhost:3000/_next/static/chunks/node_modules_next_dist_1ybzpk2._.js:3318
[15204742ms] [ERROR] Failed to load resource: net::ERR_NETWORK_CHANGED @ http://localhost:3000/en/login?reason=idle&_rsc=vC3-Au21QXuX1vqq:0
[15204742ms] [ERROR] Failed to fetch RSC payload for http://localhost:3000/en/login?reason=idle. Falling back to browser navigation. TypeError: Failed to fetch
    at createFetch (http://localhost:3000/_next/static/chunks/node_modules_next_dist_client_0r5nbpw._.js:8207:21)
    at async fetchServerResponse (http://localhost:3000/_next/static/chunks/node_modules_next_dist_client_0r5nbpw._.js:8051:21)
    at async fetchMissingDynamicData (http://localhost:3000/_next/static/chunks/node_modules_next_dist_client_0r5nbpw._.js:9464:24) @ http://localhost:3000/_next/static/chunks/node_modules_next_dist_1ybzpk2._.js:3318
[15204743ms] [ERROR] Failed to load resource: net::ERR_NETWORK_CHANGED @ http://localhost:3000/en/login?reason=idle&_rsc=vC3-Au21QXuX1vqq:0
[15204744ms] [ERROR] Failed to fetch RSC payload for http://localhost:3000/en/login?reason=idle. Falling back to browser navigation. TypeError: Failed to fetch
    at createFetch (http://localhost:3000/_next/static/chunks/node_modules_next_dist_client_0r5nbpw._.js:8207:21)
    at async fetchServerResponse (http://localhost:3000/_next/static/chunks/node_modules_next_dist_client_0r5nbpw._.js:8051:21)
    at async fetchMissingDynamicData (http://localhost:3000/_next/static/chunks/node_modules_next_dist_client_0r5nbpw._.js:9464:24) @ http://localhost:3000/_next/static/chunks/node_modules_next_dist_1ybzpk2._.js:3318
[15204744ms] [ERROR] Failed to load resource: net::ERR_NETWORK_CHANGED @ http://localhost:3000/en/login?reason=idle&_rsc=vC3-Au21QXuX1vqq:0
[15204745ms] [ERROR] Failed to fetch RSC payload for http://localhost:3000/en/login?reason=idle. Falling back to browser navigation. TypeError: Failed to fetch
    at createFetch (http://localhost:3000/_next/static/chunks/node_modules_next_dist_client_0r5nbpw._.js:8207:21)
    at async fetchServerResponse (http://localhost:3000/_next/static/chunks/node_modules_next_dist_client_0r5nbpw._.js:8051:21)
    at async fetchMissingDynamicData (http://localhost:3000/_next/static/chunks/node_modules_next_dist_client_0r5nbpw._.js:9464:24) @ http://localhost:3000/_next/static/chunks/node_modules_next_dist_1ybzpk2._.js:3318
[15204747ms] [ERROR] Failed to load resource: net::ERR_NETWORK_CHANGED @ http://localhost:3000/en/login?reason=idle&_rsc=vC3-Au21QXuX1vqq:0
[15204747ms] [ERROR] Failed to fetch RSC payload for http://localhost:3000/en/login?reason=idle. Falling back to browser navigation. TypeError: Failed to fetch
    at createFetch (http://localhost:3000/_next/static/chunks/node_modules_next_dist_client_0r5nbpw._.js:8207:21)
    at async fetchServerResponse (http://localhost:3000/_next/static/chunks/node_modules_next_dist_client_0r5nbpw._.js:8051:21)
    at async fetchMissingDynamicData (http://localhost:3000/_next/static/chunks/node_modules_next_dist_client_0r5nbpw._.js:9464:24) @ http://localhost:3000/_next/static/chunks/node_modules_next_dist_1ybzpk2._.js:3318
[15204749ms] [ERROR] Failed to load resource: net::ERR_NETWORK_CHANGED @ http://localhost:3000/en/login?reason=idle&_rsc=vC3-Au21QXuX1vqq:0
[15204749ms] [ERROR] Failed to fetch RSC payload for http://localhost:3000/en/login?reason=idle. Falling back to browser navigation. TypeError: Failed to fetch
    at createFetch (http://localhost:3000/_next/static/chunks/node_modules_next_dist_client_0r5nbpw._.js:8207:21)
    at async fetchServerResponse (http://localhost:3000/_next/static/chunks/node_modules_next_dist_client_0r5nbpw._.js:8051:21)
    at async fetchMissingDynamicData (http://localhost:3000/_next/static/chunks/node_modules_next_dist_client_0r5nbpw._.js:9464:24) @ http://localhost:3000/_next/static/chunks/node_modules_next_dist_1ybzpk2._.js:3318
[15204750ms] [ERROR] Failed to load resource: net::ERR_NETWORK_CHANGED @ http://localhost:3000/en/login?reason=idle&_rsc=vC3-Au21QXuX1vqq:0
[15204750ms] [ERROR] Failed to fetch RSC payload for http://localhost:3000/en/login?reason=idle. Falling back to browser navigation. TypeError: Failed to fetch
    at createFetch (http://localhost:3000/_next/static/chunks/node_modules_next_dist_client_0r5nbpw._.js:8207:21)
    at async fetchServerResponse (http://localhost:3000/_next/static/chunks/node_modules_next_dist_client_0r5nbpw._.js:8051:21)
    at async fetchMissingDynamicData (http://localhost:3000/_next/static/chunks/node_modules_next_dist_client_0r5nbpw._.js:9464:24) @ http://localhost:3000/_next/static/chunks/node_modules_next_dist_1ybzpk2._.js:3318
[15204752ms] [ERROR] Failed to load resource: net::ERR_NETWORK_CHANGED @ http://localhost:3000/en/login?reason=idle&_rsc=vC3-Au21QXuX1vqq:0
[15204752ms] [ERROR] Failed to fetch RSC payload for http://localhost:3000/en/login?reason=idle. Falling back to browser navigation. TypeError: Failed to fetch
    at createFetch (http://localhost:3000/_next/static/chunks/node_modules_next_dist_client_0r5nbpw._.js:8207:21)
    at async fetchServerResponse (http://localhost:3000/_next/static/chunks/node_modules_next_dist_client_0r5nbpw._.js:8051:21)
    at async fetchMissingDynamicData (http://localhost:3000/_next/static/chunks/node_modules_next_dist_client_0r5nbpw._.js:9464:24) @ http://localhost:3000/_next/static/chunks/node_modules_next_dist_1ybzpk2._.js:3318
[15204755ms] [ERROR] Failed to load resource: net::ERR_NETWORK_CHANGED @ http://localhost:3000/en/login?reason=idle&_rsc=vC3-Au21QXuX1vqq:0
[15204755ms] [ERROR] Failed to fetch RSC payload for http://localhost:3000/en/login?reason=idle. Falling back to browser navigation. TypeError: Failed to fetch
    at createFetch (http://localhost:3000/_next/static/chunks/node_modules_next_dist_client_0r5nbpw._.js:8207:21)
    at async fetchServerResponse (http://localhost:3000/_next/static/chunks/node_modules_next_dist_client_0r5nbpw._.js:8051:21)
    at async fetchMissingDynamicData (http://localhost:3000/_next/static/chunks/node_modules_next_dist_client_0r5nbpw._.js:9464:24) @ http://localhost:3000/_next/static/chunks/node_modules_next_dist_1ybzpk2._.js:3318
[15204759ms] [ERROR] Failed to load resource: net::ERR_NETWORK_CHANGED @ http://localhost:3000/en/login?reason=idle&_rsc=vC3-Au21QXuX1vqq:0
[15204759ms] [ERROR] Failed to fetch RSC payload for http://localhost:3000/en/login?reason=idle. Falling back to browser navigation. TypeError: Failed to fetch
    at createFetch (http://localhost:3000/_next/static/chunks/node_modules_next_dist_client_0r5nbpw._.js:8207:21)
    at async fetchServerResponse (http://localhost:3000/_next/static/chunks/node_modules_next_dist_client_0r5nbpw._.js:8051:21)
    at async fetchMissingDynamicData (http://localhost:3000/_next/static/chunks/node_modules_next_dist_client_0r5nbpw._.js:9464:24) @ http://localhost:3000/_next/static/chunks/node_modules_next_dist_1ybzpk2._.js:3318
[15204764ms] [ERROR] Failed to load resource: net::ERR_NETWORK_CHANGED @ http://localhost:3000/en/login?reason=idle&_rsc=vC3-Au21QXuX1vqq:0
[15204764ms] [ERROR] Failed to fetch RSC payload for http://localhost:3000/en/login?reason=idle. Falling back to browser navigation. TypeError: Failed to fetch
    at createFetch (http://localhost:3000/_next/static/chunks/node_modules_next_dist_client_0r5nbpw._.js:8207:21)
    at async fetchServerResponse (http://localhost:3000/_next/static/chunks/node_modules_next_dist_client_0r5nbpw._.js:8051:21)
    at async fetchMissingDynamicData (http://localhost:3000/_next/static/chunks/node_modules_next_dist_client_0r5nbpw._.js:9464:24) @ http://localhost:3000/_next/static/chunks/node_modules_next_dist_1ybzpk2._.js:3318
[15204765ms] [ERROR] Failed to load resource: net::ERR_NETWORK_CHANGED @ http://localhost:3000/en/login?reason=idle&_rsc=vC3-Au21QXuX1vqq:0
[15204765ms] [ERROR] Failed to fetch RSC payload for http://localhost:3000/en/login?reason=idle. Falling back to browser navigation. TypeError: Failed to fetch
    at createFetch (http://localhost:3000/_next/static/chunks/node_modules_next_dist_client_0r5nbpw._.js:8207:21)
    at async fetchServerResponse (http://localhost:3000/_next/static/chunks/node_modules_next_dist_client_0r5nbpw._.js:8051:21)
    at async fetchMissingDynamicData (http://localhost:3000/_next/static/chunks/node_modules_next_dist_client_0r5nbpw._.js:9464:24) @ http://localhost:3000/_next/static/chunks/node_modules_next_dist_1ybzpk2._.js:3318
[15204766ms] [ERROR] Failed to load resource: net::ERR_NETWORK_CHANGED @ http://localhost:3000/en/login?reason=idle&_rsc=vC3-Au21QXuX1vqq:0
[15204766ms] [ERROR] Failed to fetch RSC payload for http://localhost:3000/en/login?reason=idle. Falling back to browser navigation. TypeError: Failed to fetch
    at createFetch (http://localhost:3000/_next/static/chunks/node_modules_next_dist_client_0r5nbpw._.js:8207:21)
    at async fetchServerResponse (http://localhost:3000/_next/static/chunks/node_modules_next_dist_client_0r5nbpw._.js:8051:21)
    at async fetchMissingDynamicData (http://localhost:3000/_next/static/chunks/node_modules_next_dist_client_0r5nbpw._.js:9464:24) @ http://localhost:3000/_next/static/chunks/node_modules_next_dist_1ybzpk2._.js:3318
[15204768ms] [ERROR] Failed to load resource: net::ERR_NETWORK_CHANGED @ http://localhost:3000/en/login?reason=idle&_rsc=vC3-Au21QXuX1vqq:0
[15204768ms] [ERROR] Failed to fetch RSC payload for http://localhost:3000/en/login?reason=idle. Falling back to browser navigation. TypeError: Failed to fetch
    at createFetch (http://localhost:3000/_next/static/chunks/node_modules_next_dist_client_0r5nbpw._.js:8207:21)
    at async fetchServerResponse (http://localhost:3000/_next/static/chunks/node_modules_next_dist_client_0r5nbpw._.js:8051:21)
    at async fetchMissingDynamicData (http://localhost:3000/_next/static/chunks/node_modules_next_dist_client_0r5nbpw._.js:9464:24) @ http://localhost:3000/_next/static/chunks/node_modules_next_dist_1ybzpk2._.js:3318
[15204769ms] [ERROR] Failed to load resource: net::ERR_NETWORK_CHANGED @ http://localhost:3000/en/login?reason=idle&_rsc=vC3-Au21QXuX1vqq:0
[15204769ms] [ERROR] Failed to fetch RSC payload for http://localhost:3000/en/login?reason=idle. Falling back to browser navigation. TypeError: Failed to fetch
    at createFetch (http://localhost:3000/_next/static/chunks/node_modules_next_dist_client_0r5nbpw._.js:8207:21)
    at async fetchServerResponse (http://localhost:3000/_next/static/chunks/node_modules_next_dist_client_0r5nbpw._.js:8051:21)
    at async fetchMissingDynamicData (http://localhost:3000/_next/static/chunks/node_modules_next_dist_client_0r5nbpw._.js:9464:24) @ http://localhost:3000/_next/static/chunks/node_modules_next_dist_1ybzpk2._.js:3318
[15204770ms] [ERROR] Failed to load resource: net::ERR_NETWORK_CHANGED @ http://localhost:3000/en/login?reason=idle&_rsc=vC3-Au21QXuX1vqq:0
[15204770ms] [ERROR] Failed to fetch RSC payload for http://localhost:3000/en/login?reason=idle. Falling back to browser navigation. TypeError: Failed to fetch
    at createFetch (http://localhost:3000/_next/static/chunks/node_modules_next_dist_client_0r5nbpw._.js:8207:21)
    at async fetchServerResponse (http://localhost:3000/_next/static/chunks/node_modules_next_dist_client_0r5nbpw._.js:8051:21)
    at async fetchMissingDynamicData (http://localhost:3000/_next/static/chunks/node_modules_next_dist_client_0r5nbpw._.js:9464:24) @ http://localhost:3000/_next/static/chunks/node_modules_next_dist_1ybzpk2._.js:3318
[15204771ms] [ERROR] Failed to load resource: net::ERR_NETWORK_CHANGED @ http://localhost:3000/en/login?reason=idle&_rsc=vC3-Au21QXuX1vqq:0
[15204771ms] [ERROR] Failed to fetch RSC payload for http://localhost:3000/en/login?reason=idle. Falling back to browser navigation. TypeError: Failed to fetch
    at createFetch (http://localhost:3000/_next/static/chunks/node_modules_next_dist_client_0r5nbpw._.js:8207:21)
    at async fetchServerResponse (http://localhost:3000/_next/static/chunks/node_modules_next_dist_client_0r5nbpw._.js:8051:21)
    at async fetchMissingDynamicData (http://localhost:3000/_next/static/chunks/node_modules_next_dist_client_0r5nbpw._.js:9464:24) @ http://localhost:3000/_next/static/chunks/node_modules_next_dist_1ybzpk2._.js:3318
[15204772ms] [ERROR] Failed to load resource: net::ERR_NETWORK_CHANGED @ http://localhost:3000/en/login?reason=idle&_rsc=vC3-Au21QXuX1vqq:0
[15204772ms] [ERROR] Failed to fetch RSC payload for http://localhost:3000/en/login?reason=idle. Falling back to browser navigation. TypeError: Failed to fetch
    at createFetch (http://localhost:3000/_next/static/chunks/node_modules_next_dist_client_0r5nbpw._.js:8207:21)
    at async fetchServerResponse (http://localhost:3000/_next/static/chunks/node_modules_next_dist_client_0r5nbpw._.js:8051:21)
    at async fetchMissingDynamicData (http://localhost:3000/_next/static/chunks/node_modules_next_dist_client_0r5nbpw._.js:9464:24) @ http://localhost:3000/_next/static/chunks/node_modules_next_dist_1ybzpk2._.js:3318
[15204782ms] [ERROR] Failed to load resource: net::ERR_NETWORK_CHANGED @ http://localhost:3000/en/login?reason=idle&_rsc=vC3-Au21QXuX1vqq:0
[15204782ms] [ERROR] Failed to fetch RSC payload for http://localhost:3000/en/login?reason=idle. Falling back to browser navigation. TypeError: Failed to fetch
    at createFetch (http://localhost:3000/_next/static/chunks/node_modules_next_dist_client_0r5nbpw._.js:8207:21)
    at async fetchServerResponse (http://localhost:3000/_next/static/chunks/node_modules_next_dist_client_0r5nbpw._.js:8051:21)
    at async fetchMissingDynamicData (http://localhost:3000/_next/static/chunks/node_modules_next_dist_client_0r5nbpw._.js:9464:24) @ http://localhost:3000/_next/static/chunks/node_modules_next_dist_1ybzpk2._.js:3318
[15204784ms] [ERROR] Failed to load resource: net::ERR_NETWORK_CHANGED @ http://localhost:3000/en/login?reason=idle&_rsc=vC3-Au21QXuX1vqq:0
[15204784ms] [ERROR] Failed to fetch RSC payload for http://localhost:3000/en/login?reason=idle. Falling back to browser navigation. TypeError: Failed to fetch
    at createFetch (http://localhost:3000/_next/static/chunks/node_modules_next_dist_client_0r5nbpw._.js:8207:21)
    at async fetchServerResponse (http://localhost:3000/_next/static/chunks/node_modules_next_dist_client_0r5nbpw._.js:8051:21)
    at async fetchMissingDynamicData (http://localhost:3000/_next/static/chunks/node_modules_next_dist_client_0r5nbpw._.js:9464:24) @ http://localhost:3000/_next/static/chunks/node_modules_next_dist_1ybzpk2._.js:3318
[15204785ms] [ERROR] Failed to load resource: net::ERR_NETWORK_CHANGED @ http://localhost:3000/en/login?reason=idle&_rsc=vC3-Au21QXuX1vqq:0
[15204785ms] [ERROR] Failed to fetch RSC payload for http://localhost:3000/en/login?reason=idle. Falling back to browser navigation. TypeError: Failed to fetch
    at createFetch (http://localhost:3000/_next/static/chunks/node_modules_next_dist_client_0r5nbpw._.js:8207:21)
    at async fetchServerResponse (http://localhost:3000/_next/static/chunks/node_modules_next_dist_client_0r5nbpw._.js:8051:21)
    at async fetchMissingDynamicData (http://localhost:3000/_next/static/chunks/node_modules_next_dist_client_0r5nbpw._.js:9464:24) @ http://localhost:3000/_next/static/chunks/node_modules_next_dist_1ybzpk2._.js:3318
[15204786ms] [ERROR] Failed to load resource: net::ERR_NETWORK_CHANGED @ http://localhost:3000/en/login?reason=idle&_rsc=vC3-Au21QXuX1vqq:0
[15204787ms] [ERROR] Failed to fetch RSC payload for http://localhost:3000/en/login?reason=idle. Falling back to browser navigation. TypeError: Failed to fetch
    at createFetch (http://localhost:3000/_next/static/chunks/node_modules_next_dist_client_0r5nbpw._.js:8207:21)
    at async fetchServerResponse (http://localhost:3000/_next/static/chunks/node_modules_next_dist_client_0r5nbpw._.js:8051:21)
    at async fetchMissingDynamicData (http://localhost:3000/_next/static/chunks/node_modules_next_dist_client_0r5nbpw._.js:9464:24) @ http://localhost:3000/_next/static/chunks/node_modules_next_dist_1ybzpk2._.js:3318
[15204788ms] [ERROR] Failed to load resource: net::ERR_NETWORK_CHANGED @ http://localhost:3000/en/login?reason=idle&_rsc=vC3-Au21QXuX1vqq:0
[15204789ms] [ERROR] Failed to fetch RSC payload for http://localhost:3000/en/login?reason=idle. Falling back to browser navigation. TypeError: Failed to fetch
    at createFetch (http://localhost:3000/_next/static/chunks/node_modules_next_dist_client_0r5nbpw._.js:8207:21)
    at async fetchServerResponse (http://localhost:3000/_next/static/chunks/node_modules_next_dist_client_0r5nbpw._.js:8051:21)
    at async fetchMissingDynamicData (http://localhost:3000/_next/static/chunks/node_modules_next_dist_client_0r5nbpw._.js:9464:24) @ http://localhost:3000/_next/static/chunks/node_modules_next_dist_1ybzpk2._.js:3318
[15204790ms] [ERROR] Failed to load resource: net::ERR_NETWORK_CHANGED @ http://localhost:3000/en/login?reason=idle&_rsc=vC3-Au21QXuX1vqq:0
[15204790ms] [ERROR] Failed to fetch RSC payload for http://localhost:3000/en/login?reason=idle. Falling back to browser navigation. TypeError: Failed to fetch
    at createFetch (http://localhost:3000/_next/static/chunks/node_modules_next_dist_client_0r5nbpw._.js:8207:21)
    at async fetchServerResponse (http://localhost:3000/_next/static/chunks/node_modules_next_dist_client_0r5nbpw._.js:8051:21)
    at async fetchMissingDynamicData (http://localhost:3000/_next/static/chunks/node_modules_next_dist_client_0r5nbpw._.js:9464:24) @ http://localhost:3000/_next/static/chunks/node_modules_next_dist_1ybzpk2._.js:3318
[15204791ms] [ERROR] Failed to load resource: net::ERR_NETWORK_CHANGED @ http://localhost:3000/en/login?reason=idle&_rsc=vC3-Au21QXuX1vqq:0
[15204792ms] [ERROR] Failed to fetch RSC payload for http://localhost:3000/en/login?reason=idle. Falling back to browser navigation. TypeError: Failed to fetch
    at createFetch (http://localhost:3000/_next/static/chunks/node_modules_next_dist_client_0r5nbpw._.js:8207:21)
    at async fetchServerResponse (http://localhost:3000/_next/static/chunks/node_modules_next_dist_client_0r5nbpw._.js:8051:21)
    at async fetchMissingDynamicData (http://localhost:3000/_next/static/chunks/node_modules_next_dist_client_0r5nbpw._.js:9464:24) @ http://localhost:3000/_next/static/chunks/node_modules_next_dist_1ybzpk2._.js:3318
[15204793ms] [ERROR] Failed to load resource: net::ERR_NETWORK_CHANGED @ http://localhost:3000/en/login?reason=idle&_rsc=vC3-Au21QXuX1vqq:0
[15204793ms] [ERROR] Failed to fetch RSC payload for http://localhost:3000/en/login?reason=idle. Falling back to browser navigation. TypeError: Failed to fetch
    at createFetch (http://localhost:3000/_next/static/chunks/node_modules_next_dist_client_0r5nbpw._.js:8207:21)
    at async fetchServerResponse (http://localhost:3000/_next/static/chunks/node_modules_next_dist_client_0r5nbpw._.js:8051:21)
    at async fetchMissingDynamicData (http://localhost:3000/_next/static/chunks/node_modules_next_dist_client_0r5nbpw._.js:9464:24) @ http://localhost:3000/_next/static/chunks/node_modules_next_dist_1ybzpk2._.js:3318
[15204796ms] [ERROR] Failed to load resource: net::ERR_NETWORK_CHANGED @ http://localhost:3000/en/login?reason=idle&_rsc=vC3-Au21QXuX1vqq:0
[15204796ms] [ERROR] Failed to fetch RSC payload for http://localhost:3000/en/login?reason=idle. Falling back to browser navigation. TypeError: Failed to fetch
    at createFetch (http://localhost:3000/_next/static/chunks/node_modules_next_dist_client_0r5nbpw._.js:8207:21)
    at async fetchServerResponse (http://localhost:3000/_next/static/chunks/node_modules_next_dist_client_0r5nbpw._.js:8051:21)
    at async fetchMissingDynamicData (http://localhost:3000/_next/static/chunks/node_modules_next_dist_client_0r5nbpw._.js:9464:24) @ http://localhost:3000/_next/static/chunks/node_modules_next_dist_1ybzpk2._.js:3318
[15204798ms] [ERROR] Failed to load resource: net::ERR_NETWORK_CHANGED @ http://localhost:3000/en/login?reason=idle&_rsc=vC3-Au21QXuX1vqq:0
[15204798ms] [ERROR] Failed to fetch RSC payload for http://localhost:3000/en/login?reason=idle. Falling back to browser navigation. TypeError: Failed to fetch
    at createFetch (http://localhost:3000/_next/static/chunks/node_modules_next_dist_client_0r5nbpw._.js:8207:21)
    at async fetchServerResponse (http://localhost:3000/_next/static/chunks/node_modules_next_dist_client_0r5nbpw._.js:8051:21)
    at async fetchMissingDynamicData (http://localhost:3000/_next/static/chunks/node_modules_next_dist_client_0r5nbpw._.js:9464:24) @ http://localhost:3000/_next/static/chunks/node_modules_next_dist_1ybzpk2._.js:3318
[15204799ms] [ERROR] Failed to load resource: net::ERR_NETWORK_CHANGED @ http://localhost:3000/en/login?reason=idle&_rsc=vC3-Au21QXuX1vqq:0
[15204799ms] [ERROR] Failed to fetch RSC payload for http://localhost:3000/en/login?reason=idle. Falling back to browser navigation. TypeError: Failed to fetch
    at createFetch (http://localhost:3000/_next/static/chunks/node_modules_next_dist_client_0r5nbpw._.js:8207:21)
    at async fetchServerResponse (http://localhost:3000/_next/static/chunks/node_modules_next_dist_client_0r5nbpw._.js:8051:21)
    at async fetchMissingDynamicData (http://localhost:3000/_next/static/chunks/node_modules_next_dist_client_0r5nbpw._.js:9464:24) @ http://localhost:3000/_next/static/chunks/node_modules_next_dist_1ybzpk2._.js:3318
[15204800ms] [ERROR] Failed to load resource: net::ERR_NETWORK_CHANGED @ http://localhost:3000/en/login?reason=idle&_rsc=vC3-Au21QXuX1vqq:0
[15204800ms] [ERROR] Failed to fetch RSC payload for http://localhost:3000/en/login?reason=idle. Falling back to browser navigation. TypeError: Failed to fetch
    at createFetch (http://localhost:3000/_next/static/chunks/node_modules_next_dist_client_0r5nbpw._.js:8207:21)
    at async fetchServerResponse (http://localhost:3000/_next/static/chunks/node_modules_next_dist_client_0r5nbpw._.js:8051:21)
    at async fetchMissingDynamicData (http://localhost:3000/_next/static/chunks/node_modules_next_dist_client_0r5nbpw._.js:9464:24) @ http://localhost:3000/_next/static/chunks/node_modules_next_dist_1ybzpk2._.js:3318
[15204802ms] [ERROR] Failed to load resource: net::ERR_NETWORK_CHANGED @ http://localhost:3000/en/login?reason=idle&_rsc=vC3-Au21QXuX1vqq:0
[15204802ms] [ERROR] Failed to fetch RSC payload for http://localhost:3000/en/login?reason=idle. Falling back to browser navigation. TypeError: Failed to fetch
    at createFetch (http://localhost:3000/_next/static/chunks/node_modules_next_dist_client_0r5nbpw._.js:8207:21)
    at async fetchServerResponse (http://localhost:3000/_next/static/chunks/node_modules_next_dist_client_0r5nbpw._.js:8051:21)
    at async fetchMissingDynamicData (http://localhost:3000/_next/static/chunks/node_modules_next_dist_client_0r5nbpw._.js:9464:24) @ http://localhost:3000/_next/static/chunks/node_modules_next_dist_1ybzpk2._.js:3318
[15204803ms] [ERROR] Failed to load resource: net::ERR_NETWORK_CHANGED @ http://localhost:3000/en/login?reason=idle&_rsc=vC3-Au21QXuX1vqq:0
[15204803ms] [ERROR] Failed to fetch RSC payload for http://localhost:3000/en/login?reason=idle. Falling back to browser navigation. TypeError: Failed to fetch
    at createFetch (http://localhost:3000/_next/static/chunks/node_modules_next_dist_client_0r5nbpw._.js:8207:21)
    at async fetchServerResponse (http://localhost:3000/_next/static/chunks/node_modules_next_dist_client_0r5nbpw._.js:8051:21)
    at async fetchMissingDynamicData (http://localhost:3000/_next/static/chunks/node_modules_next_dist_client_0r5nbpw._.js:9464:24) @ http://localhost:3000/_next/static/chunks/node_modules_next_dist_1ybzpk2._.js:3318
[15204805ms] [ERROR] Failed to load resource: net::ERR_NETWORK_CHANGED @ http://localhost:3000/en/login?reason=idle&_rsc=vC3-Au21QXuX1vqq:0
[15204806ms] [ERROR] Failed to fetch RSC payload for http://localhost:3000/en/login?reason=idle. Falling back to browser navigation. TypeError: Failed to fetch
    at createFetch (http://localhost:3000/_next/static/chunks/node_modules_next_dist_client_0r5nbpw._.js:8207:21)
    at async fetchServerResponse (http://localhost:3000/_next/static/chunks/node_modules_next_dist_client_0r5nbpw._.js:8051:21)
    at async fetchMissingDynamicData (http://localhost:3000/_next/static/chunks/node_modules_next_dist_client_0r5nbpw._.js:9464:24) @ http://localhost:3000/_next/static/chunks/node_modules_next_dist_1ybzpk2._.js:3318
[15204807ms] [ERROR] Failed to load resource: net::ERR_NETWORK_CHANGED @ http://localhost:3000/en/login?reason=idle&_rsc=vC3-Au21QXuX1vqq:0
[15204807ms] [ERROR] Failed to fetch RSC payload for http://localhost:3000/en/login?reason=idle. Falling back to browser navigation. TypeError: Failed to fetch
    at createFetch (http://localhost:3000/_next/static/chunks/node_modules_next_dist_client_0r5nbpw._.js:8207:21)
    at async fetchServerResponse (http://localhost:3000/_next/static/chunks/node_modules_next_dist_client_0r5nbpw._.js:8051:21)
    at async fetchMissingDynamicData (http://localhost:3000/_next/static/chunks/node_modules_next_dist_client_0r5nbpw._.js:9464:24) @ http://localhost:3000/_next/static/chunks/node_modules_next_dist_1ybzpk2._.js:3318
[15204810ms] [ERROR] Failed to load resource: net::ERR_NETWORK_CHANGED @ http://localhost:3000/en/login?reason=idle&_rsc=vC3-Au21QXuX1vqq:0
[15204810ms] [ERROR] Failed to fetch RSC payload for http://localhost:3000/en/login?reason=idle. Falling back to browser navigation. TypeError: Failed to fetch
    at createFetch (http://localhost:3000/_next/static/chunks/node_modules_next_dist_client_0r5nbpw._.js:8207:21)
    at async fetchServerResponse (http://localhost:3000/_next/static/chunks/node_modules_next_dist_client_0r5nbpw._.js:8051:21)
    at async fetchMissingDynamicData (http://localhost:3000/_next/static/chunks/node_modules_next_dist_client_0r5nbpw._.js:9464:24) @ http://localhost:3000/_next/static/chunks/node_modules_next_dist_1ybzpk2._.js:3318
[15204811ms] [ERROR] Failed to load resource: net::ERR_NETWORK_CHANGED @ http://localhost:3000/en/login?reason=idle&_rsc=vC3-Au21QXuX1vqq:0
[15204811ms] [ERROR] Failed to fetch RSC payload for http://localhost:3000/en/login?reason=idle. Falling back to browser navigation. TypeError: Failed to fetch
    at createFetch (http://localhost:3000/_next/static/chunks/node_modules_next_dist_client_0r5nbpw._.js:8207:21)
    at async fetchServerResponse (http://localhost:3000/_next/static/chunks/node_modules_next_dist_client_0r5nbpw._.js:8051:21)
    at async fetchMissingDynamicData (http://localhost:3000/_next/static/chunks/node_modules_next_dist_client_0r5nbpw._.js:9464:24) @ http://localhost:3000/_next/static/chunks/node_modules_next_dist_1ybzpk2._.js:3318
[15204813ms] [ERROR] Failed to load resource: net::ERR_NETWORK_CHANGED @ http://localhost:3000/en/login?reason=idle&_rsc=vC3-Au21QXuX1vqq:0
[15204813ms] [ERROR] Failed to fetch RSC payload for http://localhost:3000/en/login?reason=idle. Falling back to browser navigation. TypeError: Failed to fetch
    at createFetch (http://localhost:3000/_next/static/chunks/node_modules_next_dist_client_0r5nbpw._.js:8207:21)
    at async fetchServerResponse (http://localhost:3000/_next/static/chunks/node_modules_next_dist_client_0r5nbpw._.js:8051:21)
    at async fetchMissingDynamicData (http://localhost:3000/_next/static/chunks/node_modules_next_dist_client_0r5nbpw._.js:9464:24) @ http://localhost:3000/_next/static/chunks/node_modules_next_dist_1ybzpk2._.js:3318
[15204815ms] [ERROR] Failed to load resource: net::ERR_NETWORK_CHANGED @ http://localhost:3000/en/login?reason=idle&_rsc=vC3-Au21QXuX1vqq:0
[15204815ms] [ERROR] Failed to fetch RSC payload for http://localhost:3000/en/login?reason=idle. Falling back to browser navigation. TypeError: Failed to fetch
    at createFetch (http://localhost:3000/_next/static/chunks/node_modules_next_dist_client_0r5nbpw._.js:8207:21)
    at async fetchServerResponse (http://localhost:3000/_next/static/chunks/node_modules_next_dist_client_0r5nbpw._.js:8051:21)
    at async fetchMissingDynamicData (http://localhost:3000/_next/static/chunks/node_modules_next_dist_client_0r5nbpw._.js:9464:24) @ http://localhost:3000/_next/static/chunks/node_modules_next_dist_1ybzpk2._.js:3318
[15204816ms] [ERROR] Failed to load resource: net::ERR_NETWORK_CHANGED @ http://localhost:3000/en/login?reason=idle&_rsc=vC3-Au21QXuX1vqq:0
[15204816ms] [ERROR] Failed to fetch RSC payload for http://localhost:3000/en/login?reason=idle. Falling back to browser navigation. TypeError: Failed to fetch
    at createFetch (http://localhost:3000/_next/static/chunks/node_modules_next_dist_client_0r5nbpw._.js:8207:21)
    at async fetchServerResponse (http://localhost:3000/_next/static/chunks/node_modules_next_dist_client_0r5nbpw._.js:8051:21)
    at async fetchMissingDynamicData (http://localhost:3000/_next/static/chunks/node_modules_next_dist_client_0r5nbpw._.js:9464:24) @ http://localhost:3000/_next/static/chunks/node_modules_next_dist_1ybzpk2._.js:3318
[15204818ms] [ERROR] Failed to load resource: net::ERR_NETWORK_CHANGED @ http://localhost:3000/en/login?reason=idle&_rsc=vC3-Au21QXuX1vqq:0
[15204818ms] [ERROR] Failed to fetch RSC payload for http://localhost:3000/en/login?reason=idle. Falling back to browser navigation. TypeError: Failed to fetch
    at createFetch (http://localhost:3000/_next/static/chunks/node_modules_next_dist_client_0r5nbpw._.js:8207:21)
    at async fetchServerResponse (http://localhost:3000/_next/static/chunks/node_modules_next_dist_client_0r5nbpw._.js:8051:21)
    at async fetchMissingDynamicData (http://localhost:3000/_next/static/chunks/node_modules_next_dist_client_0r5nbpw._.js:9464:24) @ http://localhost:3000/_next/static/chunks/node_modules_next_dist_1ybzpk2._.js:3318
[15204819ms] [ERROR] Failed to load resource: net::ERR_NETWORK_CHANGED @ http://localhost:3000/en/login?reason=idle&_rsc=vC3-Au21QXuX1vqq:0
[15204819ms] [ERROR] Failed to fetch RSC payload for http://localhost:3000/en/login?reason=idle. Falling back to browser navigation. TypeError: Failed to fetch
    at createFetch (http://localhost:3000/_next/static/chunks/node_modules_next_dist_client_0r5nbpw._.js:8207:21)
    at async fetchServerResponse (http://localhost:3000/_next/static/chunks/node_modules_next_dist_client_0r5nbpw._.js:8051:21)
    at async fetchMissingDynamicData (http://localhost:3000/_next/static/chunks/node_modules_next_dist_client_0r5nbpw._.js:9464:24) @ http://localhost:3000/_next/static/chunks/node_modules_next_dist_1ybzpk2._.js:3318
[15204820ms] [ERROR] Failed to load resource: net::ERR_NETWORK_CHANGED @ http://localhost:3000/en/login?reason=idle&_rsc=vC3-Au21QXuX1vqq:0
[15204820ms] [ERROR] Failed to fetch RSC payload for http://localhost:3000/en/login?reason=idle. Falling back to browser navigation. TypeError: Failed to fetch
    at createFetch (http://localhost:3000/_next/static/chunks/node_modules_next_dist_client_0r5nbpw._.js:8207:21)
    at async fetchServerResponse (http://localhost:3000/_next/static/chunks/node_modules_next_dist_client_0r5nbpw._.js:8051:21)
    at async fetchMissingDynamicData (http://localhost:3000/_next/static/chunks/node_modules_next_dist_client_0r5nbpw._.js:9464:24) @ http://localhost:3000/_next/static/chunks/node_modules_next_dist_1ybzpk2._.js:3318
[15204822ms] [ERROR] Failed to load resource: net::ERR_NETWORK_CHANGED @ http://localhost:3000/en/login?reason=idle&_rsc=vC3-Au21QXuX1vqq:0
[15204822ms] [ERROR] Failed to fetch RSC payload for http://localhost:3000/en/login?reason=idle. Falling back to browser navigation. TypeError: Failed to fetch
    at createFetch (http://localhost:3000/_next/static/chunks/node_modules_next_dist_client_0r5nbpw._.js:8207:21)
    at async fetchServerResponse (http://localhost:3000/_next/static/chunks/node_modules_next_dist_client_0r5nbpw._.js:8051:21)
    at async fetchMissingDynamicData (http://localhost:3000/_next/static/chunks/node_modules_next_dist_client_0r5nbpw._.js:9464:24) @ http://localhost:3000/_next/static/chunks/node_modules_next_dist_1ybzpk2._.js:3318
[15204823ms] [ERROR] Failed to load resource: net::ERR_NETWORK_CHANGED @ http://localhost:3000/en/login?reason=idle&_rsc=vC3-Au21QXuX1vqq:0
[15204823ms] [ERROR] Failed to fetch RSC payload for http://localhost:3000/en/login?reason=idle. Falling back to browser navigation. TypeError: Failed to fetch
    at createFetch (http://localhost:3000/_next/static/chunks/node_modules_next_dist_client_0r5nbpw._.js:8207:21)
    at async fetchServerResponse (http://localhost:3000/_next/static/chunks/node_modules_next_dist_client_0r5nbpw._.js:8051:21)
    at async fetchMissingDynamicData (http://localhost:3000/_next/static/chunks/node_modules_next_dist_client_0r5nbpw._.js:9464:24) @ http://localhost:3000/_next/static/chunks/node_modules_next_dist_1ybzpk2._.js:3318
[15204824ms] [ERROR] Failed to load resource: net::ERR_NETWORK_CHANGED @ http://localhost:3000/en/login?reason=idle&_rsc=vC3-Au21QXuX1vqq:0
[15204824ms] [ERROR] Failed to fetch RSC payload for http://localhost:3000/en/login?reason=idle. Falling back to browser navigation. TypeError: Failed to fetch
    at createFetch (http://localhost:3000/_next/static/chunks/node_modules_next_dist_client_0r5nbpw._.js:8207:21)
    at async fetchServerResponse (http://localhost:3000/_next/static/chunks/node_modules_next_dist_client_0r5nbpw._.js:8051:21)
    at async fetchMissingDynamicData (http://localhost:3000/_next/static/chunks/node_modules_next_dist_client_0r5nbpw._.js:9464:24) @ http://localhost:3000/_next/static/chunks/node_modules_next_dist_1ybzpk2._.js:3318
[15204826ms] [ERROR] Failed to load resource: net::ERR_NETWORK_CHANGED @ http://localhost:3000/en/login?reason=idle&_rsc=vC3-Au21QXuX1vqq:0
[15204826ms] [ERROR] Failed to fetch RSC payload for http://localhost:3000/en/login?reason=idle. Falling back to browser navigation. TypeError: Failed to fetch
    at createFetch (http://localhost:3000/_next/static/chunks/node_modules_next_dist_client_0r5nbpw._.js:8207:21)
    at async fetchServerResponse (http://localhost:3000/_next/static/chunks/node_modules_next_dist_client_0r5nbpw._.js:8051:21)
    at async fetchMissingDynamicData (http://localhost:3000/_next/static/chunks/node_modules_next_dist_client_0r5nbpw._.js:9464:24) @ http://localhost:3000/_next/static/chunks/node_modules_next_dist_1ybzpk2._.js:3318
[15204827ms] [ERROR] Failed to load resource: net::ERR_NETWORK_CHANGED @ http://localhost:3000/en/login?reason=idle&_rsc=vC3-Au21QXuX1vqq:0
[15204827ms] [ERROR] Failed to fetch RSC payload for http://localhost:3000/en/login?reason=idle. Falling back to browser navigation. TypeError: Failed to fetch
    at createFetch (http://localhost:3000/_next/static/chunks/node_modules_next_dist_client_0r5nbpw._.js:8207:21)
    at async fetchServerResponse (http://localhost:3000/_next/static/chunks/node_modules_next_dist_client_0r5nbpw._.js:8051:21)
    at async fetchMissingDynamicData (http://localhost:3000/_next/static/chunks/node_modules_next_dist_client_0r5nbpw._.js:9464:24) @ http://localhost:3000/_next/static/chunks/node_modules_next_dist_1ybzpk2._.js:3318
[15204828ms] [ERROR] Failed to load resource: net::ERR_NETWORK_CHANGED @ http://localhost:3000/en/login?reason=idle&_rsc=vC3-Au21QXuX1vqq:0
[15204828ms] [ERROR] Failed to fetch RSC payload for http://localhost:3000/en/login?reason=idle. Falling back to browser navigation. TypeError: Failed to fetch
    at createFetch (http://localhost:3000/_next/static/chunks/node_modules_next_dist_client_0r5nbpw._.js:8207:21)
    at async fetchServerResponse (http://localhost:3000/_next/static/chunks/node_modules_next_dist_client_0r5nbpw._.js:8051:21)
    at async fetchMissingDynamicData (http://localhost:3000/_next/static/chunks/node_modules_next_dist_client_0r5nbpw._.js:9464:24) @ http://localhost:3000/_next/static/chunks/node_modules_next_dist_1ybzpk2._.js:3318
[15204829ms] [ERROR] Failed to load resource: net::ERR_NETWORK_CHANGED @ http://localhost:3000/en/login?reason=idle&_rsc=vC3-Au21QXuX1vqq:0
[15204829ms] [ERROR] Failed to fetch RSC payload for http://localhost:3000/en/login?reason=idle. Falling back to browser navigation. TypeError: Failed to fetch
    at createFetch (http://localhost:3000/_next/static/chunks/node_modules_next_dist_client_0r5nbpw._.js:8207:21)
    at async fetchServerResponse (http://localhost:3000/_next/static/chunks/node_modules_next_dist_client_0r5nbpw._.js:8051:21)
    at async fetchMissingDynamicData (http://localhost:3000/_next/static/chunks/node_modules_next_dist_client_0r5nbpw._.js:9464:24) @ http://localhost:3000/_next/static/chunks/node_modules_next_dist_1ybzpk2._.js:3318
[15204831ms] [ERROR] Failed to load resource: net::ERR_NETWORK_CHANGED @ http://localhost:3000/en/login?reason=idle&_rsc=vC3-Au21QXuX1vqq:0
[15204831ms] [ERROR] Failed to fetch RSC payload for http://localhost:3000/en/login?reason=idle. Falling back to browser navigation. TypeError: Failed to fetch
    at createFetch (http://localhost:3000/_next/static/chunks/node_modules_next_dist_client_0r5nbpw._.js:8207:21)
    at async fetchServerResponse (http://localhost:3000/_next/static/chunks/node_modules_next_dist_client_0r5nbpw._.js:8051:21)
    at async fetchMissingDynamicData (http://localhost:3000/_next/static/chunks/node_modules_next_dist_client_0r5nbpw._.js:9464:24) @ http://localhost:3000/_next/static/chunks/node_modules_next_dist_1ybzpk2._.js:3318
[15204832ms] [ERROR] Failed to load resource: net::ERR_NETWORK_CHANGED @ http://localhost:3000/en/login?reason=idle&_rsc=vC3-Au21QXuX1vqq:0
[15204832ms] [ERROR] Failed to fetch RSC payload for http://localhost:3000/en/login?reason=idle. Falling back to browser navigation. TypeError: Failed to fetch
    at createFetch (http://localhost:3000/_next/static/chunks/node_modules_next_dist_client_0r5nbpw._.js:8207:21)
    at async fetchServerResponse (http://localhost:3000/_next/static/chunks/node_modules_next_dist_client_0r5nbpw._.js:8051:21)
    at async fetchMissingDynamicData (http://localhost:3000/_next/static/chunks/node_modules_next_dist_client_0r5nbpw._.js:9464:24) @ http://localhost:3000/_next/static/chunks/node_modules_next_dist_1ybzpk2._.js:3318
[15204833ms] [ERROR] Failed to load resource: net::ERR_NETWORK_CHANGED @ http://localhost:3000/en/login?reason=idle&_rsc=vC3-Au21QXuX1vqq:0
[15204833ms] [ERROR] Failed to fetch RSC payload for http://localhost:3000/en/login?reason=idle. Falling back to browser navigation. TypeError: Failed to fetch
    at createFetch (http://localhost:3000/_next/static/chunks/node_modules_next_dist_client_0r5nbpw._.js:8207:21)
    at async fetchServerResponse (http://localhost:3000/_next/static/chunks/node_modules_next_dist_client_0r5nbpw._.js:8051:21)
    at async fetchMissingDynamicData (http://localhost:3000/_next/static/chunks/node_modules_next_dist_client_0r5nbpw._.js:9464:24) @ http://localhost:3000/_next/static/chunks/node_modules_next_dist_1ybzpk2._.js:3318
[15204834ms] [ERROR] Failed to load resource: net::ERR_NETWORK_CHANGED @ http://localhost:3000/en/login?reason=idle&_rsc=vC3-Au21QXuX1vqq:0
[15204835ms] [ERROR] Failed to fetch RSC payload for http://localhost:3000/en/login?reason=idle. Falling back to browser navigation. TypeError: Failed to fetch
    at createFetch (http://localhost:3000/_next/static/chunks/node_modules_next_dist_client_0r5nbpw._.js:8207:21)
    at async fetchServerResponse (http://localhost:3000/_next/static/chunks/node_modules_next_dist_client_0r5nbpw._.js:8051:21)
    at async fetchMissingDynamicData (http://localhost:3000/_next/static/chunks/node_modules_next_dist_client_0r5nbpw._.js:9464:24) @ http://localhost:3000/_next/static/chunks/node_modules_next_dist_1ybzpk2._.js:3318
[15204836ms] [ERROR] Failed to load resource: net::ERR_NETWORK_CHANGED @ http://localhost:3000/en/login?reason=idle&_rsc=vC3-Au21QXuX1vqq:0
[15204836ms] [ERROR] Failed to fetch RSC payload for http://localhost:3000/en/login?reason=idle. Falling back to browser navigation. TypeError: Failed to fetch
    at createFetch (http://localhost:3000/_next/static/chunks/node_modules_next_dist_client_0r5nbpw._.js:8207:21)
    at async fetchServerResponse (http://localhost:3000/_next/static/chunks/node_modules_next_dist_client_0r5nbpw._.js:8051:21)
    at async fetchMissingDynamicData (http://localhost:3000/_next/static/chunks/node_modules_next_dist_client_0r5nbpw._.js:9464:24) @ http://localhost:3000/_next/static/chunks/node_modules_next_dist_1ybzpk2._.js:3318
[15204837ms] [ERROR] Failed to load resource: net::ERR_NETWORK_CHANGED @ http://localhost:3000/en/login?reason=idle&_rsc=vC3-Au21QXuX1vqq:0
[15204837ms] [ERROR] Failed to fetch RSC payload for http://localhost:3000/en/login?reason=idle. Falling back to browser navigation. TypeError: Failed to fetch
    at createFetch (http://localhost:3000/_next/static/chunks/node_modules_next_dist_client_0r5nbpw._.js:8207:21)
    at async fetchServerResponse (http://localhost:3000/_next/static/chunks/node_modules_next_dist_client_0r5nbpw._.js:8051:21)
    at async fetchMissingDynamicData (http://localhost:3000/_next/static/chunks/node_modules_next_dist_client_0r5nbpw._.js:9464:24) @ http://localhost:3000/_next/static/chunks/node_modules_next_dist_1ybzpk2._.js:3318
[15204838ms] [ERROR] Failed to load resource: net::ERR_NETWORK_CHANGED @ http://localhost:3000/en/login?reason=idle&_rsc=vC3-Au21QXuX1vqq:0
[15204838ms] [ERROR] Failed to fetch RSC payload for http://localhost:3000/en/login?reason=idle. Falling back to browser navigation. TypeError: Failed to fetch
    at createFetch (http://localhost:3000/_next/static/chunks/node_modules_next_dist_client_0r5nbpw._.js:8207:21)
    at async fetchServerResponse (http://localhost:3000/_next/static/chunks/node_modules_next_dist_client_0r5nbpw._.js:8051:21)
    at async fetchMissingDynamicData (http://localhost:3000/_next/static/chunks/node_modules_next_dist_client_0r5nbpw._.js:9464:24) @ http://localhost:3000/_next/static/chunks/node_modules_next_dist_1ybzpk2._.js:3318
[15204840ms] [ERROR] Failed to load resource: net::ERR_NETWORK_CHANGED @ http://localhost:3000/en/login?reason=idle&_rsc=vC3-Au21QXuX1vqq:0
[15204840ms] [ERROR] Failed to fetch RSC payload for http://localhost:3000/en/login?reason=idle. Falling back to browser navigation. TypeError: Failed to fetch
    at createFetch (http://localhost:3000/_next/static/chunks/node_modules_next_dist_client_0r5nbpw._.js:8207:21)
    at async fetchServerResponse (http://localhost:3000/_next/static/chunks/node_modules_next_dist_client_0r5nbpw._.js:8051:21)
    at async fetchMissingDynamicData (http://localhost:3000/_next/static/chunks/node_modules_next_dist_client_0r5nbpw._.js:9464:24) @ http://localhost:3000/_next/static/chunks/node_modules_next_dist_1ybzpk2._.js:3318
[15204841ms] [ERROR] Failed to load resource: net::ERR_NETWORK_CHANGED @ http://localhost:3000/en/login?reason=idle&_rsc=vC3-Au21QXuX1vqq:0
[15204841ms] [ERROR] Failed to fetch RSC payload for http://localhost:3000/en/login?reason=idle. Falling back to browser navigation. TypeError: Failed to fetch
    at createFetch (http://localhost:3000/_next/static/chunks/node_modules_next_dist_client_0r5nbpw._.js:8207:21)
    at async fetchServerResponse (http://localhost:3000/_next/static/chunks/node_modules_next_dist_client_0r5nbpw._.js:8051:21)
    at async fetchMissingDynamicData (http://localhost:3000/_next/static/chunks/node_modules_next_dist_client_0r5nbpw._.js:9464:24) @ http://localhost:3000/_next/static/chunks/node_modules_next_dist_1ybzpk2._.js:3318
[15204842ms] [ERROR] Failed to load resource: net::ERR_NETWORK_CHANGED @ http://localhost:3000/en/login?reason=idle&_rsc=vC3-Au21QXuX1vqq:0
[15204842ms] [ERROR] Failed to fetch RSC payload for http://localhost:3000/en/login?reason=idle. Falling back to browser navigation. TypeError: Failed to fetch
    at createFetch (http://localhost:3000/_next/static/chunks/node_modules_next_dist_client_0r5nbpw._.js:8207:21)
    at async fetchServerResponse (http://localhost:3000/_next/static/chunks/node_modules_next_dist_client_0r5nbpw._.js:8051:21)
    at async fetchMissingDynamicData (http://localhost:3000/_next/static/chunks/node_modules_next_dist_client_0r5nbpw._.js:9464:24) @ http://localhost:3000/_next/static/chunks/node_modules_next_dist_1ybzpk2._.js:3318
[15204843ms] [ERROR] Failed to load resource: net::ERR_NETWORK_CHANGED @ http://localhost:3000/en/login?reason=idle&_rsc=vC3-Au21QXuX1vqq:0
[15204843ms] [ERROR] Failed to fetch RSC payload for http://localhost:3000/en/login?reason=idle. Falling back to browser navigation. TypeError: Failed to fetch
    at createFetch (http://localhost:3000/_next/static/chunks/node_modules_next_dist_client_0r5nbpw._.js:8207:21)
    at async fetchServerResponse (http://localhost:3000/_next/static/chunks/node_modules_next_dist_client_0r5nbpw._.js:8051:21)
    at async fetchMissingDynamicData (http://localhost:3000/_next/static/chunks/node_modules_next_dist_client_0r5nbpw._.js:9464:24) @ http://localhost:3000/_next/static/chunks/node_modules_next_dist_1ybzpk2._.js:3318
[15204844ms] [ERROR] Failed to load resource: net::ERR_NETWORK_CHANGED @ http://localhost:3000/en/login?reason=idle&_rsc=vC3-Au21QXuX1vqq:0
[15204844ms] [ERROR] Failed to fetch RSC payload for http://localhost:3000/en/login?reason=idle. Falling back to browser navigation. TypeError: Failed to fetch
    at createFetch (http://localhost:3000/_next/static/chunks/node_modules_next_dist_client_0r5nbpw._.js:8207:21)
    at async fetchServerResponse (http://localhost:3000/_next/static/chunks/node_modules_next_dist_client_0r5nbpw._.js:8051:21)
    at async fetchMissingDynamicData (http://localhost:3000/_next/static/chunks/node_modules_next_dist_client_0r5nbpw._.js:9464:24) @ http://localhost:3000/_next/static/chunks/node_modules_next_dist_1ybzpk2._.js:3318
[15204846ms] [ERROR] Failed to load resource: net::ERR_NETWORK_CHANGED @ http://localhost:3000/en/login?reason=idle&_rsc=vC3-Au21QXuX1vqq:0
[15204846ms] [ERROR] Failed to fetch RSC payload for http://localhost:3000/en/login?reason=idle. Falling back to browser navigation. TypeError: Failed to fetch
    at createFetch (http://localhost:3000/_next/static/chunks/node_modules_next_dist_client_0r5nbpw._.js:8207:21)
    at async fetchServerResponse (http://localhost:3000/_next/static/chunks/node_modules_next_dist_client_0r5nbpw._.js:8051:21)
    at async fetchMissingDynamicData (http://localhost:3000/_next/static/chunks/node_modules_next_dist_client_0r5nbpw._.js:9464:24) @ http://localhost:3000/_next/static/chunks/node_modules_next_dist_1ybzpk2._.js:3318
[15204847ms] [ERROR] Failed to load resource: net::ERR_NETWORK_CHANGED @ http://localhost:3000/en/login?reason=idle&_rsc=vC3-Au21QXuX1vqq:0
[15204847ms] [ERROR] Failed to fetch RSC payload for http://localhost:3000/en/login?reason=idle. Falling back to browser navigation. TypeError: Failed to fetch
    at createFetch (http://localhost:3000/_next/static/chunks/node_modules_next_dist_client_0r5nbpw._.js:8207:21)
    at async fetchServerResponse (http://localhost:3000/_next/static/chunks/node_modules_next_dist_client_0r5nbpw._.js:8051:21)
    at async fetchMissingDynamicData (http://localhost:3000/_next/static/chunks/node_modules_next_dist_client_0r5nbpw._.js:9464:24) @ http://localhost:3000/_next/static/chunks/node_modules_next_dist_1ybzpk2._.js:3318
[15204848ms] [ERROR] Failed to load resource: net::ERR_NETWORK_CHANGED @ http://localhost:3000/en/login?reason=idle&_rsc=vC3-Au21QXuX1vqq:0
[15204848ms] [ERROR] Failed to fetch RSC payload for http://localhost:3000/en/login?reason=idle. Falling back to browser navigation. TypeError: Failed to fetch
    at createFetch (http://localhost:3000/_next/static/chunks/node_modules_next_dist_client_0r5nbpw._.js:8207:21)
    at async fetchServerResponse (http://localhost:3000/_next/static/chunks/node_modules_next_dist_client_0r5nbpw._.js:8051:21)
    at async fetchMissingDynamicData (http://localhost:3000/_next/static/chunks/node_modules_next_dist_client_0r5nbpw._.js:9464:24) @ http://localhost:3000/_next/static/chunks/node_modules_next_dist_1ybzpk2._.js:3318
[15204851ms] [ERROR] Failed to load resource: net::ERR_NETWORK_CHANGED @ http://localhost:3000/en/login?reason=idle&_rsc=vC3-Au21QXuX1vqq:0
[15204852ms] [ERROR] Failed to fetch RSC payload for http://localhost:3000/en/login?reason=idle. Falling back to browser navigation. TypeError: Failed to fetch
    at createFetch (http://localhost:3000/_next/static/chunks/node_modules_next_dist_client_0r5nbpw._.js:8207:21)
    at async fetchServerResponse (http://localhost:3000/_next/static/chunks/node_modules_next_dist_client_0r5nbpw._.js:8051:21)
    at async fetchMissingDynamicData (http://localhost:3000/_next/static/chunks/node_modules_next_dist_client_0r5nbpw._.js:9464:24) @ http://localhost:3000/_next/static/chunks/node_modules_next_dist_1ybzpk2._.js:3318
[15204853ms] [ERROR] Failed to load resource: net::ERR_NETWORK_CHANGED @ http://localhost:3000/en/login?reason=idle&_rsc=vC3-Au21QXuX1vqq:0
[15204853ms] [ERROR] Failed to fetch RSC payload for http://localhost:3000/en/login?reason=idle. Falling back to browser navigation. TypeError: Failed to fetch
    at createFetch (http://localhost:3000/_next/static/chunks/node_modules_next_dist_client_0r5nbpw._.js:8207:21)
    at async fetchServerResponse (http://localhost:3000/_next/static/chunks/node_modules_next_dist_client_0r5nbpw._.js:8051:21)
    at async fetchMissingDynamicData (http://localhost:3000/_next/static/chunks/node_modules_next_dist_client_0r5nbpw._.js:9464:24) @ http://localhost:3000/_next/static/chunks/node_modules_next_dist_1ybzpk2._.js:3318
[15204854ms] [ERROR] Failed to load resource: net::ERR_NETWORK_CHANGED @ http://localhost:3000/en/login?reason=idle&_rsc=vC3-Au21QXuX1vqq:0
[15204854ms] [ERROR] Failed to fetch RSC payload for http://localhost:3000/en/login?reason=idle. Falling back to browser navigation. TypeError: Failed to fetch
    at createFetch (http://localhost:3000/_next/static/chunks/node_modules_next_dist_client_0r5nbpw._.js:8207:21)
    at async fetchServerResponse (http://localhost:3000/_next/static/chunks/node_modules_next_dist_client_0r5nbpw._.js:8051:21)
    at async fetchMissingDynamicData (http://localhost:3000/_next/static/chunks/node_modules_next_dist_client_0r5nbpw._.js:9464:24) @ http://localhost:3000/_next/static/chunks/node_modules_next_dist_1ybzpk2._.js:3318
[15204856ms] [ERROR] Failed to load resource: net::ERR_NETWORK_CHANGED @ http://localhost:3000/en/login?reason=idle&_rsc=vC3-Au21QXuX1vqq:0
[15204856ms] [ERROR] Failed to fetch RSC payload for http://localhost:3000/en/login?reason=idle. Falling back to browser navigation. TypeError: Failed to fetch
    at createFetch (http://localhost:3000/_next/static/chunks/node_modules_next_dist_client_0r5nbpw._.js:8207:21)
    at async fetchServerResponse (http://localhost:3000/_next/static/chunks/node_modules_next_dist_client_0r5nbpw._.js:8051:21)
    at async fetchMissingDynamicData (http://localhost:3000/_next/static/chunks/node_modules_next_dist_client_0r5nbpw._.js:9464:24) @ http://localhost:3000/_next/static/chunks/node_modules_next_dist_1ybzpk2._.js:3318
[15204857ms] [ERROR] Failed to load resource: net::ERR_NETWORK_CHANGED @ http://localhost:3000/en/login?reason=idle&_rsc=vC3-Au21QXuX1vqq:0
[15204857ms] [ERROR] Failed to fetch RSC payload for http://localhost:3000/en/login?reason=idle. Falling back to browser navigation. TypeError: Failed to fetch
    at createFetch (http://localhost:3000/_next/static/chunks/node_modules_next_dist_client_0r5nbpw._.js:8207:21)
    at async fetchServerResponse (http://localhost:3000/_next/static/chunks/node_modules_next_dist_client_0r5nbpw._.js:8051:21)
    at async fetchMissingDynamicData (http://localhost:3000/_next/static/chunks/node_modules_next_dist_client_0r5nbpw._.js:9464:24) @ http://localhost:3000/_next/static/chunks/node_modules_next_dist_1ybzpk2._.js:3318
[15204859ms] [ERROR] Failed to load resource: net::ERR_NETWORK_CHANGED @ http://localhost:3000/en/login?reason=idle&_rsc=vC3-Au21QXuX1vqq:0
[15204859ms] [ERROR] Failed to fetch RSC payload for http://localhost:3000/en/login?reason=idle. Falling back to browser navigation. TypeError: Failed to fetch
    at createFetch (http://localhost:3000/_next/static/chunks/node_modules_next_dist_client_0r5nbpw._.js:8207:21)
    at async fetchServerResponse (http://localhost:3000/_next/static/chunks/node_modules_next_dist_client_0r5nbpw._.js:8051:21)
    at async fetchMissingDynamicData (http://localhost:3000/_next/static/chunks/node_modules_next_dist_client_0r5nbpw._.js:9464:24) @ http://localhost:3000/_next/static/chunks/node_modules_next_dist_1ybzpk2._.js:3318
[15204860ms] [ERROR] Failed to load resource: net::ERR_NETWORK_CHANGED @ http://localhost:3000/en/login?reason=idle&_rsc=vC3-Au21QXuX1vqq:0
[15204861ms] [ERROR] Failed to fetch RSC payload for http://localhost:3000/en/login?reason=idle. Falling back to browser navigation. TypeError: Failed to fetch
    at createFetch (http://localhost:3000/_next/static/chunks/node_modules_next_dist_client_0r5nbpw._.js:8207:21)
    at async fetchServerResponse (http://localhost:3000/_next/static/chunks/node_modules_next_dist_client_0r5nbpw._.js:8051:21)
    at async fetchMissingDynamicData (http://localhost:3000/_next/static/chunks/node_modules_next_dist_client_0r5nbpw._.js:9464:24) @ http://localhost:3000/_next/static/chunks/node_modules_next_dist_1ybzpk2._.js:3318
[15204861ms] [ERROR] Failed to load resource: net::ERR_NETWORK_CHANGED @ http://localhost:3000/en/login?reason=idle&_rsc=vC3-Au21QXuX1vqq:0
[15204862ms] [ERROR] Failed to fetch RSC payload for http://localhost:3000/en/login?reason=idle. Falling back to browser navigation. TypeError: Failed to fetch
    at createFetch (http://localhost:3000/_next/static/chunks/node_modules_next_dist_client_0r5nbpw._.js:8207:21)
    at async fetchServerResponse (http://localhost:3000/_next/static/chunks/node_modules_next_dist_client_0r5nbpw._.js:8051:21)
    at async fetchMissingDynamicData (http://localhost:3000/_next/static/chunks/node_modules_next_dist_client_0r5nbpw._.js:9464:24) @ http://localhost:3000/_next/static/chunks/node_modules_next_dist_1ybzpk2._.js:3318
[15204862ms] [ERROR] Failed to load resource: net::ERR_NETWORK_CHANGED @ http://localhost:3000/en/login?reason=idle&_rsc=vC3-Au21QXuX1vqq:0
[15204862ms] [ERROR] Failed to fetch RSC payload for http://localhost:3000/en/login?reason=idle. Falling back to browser navigation. TypeError: Failed to fetch
    at createFetch (http://localhost:3000/_next/static/chunks/node_modules_next_dist_client_0r5nbpw._.js:8207:21)
    at async fetchServerResponse (http://localhost:3000/_next/static/chunks/node_modules_next_dist_client_0r5nbpw._.js:8051:21)
    at async fetchMissingDynamicData (http://localhost:3000/_next/static/chunks/node_modules_next_dist_client_0r5nbpw._.js:9464:24) @ http://localhost:3000/_next/static/chunks/node_modules_next_dist_1ybzpk2._.js:3318
[15204863ms] [ERROR] Failed to load resource: net::ERR_NETWORK_CHANGED @ http://localhost:3000/en/login?reason=idle&_rsc=vC3-Au21QXuX1vqq:0
[15204863ms] [ERROR] Failed to fetch RSC payload for http://localhost:3000/en/login?reason=idle. Falling back to browser navigation. TypeError: Failed to fetch
    at createFetch (http://localhost:3000/_next/static/chunks/node_modules_next_dist_client_0r5nbpw._.js:8207:21)
    at async fetchServerResponse (http://localhost:3000/_next/static/chunks/node_modules_next_dist_client_0r5nbpw._.js:8051:21)
    at async fetchMissingDynamicData (http://localhost:3000/_next/static/chunks/node_modules_next_dist_client_0r5nbpw._.js:9464:24) @ http://localhost:3000/_next/static/chunks/node_modules_next_dist_1ybzpk2._.js:3318
[15204864ms] [ERROR] Failed to load resource: net::ERR_NETWORK_CHANGED @ http://localhost:3000/en/login?reason=idle&_rsc=vC3-Au21QXuX1vqq:0
[15204864ms] [ERROR] Failed to fetch RSC payload for http://localhost:3000/en/login?reason=idle. Falling back to browser navigation. TypeError: Failed to fetch
    at createFetch (http://localhost:3000/_next/static/chunks/node_modules_next_dist_client_0r5nbpw._.js:8207:21)
    at async fetchServerResponse (http://localhost:3000/_next/static/chunks/node_modules_next_dist_client_0r5nbpw._.js:8051:21)
    at async fetchMissingDynamicData (http://localhost:3000/_next/static/chunks/node_modules_next_dist_client_0r5nbpw._.js:9464:24) @ http://localhost:3000/_next/static/chunks/node_modules_next_dist_1ybzpk2._.js:3318
[15204865ms] [ERROR] Failed to load resource: net::ERR_NETWORK_CHANGED @ http://localhost:3000/en/login?reason=idle&_rsc=vC3-Au21QXuX1vqq:0
[15204865ms] [ERROR] Failed to fetch RSC payload for http://localhost:3000/en/login?reason=idle. Falling back to browser navigation. TypeError: Failed to fetch
    at createFetch (http://localhost:3000/_next/static/chunks/node_modules_next_dist_client_0r5nbpw._.js:8207:21)
    at async fetchServerResponse (http://localhost:3000/_next/static/chunks/node_modules_next_dist_client_0r5nbpw._.js:8051:21)
    at async fetchMissingDynamicData (http://localhost:3000/_next/static/chunks/node_modules_next_dist_client_0r5nbpw._.js:9464:24) @ http://localhost:3000/_next/static/chunks/node_modules_next_dist_1ybzpk2._.js:3318
[15204867ms] [ERROR] Failed to load resource: net::ERR_NETWORK_CHANGED @ http://localhost:3000/en/login?reason=idle&_rsc=vC3-Au21QXuX1vqq:0
[15204867ms] [ERROR] Failed to fetch RSC payload for http://localhost:3000/en/login?reason=idle. Falling back to browser navigation. TypeError: Failed to fetch
    at createFetch (http://localhost:3000/_next/static/chunks/node_modules_next_dist_client_0r5nbpw._.js:8207:21)
    at async fetchServerResponse (http://localhost:3000/_next/static/chunks/node_modules_next_dist_client_0r5nbpw._.js:8051:21)
    at async fetchMissingDynamicData (http://localhost:3000/_next/static/chunks/node_modules_next_dist_client_0r5nbpw._.js:9464:24) @ http://localhost:3000/_next/static/chunks/node_modules_next_dist_1ybzpk2._.js:3318
[15204868ms] [ERROR] Failed to load resource: net::ERR_NETWORK_CHANGED @ http://localhost:3000/en/login?reason=idle&_rsc=vC3-Au21QXuX1vqq:0
[15204869ms] [ERROR] Failed to fetch RSC payload for http://localhost:3000/en/login?reason=idle. Falling back to browser navigation. TypeError: Failed to fetch
    at createFetch (http://localhost:3000/_next/static/chunks/node_modules_next_dist_client_0r5nbpw._.js:8207:21)
    at async fetchServerResponse (http://localhost:3000/_next/static/chunks/node_modules_next_dist_client_0r5nbpw._.js:8051:21)
    at async fetchMissingDynamicData (http://localhost:3000/_next/static/chunks/node_modules_next_dist_client_0r5nbpw._.js:9464:24) @ http://localhost:3000/_next/static/chunks/node_modules_next_dist_1ybzpk2._.js:3318
[15204870ms] [ERROR] Failed to load resource: net::ERR_NETWORK_CHANGED @ http://localhost:3000/en/login?reason=idle&_rsc=vC3-Au21QXuX1vqq:0
[15204870ms] [ERROR] Failed to fetch RSC payload for http://localhost:3000/en/login?reason=idle. Falling back to browser navigation. TypeError: Failed to fetch
    at createFetch (http://localhost:3000/_next/static/chunks/node_modules_next_dist_client_0r5nbpw._.js:8207:21)
    at async fetchServerResponse (http://localhost:3000/_next/static/chunks/node_modules_next_dist_client_0r5nbpw._.js:8051:21)
    at async fetchMissingDynamicData (http://localhost:3000/_next/static/chunks/node_modules_next_dist_client_0r5nbpw._.js:9464:24) @ http://localhost:3000/_next/static/chunks/node_modules_next_dist_1ybzpk2._.js:3318
[15204871ms] [ERROR] Failed to load resource: net::ERR_NETWORK_CHANGED @ http://localhost:3000/en/login?reason=idle&_rsc=vC3-Au21QXuX1vqq:0
[15204871ms] [ERROR] Failed to fetch RSC payload for http://localhost:3000/en/login?reason=idle. Falling back to browser navigation. TypeError: Failed to fetch
    at createFetch (http://localhost:3000/_next/static/chunks/node_modules_next_dist_client_0r5nbpw._.js:8207:21)
    at async fetchServerResponse (http://localhost:3000/_next/static/chunks/node_modules_next_dist_client_0r5nbpw._.js:8051:21)
    at async fetchMissingDynamicData (http://localhost:3000/_next/static/chunks/node_modules_next_dist_client_0r5nbpw._.js:9464:24) @ http://localhost:3000/_next/static/chunks/node_modules_next_dist_1ybzpk2._.js:3318
[15204872ms] [ERROR] Failed to load resource: net::ERR_NETWORK_CHANGED @ http://localhost:3000/en/login?reason=idle&_rsc=vC3-Au21QXuX1vqq:0
[15204872ms] [ERROR] Failed to fetch RSC payload for http://localhost:3000/en/login?reason=idle. Falling back to browser navigation. TypeError: Failed to fetch
    at createFetch (http://localhost:3000/_next/static/chunks/node_modules_next_dist_client_0r5nbpw._.js:8207:21)
    at async fetchServerResponse (http://localhost:3000/_next/static/chunks/node_modules_next_dist_client_0r5nbpw._.js:8051:21)
    at async fetchMissingDynamicData (http://localhost:3000/_next/static/chunks/node_modules_next_dist_client_0r5nbpw._.js:9464:24) @ http://localhost:3000/_next/static/chunks/node_modules_next_dist_1ybzpk2._.js:3318
[15204873ms] [ERROR] Failed to load resource: net::ERR_NETWORK_CHANGED @ http://localhost:3000/en/login?reason=idle&_rsc=vC3-Au21QXuX1vqq:0
[15204873ms] [ERROR] Failed to fetch RSC payload for http://localhost:3000/en/login?reason=idle. Falling back to browser navigation. TypeError: Failed to fetch
    at createFetch (http://localhost:3000/_next/static/chunks/node_modules_next_dist_client_0r5nbpw._.js:8207:21)
    at async fetchServerResponse (http://localhost:3000/_next/static/chunks/node_modules_next_dist_client_0r5nbpw._.js:8051:21)
    at async fetchMissingDynamicData (http://localhost:3000/_next/static/chunks/node_modules_next_dist_client_0r5nbpw._.js:9464:24) @ http://localhost:3000/_next/static/chunks/node_modules_next_dist_1ybzpk2._.js:3318
[15204873ms] [ERROR] Failed to load resource: net::ERR_NETWORK_CHANGED @ http://localhost:3000/en/login?reason=idle&_rsc=vC3-Au21QXuX1vqq:0
[15204873ms] [ERROR] Failed to fetch RSC payload for http://localhost:3000/en/login?reason=idle. Falling back to browser navigation. TypeError: Failed to fetch
    at createFetch (http://localhost:3000/_next/static/chunks/node_modules_next_dist_client_0r5nbpw._.js:8207:21)
    at async fetchServerResponse (http://localhost:3000/_next/static/chunks/node_modules_next_dist_client_0r5nbpw._.js:8051:21)
    at async fetchMissingDynamicData (http://localhost:3000/_next/static/chunks/node_modules_next_dist_client_0r5nbpw._.js:9464:24) @ http://localhost:3000/_next/static/chunks/node_modules_next_dist_1ybzpk2._.js:3318
[15204874ms] [ERROR] Failed to load resource: net::ERR_NETWORK_CHANGED @ http://localhost:3000/en/login?reason=idle&_rsc=vC3-Au21QXuX1vqq:0
[15204874ms] [ERROR] Failed to fetch RSC payload for http://localhost:3000/en/login?reason=idle. Falling back to browser navigation. TypeError: Failed to fetch
    at createFetch (http://localhost:3000/_next/static/chunks/node_modules_next_dist_client_0r5nbpw._.js:8207:21)
    at async fetchServerResponse (http://localhost:3000/_next/static/chunks/node_modules_next_dist_client_0r5nbpw._.js:8051:21)
    at async fetchMissingDynamicData (http://localhost:3000/_next/static/chunks/node_modules_next_dist_client_0r5nbpw._.js:9464:24) @ http://localhost:3000/_next/static/chunks/node_modules_next_dist_1ybzpk2._.js:3318
[15204876ms] [ERROR] Failed to load resource: net::ERR_NETWORK_CHANGED @ http://localhost:3000/en/login?reason=idle&_rsc=vC3-Au21QXuX1vqq:0
[15204876ms] [ERROR] Failed to fetch RSC payload for http://localhost:3000/en/login?reason=idle. Falling back to browser navigation. TypeError: Failed to fetch
    at createFetch (http://localhost:3000/_next/static/chunks/node_modules_next_dist_client_0r5nbpw._.js:8207:21)
    at async fetchServerResponse (http://localhost:3000/_next/static/chunks/node_modules_next_dist_client_0r5nbpw._.js:8051:21)
    at async fetchMissingDynamicData (http://localhost:3000/_next/static/chunks/node_modules_next_dist_client_0r5nbpw._.js:9464:24) @ http://localhost:3000/_next/static/chunks/node_modules_next_dist_1ybzpk2._.js:3318
[15204878ms] [ERROR] Failed to load resource: net::ERR_NETWORK_CHANGED @ http://localhost:3000/en/login?reason=idle&_rsc=vC3-Au21QXuX1vqq:0
[15204878ms] [ERROR] Failed to fetch RSC payload for http://localhost:3000/en/login?reason=idle. Falling back to browser navigation. TypeError: Failed to fetch
    at createFetch (http://localhost:3000/_next/static/chunks/node_modules_next_dist_client_0r5nbpw._.js:8207:21)
    at async fetchServerResponse (http://localhost:3000/_next/static/chunks/node_modules_next_dist_client_0r5nbpw._.js:8051:21)
    at async fetchMissingDynamicData (http://localhost:3000/_next/static/chunks/node_modules_next_dist_client_0r5nbpw._.js:9464:24) @ http://localhost:3000/_next/static/chunks/node_modules_next_dist_1ybzpk2._.js:3318
[15204905ms] [ERROR] Failed to load resource: net::ERR_NETWORK_CHANGED @ http://localhost:3000/en/login?reason=idle&_rsc=vC3-Au21QXuX1vqq:0
[15204906ms] [ERROR] Failed to fetch RSC payload for http://localhost:3000/en/login?reason=idle. Falling back to browser navigation. TypeError: Failed to fetch
    at createFetch (http://localhost:3000/_next/static/chunks/node_modules_next_dist_client_0r5nbpw._.js:8207:21)
    at async fetchServerResponse (http://localhost:3000/_next/static/chunks/node_modules_next_dist_client_0r5nbpw._.js:8051:21)
    at async fetchMissingDynamicData (http://localhost:3000/_next/static/chunks/node_modules_next_dist_client_0r5nbpw._.js:9464:24) @ http://localhost:3000/_next/static/chunks/node_modules_next_dist_1ybzpk2._.js:3318
[15204906ms] [ERROR] Failed to load resource: net::ERR_NETWORK_CHANGED @ http://localhost:3000/en/login?reason=idle&_rsc=vC3-Au21QXuX1vqq:0
[15204907ms] [ERROR] Failed to fetch RSC payload for http://localhost:3000/en/login?reason=idle. Falling back to browser navigation. TypeError: Failed to fetch
    at createFetch (http://localhost:3000/_next/static/chunks/node_modules_next_dist_client_0r5nbpw._.js:8207:21)
    at async fetchServerResponse (http://localhost:3000/_next/static/chunks/node_modules_next_dist_client_0r5nbpw._.js:8051:21)
    at async fetchMissingDynamicData (http://localhost:3000/_next/static/chunks/node_modules_next_dist_client_0r5nbpw._.js:9464:24) @ http://localhost:3000/_next/static/chunks/node_modules_next_dist_1ybzpk2._.js:3318
[15204907ms] [ERROR] Failed to load resource: net::ERR_NETWORK_CHANGED @ http://localhost:3000/en/login?reason=idle&_rsc=vC3-Au21QXuX1vqq:0
[15204907ms] [ERROR] Failed to fetch RSC payload for http://localhost:3000/en/login?reason=idle. Falling back to browser navigation. TypeError: Failed to fetch
    at createFetch (http://localhost:3000/_next/static/chunks/node_modules_next_dist_client_0r5nbpw._.js:8207:21)
    at async fetchServerResponse (http://localhost:3000/_next/static/chunks/node_modules_next_dist_client_0r5nbpw._.js:8051:21)
    at async fetchMissingDynamicData (http://localhost:3000/_next/static/chunks/node_modules_next_dist_client_0r5nbpw._.js:9464:24) @ http://localhost:3000/_next/static/chunks/node_modules_next_dist_1ybzpk2._.js:3318
[15204908ms] [ERROR] Failed to load resource: net::ERR_NETWORK_CHANGED @ http://localhost:3000/en/login?reason=idle&_rsc=vC3-Au21QXuX1vqq:0
[15204908ms] [ERROR] Failed to fetch RSC payload for http://localhost:3000/en/login?reason=idle. Falling back to browser navigation. TypeError: Failed to fetch
    at createFetch (http://localhost:3000/_next/static/chunks/node_modules_next_dist_client_0r5nbpw._.js:8207:21)
    at async fetchServerResponse (http://localhost:3000/_next/static/chunks/node_modules_next_dist_client_0r5nbpw._.js:8051:21)
    at async fetchMissingDynamicData (http://localhost:3000/_next/static/chunks/node_modules_next_dist_client_0r5nbpw._.js:9464:24) @ http://localhost:3000/_next/static/chunks/node_modules_next_dist_1ybzpk2._.js:3318
[15204909ms] [ERROR] Failed to load resource: net::ERR_NETWORK_CHANGED @ http://localhost:3000/en/login?reason=idle&_rsc=vC3-Au21QXuX1vqq:0
[15204909ms] [ERROR] Failed to fetch RSC payload for http://localhost:3000/en/login?reason=idle. Falling back to browser navigation. TypeError: Failed to fetch
    at createFetch (http://localhost:3000/_next/static/chunks/node_modules_next_dist_client_0r5nbpw._.js:8207:21)
    at async fetchServerResponse (http://localhost:3000/_next/static/chunks/node_modules_next_dist_client_0r5nbpw._.js:8051:21)
    at async fetchMissingDynamicData (http://localhost:3000/_next/static/chunks/node_modules_next_dist_client_0r5nbpw._.js:9464:24) @ http://localhost:3000/_next/static/chunks/node_modules_next_dist_1ybzpk2._.js:3318
[15204910ms] [ERROR] Failed to load resource: net::ERR_NETWORK_CHANGED @ http://localhost:3000/en/login?reason=idle&_rsc=vC3-Au21QXuX1vqq:0
[15204910ms] [ERROR] Failed to fetch RSC payload for http://localhost:3000/en/login?reason=idle. Falling back to browser navigation. TypeError: Failed to fetch
    at createFetch (http://localhost:3000/_next/static/chunks/node_modules_next_dist_client_0r5nbpw._.js:8207:21)
    at async fetchServerResponse (http://localhost:3000/_next/static/chunks/node_modules_next_dist_client_0r5nbpw._.js:8051:21)
    at async fetchMissingDynamicData (http://localhost:3000/_next/static/chunks/node_modules_next_dist_client_0r5nbpw._.js:9464:24) @ http://localhost:3000/_next/static/chunks/node_modules_next_dist_1ybzpk2._.js:3318
[15204911ms] [ERROR] Failed to load resource: net::ERR_NETWORK_CHANGED @ http://localhost:3000/en/login?reason=idle&_rsc=vC3-Au21QXuX1vqq:0
[15204911ms] [ERROR] Failed to fetch RSC payload for http://localhost:3000/en/login?reason=idle. Falling back to browser navigation. TypeError: Failed to fetch
    at createFetch (http://localhost:3000/_next/static/chunks/node_modules_next_dist_client_0r5nbpw._.js:8207:21)
    at async fetchServerResponse (http://localhost:3000/_next/static/chunks/node_modules_next_dist_client_0r5nbpw._.js:8051:21)
    at async fetchMissingDynamicData (http://localhost:3000/_next/static/chunks/node_modules_next_dist_client_0r5nbpw._.js:9464:24) @ http://localhost:3000/_next/static/chunks/node_modules_next_dist_1ybzpk2._.js:3318
[15204912ms] [ERROR] Failed to load resource: net::ERR_NETWORK_CHANGED @ http://localhost:3000/en/login?reason=idle&_rsc=vC3-Au21QXuX1vqq:0
[15204912ms] [ERROR] Failed to fetch RSC payload for http://localhost:3000/en/login?reason=idle. Falling back to browser navigation. TypeError: Failed to fetch
    at createFetch (http://localhost:3000/_next/static/chunks/node_modules_next_dist_client_0r5nbpw._.js:8207:21)
    at async fetchServerResponse (http://localhost:3000/_next/static/chunks/node_modules_next_dist_client_0r5nbpw._.js:8051:21)
    at async fetchMissingDynamicData (http://localhost:3000/_next/static/chunks/node_modules_next_dist_client_0r5nbpw._.js:9464:24) @ http://localhost:3000/_next/static/chunks/node_modules_next_dist_1ybzpk2._.js:3318
[15204914ms] [ERROR] Failed to load resource: net::ERR_NETWORK_CHANGED @ http://localhost:3000/en/login?reason=idle&_rsc=vC3-Au21QXuX1vqq:0
[15204914ms] [ERROR] Failed to fetch RSC payload for http://localhost:3000/en/login?reason=idle. Falling back to browser navigation. TypeError: Failed to fetch
    at createFetch (http://localhost:3000/_next/static/chunks/node_modules_next_dist_client_0r5nbpw._.js:8207:21)
    at async fetchServerResponse (http://localhost:3000/_next/static/chunks/node_modules_next_dist_client_0r5nbpw._.js:8051:21)
    at async fetchMissingDynamicData (http://localhost:3000/_next/static/chunks/node_modules_next_dist_client_0r5nbpw._.js:9464:24) @ http://localhost:3000/_next/static/chunks/node_modules_next_dist_1ybzpk2._.js:3318
[15204915ms] [ERROR] Failed to load resource: net::ERR_NETWORK_CHANGED @ http://localhost:3000/en/login?reason=idle&_rsc=vC3-Au21QXuX1vqq:0
[15204915ms] [ERROR] Failed to fetch RSC payload for http://localhost:3000/en/login?reason=idle. Falling back to browser navigation. TypeError: Failed to fetch
    at createFetch (http://localhost:3000/_next/static/chunks/node_modules_next_dist_client_0r5nbpw._.js:8207:21)
    at async fetchServerResponse (http://localhost:3000/_next/static/chunks/node_modules_next_dist_client_0r5nbpw._.js:8051:21)
    at async fetchMissingDynamicData (http://localhost:3000/_next/static/chunks/node_modules_next_dist_client_0r5nbpw._.js:9464:24) @ http://localhost:3000/_next/static/chunks/node_modules_next_dist_1ybzpk2._.js:3318
[15204915ms] [ERROR] Failed to load resource: net::ERR_NETWORK_CHANGED @ http://localhost:3000/en/login?reason=idle&_rsc=vC3-Au21QXuX1vqq:0
[15204915ms] [ERROR] Failed to fetch RSC payload for http://localhost:3000/en/login?reason=idle. Falling back to browser navigation. TypeError: Failed to fetch
    at createFetch (http://localhost:3000/_next/static/chunks/node_modules_next_dist_client_0r5nbpw._.js:8207:21)
    at async fetchServerResponse (http://localhost:3000/_next/static/chunks/node_modules_next_dist_client_0r5nbpw._.js:8051:21)
    at async fetchMissingDynamicData (http://localhost:3000/_next/static/chunks/node_modules_next_dist_client_0r5nbpw._.js:9464:24) @ http://localhost:3000/_next/static/chunks/node_modules_next_dist_1ybzpk2._.js:3318
[15204916ms] [ERROR] Failed to load resource: net::ERR_NETWORK_CHANGED @ http://localhost:3000/en/login?reason=idle&_rsc=vC3-Au21QXuX1vqq:0
[15204917ms] [ERROR] Failed to fetch RSC payload for http://localhost:3000/en/login?reason=idle. Falling back to browser navigation. TypeError: Failed to fetch
    at createFetch (http://localhost:3000/_next/static/chunks/node_modules_next_dist_client_0r5nbpw._.js:8207:21)
    at async fetchServerResponse (http://localhost:3000/_next/static/chunks/node_modules_next_dist_client_0r5nbpw._.js:8051:21)
    at async fetchMissingDynamicData (http://localhost:3000/_next/static/chunks/node_modules_next_dist_client_0r5nbpw._.js:9464:24) @ http://localhost:3000/_next/static/chunks/node_modules_next_dist_1ybzpk2._.js:3318
[15204918ms] [ERROR] Failed to load resource: net::ERR_NETWORK_CHANGED @ http://localhost:3000/en/login?reason=idle&_rsc=vC3-Au21QXuX1vqq:0
[15204918ms] [ERROR] Failed to fetch RSC payload for http://localhost:3000/en/login?reason=idle. Falling back to browser navigation. TypeError: Failed to fetch
    at createFetch (http://localhost:3000/_next/static/chunks/node_modules_next_dist_client_0r5nbpw._.js:8207:21)
    at async fetchServerResponse (http://localhost:3000/_next/static/chunks/node_modules_next_dist_client_0r5nbpw._.js:8051:21)
    at async fetchMissingDynamicData (http://localhost:3000/_next/static/chunks/node_modules_next_dist_client_0r5nbpw._.js:9464:24) @ http://localhost:3000/_next/static/chunks/node_modules_next_dist_1ybzpk2._.js:3318
[15204920ms] [ERROR] Failed to load resource: net::ERR_NETWORK_CHANGED @ http://localhost:3000/en/login?reason=idle&_rsc=vC3-Au21QXuX1vqq:0
[15204920ms] [ERROR] Failed to fetch RSC payload for http://localhost:3000/en/login?reason=idle. Falling back to browser navigation. TypeError: Failed to fetch
    at createFetch (http://localhost:3000/_next/static/chunks/node_modules_next_dist_client_0r5nbpw._.js:8207:21)
    at async fetchServerResponse (http://localhost:3000/_next/static/chunks/node_modules_next_dist_client_0r5nbpw._.js:8051:21)
    at async fetchMissingDynamicData (http://localhost:3000/_next/static/chunks/node_modules_next_dist_client_0r5nbpw._.js:9464:24) @ http://localhost:3000/_next/static/chunks/node_modules_next_dist_1ybzpk2._.js:3318
[15204922ms] [ERROR] Failed to load resource: net::ERR_NETWORK_CHANGED @ http://localhost:3000/en/login?reason=idle&_rsc=vC3-Au21QXuX1vqq:0
[15204922ms] [ERROR] Failed to fetch RSC payload for http://localhost:3000/en/login?reason=idle. Falling back to browser navigation. TypeError: Failed to fetch
    at createFetch (http://localhost:3000/_next/static/chunks/node_modules_next_dist_client_0r5nbpw._.js:8207:21)
    at async fetchServerResponse (http://localhost:3000/_next/static/chunks/node_modules_next_dist_client_0r5nbpw._.js:8051:21)
    at async fetchMissingDynamicData (http://localhost:3000/_next/static/chunks/node_modules_next_dist_client_0r5nbpw._.js:9464:24) @ http://localhost:3000/_next/static/chunks/node_modules_next_dist_1ybzpk2._.js:3318
[15204924ms] [ERROR] Failed to load resource: net::ERR_NETWORK_CHANGED @ http://localhost:3000/en/login?reason=idle&_rsc=vC3-Au21QXuX1vqq:0
[15204925ms] [ERROR] Failed to fetch RSC payload for http://localhost:3000/en/login?reason=idle. Falling back to browser navigation. TypeError: Failed to fetch
    at createFetch (http://localhost:3000/_next/static/chunks/node_modules_next_dist_client_0r5nbpw._.js:8207:21)
    at async fetchServerResponse (http://localhost:3000/_next/static/chunks/node_modules_next_dist_client_0r5nbpw._.js:8051:21)
    at async fetchMissingDynamicData (http://localhost:3000/_next/static/chunks/node_modules_next_dist_client_0r5nbpw._.js:9464:24) @ http://localhost:3000/_next/static/chunks/node_modules_next_dist_1ybzpk2._.js:3318
[15204926ms] [ERROR] Failed to load resource: net::ERR_NETWORK_CHANGED @ http://localhost:3000/en/login?reason=idle&_rsc=vC3-Au21QXuX1vqq:0
[15204926ms] [ERROR] Failed to fetch RSC payload for http://localhost:3000/en/login?reason=idle. Falling back to browser navigation. TypeError: Failed to fetch
    at createFetch (http://localhost:3000/_next/static/chunks/node_modules_next_dist_client_0r5nbpw._.js:8207:21)
    at async fetchServerResponse (http://localhost:3000/_next/static/chunks/node_modules_next_dist_client_0r5nbpw._.js:8051:21)
    at async fetchMissingDynamicData (http://localhost:3000/_next/static/chunks/node_modules_next_dist_client_0r5nbpw._.js:9464:24) @ http://localhost:3000/_next/static/chunks/node_modules_next_dist_1ybzpk2._.js:3318
[15204928ms] [ERROR] Failed to load resource: net::ERR_NETWORK_CHANGED @ http://localhost:3000/en/login?reason=idle&_rsc=vC3-Au21QXuX1vqq:0
[15204928ms] [ERROR] Failed to fetch RSC payload for http://localhost:3000/en/login?reason=idle. Falling back to browser navigation. TypeError: Failed to fetch
    at createFetch (http://localhost:3000/_next/static/chunks/node_modules_next_dist_client_0r5nbpw._.js:8207:21)
    at async fetchServerResponse (http://localhost:3000/_next/static/chunks/node_modules_next_dist_client_0r5nbpw._.js:8051:21)
    at async fetchMissingDynamicData (http://localhost:3000/_next/static/chunks/node_modules_next_dist_client_0r5nbpw._.js:9464:24) @ http://localhost:3000/_next/static/chunks/node_modules_next_dist_1ybzpk2._.js:3318
[15204929ms] [ERROR] Failed to load resource: net::ERR_NETWORK_CHANGED @ http://localhost:3000/en/login?reason=idle&_rsc=vC3-Au21QXuX1vqq:0
[15204929ms] [ERROR] Failed to fetch RSC payload for http://localhost:3000/en/login?reason=idle. Falling back to browser navigation. TypeError: Failed to fetch
    at createFetch (http://localhost:3000/_next/static/chunks/node_modules_next_dist_client_0r5nbpw._.js:8207:21)
    at async fetchServerResponse (http://localhost:3000/_next/static/chunks/node_modules_next_dist_client_0r5nbpw._.js:8051:21)
    at async fetchMissingDynamicData (http://localhost:3000/_next/static/chunks/node_modules_next_dist_client_0r5nbpw._.js:9464:24) @ http://localhost:3000/_next/static/chunks/node_modules_next_dist_1ybzpk2._.js:3318
[15268443ms] [LOG] [Fast Refresh] done in 1031005ms @ http://localhost:3000/_next/static/chunks/node_modules_next_dist_1ybzpk2._.js:2477
[15269324ms] [LOG] [Fast Refresh] rebuilding @ http://localhost:3000/_next/static/chunks/node_modules_next_dist_1ybzpk2._.js:2477
[15269684ms] [LOG] [Fast Refresh] done in 466ms @ http://localhost:3000/_next/static/chunks/node_modules_next_dist_1ybzpk2._.js:2477
[15270023ms] [LOG] [Fast Refresh] rebuilding @ http://localhost:3000/_next/static/chunks/node_modules_next_dist_1ybzpk2._.js:2477
[15270621ms] [LOG] [Fast Refresh] done in 703ms @ http://localhost:3000/_next/static/chunks/node_modules_next_dist_1ybzpk2._.js:2477
[15270726ms] [LOG] [Fast Refresh] rebuilding @ http://localhost:3000/_next/static/chunks/node_modules_next_dist_1ybzpk2._.js:2477
[15270749ms] [LOG] [Fast Refresh] done in 128ms @ http://localhost:3000/_next/static/chunks/node_modules_next_dist_1ybzpk2._.js:2477
[15270959ms] [LOG] [Fast Refresh] rebuilding @ http://localhost:3000/_next/static/chunks/node_modules_next_dist_1ybzpk2._.js:2477
[15272407ms] [LOG] [Fast Refresh] done in 1560ms @ http://localhost:3000/_next/static/chunks/node_modules_next_dist_1ybzpk2._.js:2477
[15273234ms] [LOG] [Fast Refresh] rebuilding @ http://localhost:3000/_next/static/chunks/node_modules_next_dist_1ybzpk2._.js:2477
[15273553ms] [LOG] [Fast Refresh] done in 429ms @ http://localhost:3000/_next/static/chunks/node_modules_next_dist_1ybzpk2._.js:2477
[15274411ms] [INFO] %cDownload the React DevTools for a better development experience: https://react.dev/link/react-devtools font-weight:bold @ http://localhost:3000/_next/static/chunks/node_modules_next_dist_1ybzpk2._.js:2477
[15274496ms] [LOG] [HMR] connected @ http://localhost:3000/_next/static/chunks/node_modules_next_dist_1ybzpk2._.js:2477
[15274700ms] [LOG] [Fast Refresh] rebuilding @ http://localhost:3000/_next/static/chunks/node_modules_next_dist_1ybzpk2._.js:2477
[15275083ms] [LOG] [Fast Refresh] done in 483ms @ http://localhost:3000/_next/static/chunks/node_modules_next_dist_1ybzpk2._.js:2477
[15281188ms] [LOG] [Fast Refresh] rebuilding @ http://localhost:3000/_next/static/chunks/node_modules_next_dist_1ybzpk2._.js:2477
[15282211ms] [LOG] [Fast Refresh] done in 1130ms @ http://localhost:3000/_next/static/chunks/node_modules_next_dist_1ybzpk2._.js:2477
[15283632ms] [LOG] [Fast Refresh] rebuilding @ http://localhost:3000/_next/static/chunks/node_modules_next_dist_1ybzpk2._.js:2477
[15284630ms] [LOG] [Fast Refresh] done in 1100ms @ http://localhost:3000/_next/static/chunks/node_modules_next_dist_1ybzpk2._.js:2477
[15284773ms] [LOG] [Fast Refresh] rebuilding @ http://localhost:3000/_next/static/chunks/node_modules_next_dist_1ybzpk2._.js:2477
[15285242ms] [LOG] [Fast Refresh] done in 571ms @ http://localhost:3000/_next/static/chunks/node_modules_next_dist_1ybzpk2._.js:2477
[15285402ms] [LOG] [Fast Refresh] rebuilding @ http://localhost:3000/_next/static/chunks/node_modules_next_dist_1ybzpk2._.js:2477
[15285884ms] [LOG] [Fast Refresh] done in 583ms @ http://localhost:3000/_next/static/chunks/node_modules_next_dist_1ybzpk2._.js:2477
[15286389ms] [LOG] [Fast Refresh] rebuilding @ http://localhost:3000/_next/static/chunks/node_modules_next_dist_1ybzpk2._.js:2477
[15286850ms] [LOG] [Fast Refresh] done in 563ms @ http://localhost:3000/_next/static/chunks/node_modules_next_dist_1ybzpk2._.js:2477
[15287983ms] [LOG] [Fast Refresh] rebuilding @ http://localhost:3000/_next/static/chunks/node_modules_next_dist_1ybzpk2._.js:2477
[15288318ms] [LOG] [Fast Refresh] done in 447ms @ http://localhost:3000/_next/static/chunks/node_modules_next_dist_1ybzpk2._.js:2477
[15296162ms] [LOG] [Fast Refresh] rebuilding @ http://localhost:3000/_next/static/chunks/node_modules_next_dist_1ybzpk2._.js:2477
[15296191ms] [LOG] [Fast Refresh] done in 131ms @ http://localhost:3000/_next/static/chunks/node_modules_next_dist_1ybzpk2._.js:2477
[16049909ms] [LOG] [Fast Refresh] rebuilding @ http://localhost:3000/_next/static/chunks/node_modules_next_dist_1ybzpk2._.js:2477
[16050239ms] [LOG] [Fast Refresh] done in 434ms @ http://localhost:3000/_next/static/chunks/node_modules_next_dist_1ybzpk2._.js:2477
[16113645ms] [LOG] [Fast Refresh] rebuilding @ http://localhost:3000/_next/static/chunks/node_modules_next_dist_1ybzpk2._.js:2477
[16120752ms] [LOG] [Fast Refresh] done in 7210ms @ http://localhost:3000/_next/static/chunks/node_modules_next_dist_1ybzpk2._.js:2477
[16121082ms] [LOG] [Fast Refresh] rebuilding @ http://localhost:3000/_next/static/chunks/node_modules_next_dist_1ybzpk2._.js:2477
[16121737ms] [LOG] [Fast Refresh] done in 765ms @ http://localhost:3000/_next/static/chunks/node_modules_next_dist_1ybzpk2._.js:2477
[16122168ms] [LOG] [Fast Refresh] rebuilding @ http://localhost:3000/_next/static/chunks/node_modules_next_dist_1ybzpk2._.js:2477
[16122179ms] [LOG] [Fast Refresh] done in 114ms @ http://localhost:3000/_next/static/chunks/node_modules_next_dist_1ybzpk2._.js:2477
[16122835ms] [LOG] [Fast Refresh] rebuilding @ http://localhost:3000/_next/static/chunks/node_modules_next_dist_1ybzpk2._.js:2477
[16122907ms] [LOG] [Fast Refresh] done in 183ms @ http://localhost:3000/_next/static/chunks/node_modules_next_dist_1ybzpk2._.js:2477
[16123020ms] [LOG] [Fast Refresh] rebuilding @ http://localhost:3000/_next/static/chunks/node_modules_next_dist_1ybzpk2._.js:2477
[16123201ms] [LOG] [Fast Refresh] done in 293ms @ http://localhost:3000/_next/static/chunks/node_modules_next_dist_1ybzpk2._.js:2477
[16191285ms] [LOG] [Fast Refresh] rebuilding @ http://localhost:3000/_next/static/chunks/node_modules_next_dist_1ybzpk2._.js:2477
[16198398ms] [LOG] [Fast Refresh] done in 7215ms @ http://localhost:3000/_next/static/chunks/node_modules_next_dist_1ybzpk2._.js:2477
[16198645ms] [LOG] [Fast Refresh] rebuilding @ http://localhost:3000/_next/static/chunks/node_modules_next_dist_1ybzpk2._.js:2477
[16199470ms] [LOG] [Fast Refresh] done in 930ms @ http://localhost:3000/_next/static/chunks/node_modules_next_dist_1ybzpk2._.js:2477
[16199586ms] [LOG] [Fast Refresh] rebuilding @ http://localhost:3000/_next/static/chunks/node_modules_next_dist_1ybzpk2._.js:2477
[16199684ms] [LOG] [Fast Refresh] done in 213ms @ http://localhost:3000/_next/static/chunks/node_modules_next_dist_1ybzpk2._.js:2477
[16200230ms] [LOG] [Fast Refresh] rebuilding @ http://localhost:3000/_next/static/chunks/node_modules_next_dist_1ybzpk2._.js:2477
[16200335ms] [LOG] [Fast Refresh] done in 211ms @ http://localhost:3000/_next/static/chunks/node_modules_next_dist_1ybzpk2._.js:2477
[16201327ms] [LOG] [Fast Refresh] rebuilding @ http://localhost:3000/_next/static/chunks/node_modules_next_dist_1ybzpk2._.js:2477
[16201412ms] [LOG] [Fast Refresh] done in 187ms @ http://localhost:3000/_next/static/chunks/node_modules_next_dist_1ybzpk2._.js:2477
[16201518ms] [LOG] [Fast Refresh] rebuilding @ http://localhost:3000/_next/static/chunks/node_modules_next_dist_1ybzpk2._.js:2477
[16201773ms] [LOG] [Fast Refresh] done in 358ms @ http://localhost:3000/_next/static/chunks/node_modules_next_dist_1ybzpk2._.js:2477
[16302025ms] [LOG] [Fast Refresh] rebuilding @ http://localhost:3000/_next/static/chunks/node_modules_next_dist_1ybzpk2._.js:2477
[16322854ms] [LOG] [Fast Refresh] done in 20940ms @ http://localhost:3000/_next/static/chunks/node_modules_next_dist_1ybzpk2._.js:2477
[16323083ms] [LOG] [Fast Refresh] rebuilding @ http://localhost:3000/_next/static/chunks/node_modules_next_dist_1ybzpk2._.js:2477
[16323199ms] [LOG] [Fast Refresh] done in 224ms @ http://localhost:3000/_next/static/chunks/node_modules_next_dist_1ybzpk2._.js:2477
[16323313ms] [LOG] [Fast Refresh] rebuilding @ http://localhost:3000/_next/static/chunks/node_modules_next_dist_1ybzpk2._.js:2477
[16323789ms] [LOG] [Fast Refresh] done in 581ms @ http://localhost:3000/_next/static/chunks/node_modules_next_dist_1ybzpk2._.js:2477
[16324287ms] [LOG] [Fast Refresh] rebuilding @ http://localhost:3000/_next/static/chunks/node_modules_next_dist_1ybzpk2._.js:2477
[16324337ms] [LOG] [Fast Refresh] done in 152ms @ http://localhost:3000/_next/static/chunks/node_modules_next_dist_1ybzpk2._.js:2477
[16324866ms] [LOG] [Fast Refresh] rebuilding @ http://localhost:3000/_next/static/chunks/node_modules_next_dist_1ybzpk2._.js:2477
[16325371ms] [LOG] [Fast Refresh] done in 611ms @ http://localhost:3000/_next/static/chunks/node_modules_next_dist_1ybzpk2._.js:2477
[16325906ms] [LOG] [Fast Refresh] rebuilding @ http://localhost:3000/_next/static/chunks/node_modules_next_dist_1ybzpk2._.js:2477
[16325922ms] [LOG] [Fast Refresh] done in 123ms @ http://localhost:3000/_next/static/chunks/node_modules_next_dist_1ybzpk2._.js:2477
[16326357ms] [LOG] [Fast Refresh] rebuilding @ http://localhost:3000/_next/static/chunks/node_modules_next_dist_1ybzpk2._.js:2477
[16326425ms] [LOG] [Fast Refresh] done in 173ms @ http://localhost:3000/_next/static/chunks/node_modules_next_dist_1ybzpk2._.js:2477
[16326885ms] [LOG] [Fast Refresh] rebuilding @ http://localhost:3000/_next/static/chunks/node_modules_next_dist_1ybzpk2._.js:2477
[16327141ms] [LOG] [Fast Refresh] done in 363ms @ http://localhost:3000/_next/static/chunks/node_modules_next_dist_1ybzpk2._.js:2477
[16327695ms] [LOG] [Fast Refresh] rebuilding @ http://localhost:3000/_next/static/chunks/node_modules_next_dist_1ybzpk2._.js:2477
[16327764ms] [LOG] [Fast Refresh] done in 173ms @ http://localhost:3000/_next/static/chunks/node_modules_next_dist_1ybzpk2._.js:2477
[16336906ms] [LOG] [Fast Refresh] rebuilding @ http://localhost:3000/_next/static/chunks/node_modules_next_dist_1ybzpk2._.js:2477
[16336958ms] [LOG] [Fast Refresh] done in 166ms @ http://localhost:3000/_next/static/chunks/node_modules_next_dist_1ybzpk2._.js:2477
[16371677ms] [LOG] [Fast Refresh] rebuilding @ http://localhost:3000/_next/static/chunks/node_modules_next_dist_1ybzpk2._.js:2477
[16378723ms] [LOG] [Fast Refresh] done in 7142ms @ http://localhost:3000/_next/static/chunks/node_modules_next_dist_1ybzpk2._.js:2477
[16380032ms] [LOG] [Fast Refresh] rebuilding @ http://localhost:3000/_next/static/chunks/node_modules_next_dist_1ybzpk2._.js:2477
[16380126ms] [LOG] [Fast Refresh] done in 197ms @ http://localhost:3000/_next/static/chunks/node_modules_next_dist_1ybzpk2._.js:2477
[16380227ms] [LOG] [Fast Refresh] rebuilding @ http://localhost:3000/_next/static/chunks/node_modules_next_dist_1ybzpk2._.js:2477
[16380911ms] [LOG] [Fast Refresh] done in 785ms @ http://localhost:3000/_next/static/chunks/node_modules_next_dist_1ybzpk2._.js:2477
[16381327ms] [LOG] [Fast Refresh] rebuilding @ http://localhost:3000/_next/static/chunks/node_modules_next_dist_1ybzpk2._.js:2477
[16381582ms] [LOG] [Fast Refresh] done in 355ms @ http://localhost:3000/_next/static/chunks/node_modules_next_dist_1ybzpk2._.js:2477
[16381685ms] [LOG] [Fast Refresh] rebuilding @ http://localhost:3000/_next/static/chunks/node_modules_next_dist_1ybzpk2._.js:2477
[16381805ms] [LOG] [Fast Refresh] done in 223ms @ http://localhost:3000/_next/static/chunks/node_modules_next_dist_1ybzpk2._.js:2477
[16384121ms] [LOG] [Fast Refresh] rebuilding @ http://localhost:3000/_next/static/chunks/node_modules_next_dist_1ybzpk2._.js:2477
[16384350ms] [LOG] [Fast Refresh] done in 334ms @ http://localhost:3000/_next/static/chunks/node_modules_next_dist_1ybzpk2._.js:2477
[16724534ms] [LOG] [Fast Refresh] rebuilding @ http://localhost:3000/_next/static/chunks/node_modules_next_dist_1ybzpk2._.js:2477
[16724604ms] [LOG] [Fast Refresh] done in 170ms @ http://localhost:3000/_next/static/chunks/node_modules_next_dist_1ybzpk2._.js:2477
[16741788ms] [LOG] [Fast Refresh] rebuilding @ http://localhost:3000/_next/static/chunks/node_modules_next_dist_1ybzpk2._.js:2477
[16741807ms] [LOG] [Fast Refresh] done in 121ms @ http://localhost:3000/_next/static/chunks/node_modules_next_dist_1ybzpk2._.js:2477
[18938122ms] [LOG] [Fast Refresh] rebuilding @ http://localhost:3000/_next/static/chunks/node_modules_next_dist_1ybzpk2._.js:2477
[18938123ms] [LOG] [Fast Refresh] done in 110ms @ http://localhost:3000/_next/static/chunks/node_modules_next_dist_1ybzpk2._.js:2477
